id,slug,title,category_path,width_m,depth_m,height_m,vertices,triangles,material_slots,file_size_bytes,sha256,usdz,preview
MAP-0001,map-0001-stainless-french-door-four-panel-refrigerator,Stainless French-Door Four-Panel Refrigerator,appliances/major-appliances,0.91,0.76,1.78,2880,5680,3,672828,1ab9fc6cc887b6b9c1ec8d98df27533bfc5c7d4ff149cf8b155b1caf30526b13,assets/appliances/major-appliances/map-0001-stainless-french-door-four-panel-refrigerator.usdz,previews/appliances/major-appliances/map-0001-stainless-french-door-four-panel-refrigerator.jpg
MAP-0002,map-0002-white-top-freezer-two-door-refrigerator,White Top-Freezer Two-Door Refrigerator,appliances/major-appliances,0.76,0.75,1.72,2008,3952,2,334099,0fc61b043f8177e4408dd013479227e9954896e03bf9cdcdbfce85361ba856a7,assets/appliances/major-appliances/map-0002-white-top-freezer-two-door-refrigerator.usdz,previews/appliances/major-appliances/map-0002-white-top-freezer-two-door-refrigerator.jpg
MAP-0003,map-0003-mint-retro-bottom-freezer-refrigerator,Mint Retro Bottom-Freezer Refrigerator,appliances/major-appliances,0.72,0.72,1.7,1704,3368,3,758082,ea6f28e28a537b57f2feb36b5cce1d5636eed998fedab08dfca1a0cb0cff92b9,assets/appliances/major-appliances/map-0003-mint-retro-bottom-freezer-refrigerator.usdz,previews/appliances/major-appliances/map-0003-mint-retro-bottom-freezer-refrigerator.jpg
MAP-0004,map-0004-graphite-single-door-upright-freezer,Graphite Single-Door Upright Freezer,appliances/major-appliances,0.71,0.74,1.75,1600,3148,3,503605,012abc513886e59a867a4206e76491eab603ff40379ee538d1df38c59ce939fe,assets/appliances/major-appliances/map-0004-graphite-single-door-upright-freezer.usdz,previews/appliances/major-appliances/map-0004-graphite-single-door-upright-freezer.jpg
MAP-0005,map-0005-white-two-hinge-chest-freezer,White Two-Hinge Chest Freezer,appliances/major-appliances,1.25,0.72,0.88,1288,2544,3,751390,df0d6d651a1b9e6b8e2cf9181a4cc2b49dc823f890c0c2cec722d083781de387,assets/appliances/major-appliances/map-0005-white-two-hinge-chest-freezer.usdz,previews/appliances/major-appliances/map-0005-white-two-hinge-chest-freezer.jpg
MAP-0006,map-0006-stainless-five-burner-gas-range,Stainless Five-Burner Gas Range,appliances/major-appliances,0.76,0.71,0.94,7728,15356,3,787961,534a475774baeafb11a0a09abb6f850307abf612b6455d8ceceb6c2bd46803b8,assets/appliances/major-appliances/map-0006-stainless-five-burner-gas-range.usdz,previews/appliances/major-appliances/map-0006-stainless-five-burner-gas-range.jpg
MAP-0007,map-0007-black-four-zone-induction-range,Black Four-Zone Induction Range,appliances/major-appliances,0.76,0.7,0.94,3856,7680,3,555297,b4403be2d76c80153461796d80e13b78ab49977bb93d32536e9cb27afa300086,assets/appliances/major-appliances/map-0007-black-four-zone-induction-range.usdz,previews/appliances/major-appliances/map-0007-black-four-zone-induction-range.jpg
MAP-0008,map-0008-stainless-double-wall-oven,Stainless Double Wall Oven,appliances/major-appliances,0.76,0.69,1.32,1864,3680,3,629872,3b7b7f8e81d193652ff81cb0f7b9c9eb90e90750b6e52f12c52b8f78c494d6a5,assets/appliances/major-appliances/map-0008-stainless-double-wall-oven.usdz,previews/appliances/major-appliances/map-0008-stainless-double-wall-oven.jpg
MAP-0009,map-0009-white-four-coil-electric-range,White Four-Coil Electric Range,appliances/major-appliances,0.76,0.7,0.94,9608,19140,3,572239,5feae18abd3593639350d890fbcc604ca8df144277b52f051e3a43dc2a4335bc,assets/appliances/major-appliances/map-0009-white-four-coil-electric-range.usdz,previews/appliances/major-appliances/map-0009-white-four-coil-electric-range.jpg
MAP-0010,map-0010-stainless-six-burner-professional-range,Stainless Six-Burner Professional Range,appliances/major-appliances,0.91,0.75,0.95,8792,17476,3,779471,0369cb31b41c5e9d1ba9a6d0d9d5d85cc96596c02170ba122e8ef6b5189f7d1e,assets/appliances/major-appliances/map-0010-stainless-six-burner-professional-range.usdz,previews/appliances/major-appliances/map-0010-stainless-six-burner-professional-range.jpg
MAP-0011,map-0011-stainless-bar-handle-dishwasher,Stainless Bar-Handle Dishwasher,appliances/major-appliances,0.6,0.61,0.86,968,1908,2,571549,1498552289ce99dd3aea7f72d7ff86190b98bc3fce0cfd1290559b4dc4d07d32,assets/appliances/major-appliances/map-0011-stainless-bar-handle-dishwasher.usdz,previews/appliances/major-appliances/map-0011-stainless-bar-handle-dishwasher.jpg
MAP-0012,map-0012-white-front-load-washer,White Front-Load Washer,appliances/major-appliances,0.69,0.8,0.98,3288,6536,4,904981,3feceda4a4a01beb7bff7ca485d6044f1e061a231e18294596585911283188a0,assets/appliances/major-appliances/map-0012-white-front-load-washer.usdz,previews/appliances/major-appliances/map-0012-white-front-load-washer.jpg
MAP-0013,map-0013-graphite-front-load-dryer,Graphite Front-Load Dryer,appliances/major-appliances,0.69,0.8,0.98,3864,7664,3,622332,e691bdfef334d32c42c6ec94af1ed0eb4e7fd8016484ed165d66c496cdc3134c,assets/appliances/major-appliances/map-0013-graphite-front-load-dryer.usdz,previews/appliances/major-appliances/map-0013-graphite-front-load-dryer.jpg
MAP-0014,map-0014-white-glass-lid-top-load-washer,White Glass-Lid Top-Load Washer,appliances/major-appliances,0.69,0.72,1.1,2272,4500,3,399313,0fbbbd6e238b2eaa6ba00f14e4209c3c5b6b56cf181dd3add6db4212848f46b5,assets/appliances/major-appliances/map-0014-white-glass-lid-top-load-washer.usdz,previews/appliances/major-appliances/map-0014-white-glass-lid-top-load-washer.jpg
MAP-0015,map-0015-graphite-two-door-laundry-center,Graphite Two-Door Laundry Center,appliances/major-appliances,0.69,0.78,1.93,3832,7632,3,584810,3255de9a10890b7e4aecfedcec1cead8dbeb19b2ad31969125aa0e7bb7fc0751,assets/appliances/major-appliances/map-0015-graphite-two-door-laundry-center.usdz,previews/appliances/major-appliances/map-0015-graphite-two-door-laundry-center.jpg
MAP-0016,map-0016-black-six-rack-wine-cooler,Black Six-Rack Wine Cooler,appliances/major-appliances,0.6,0.61,0.86,2240,4404,3,644616,075685cdf4e8a6bc80730c5034f9343aee8a441867f2d7bd449071671cb7d348,assets/appliances/major-appliances/map-0016-black-six-rack-wine-cooler.usdz,previews/appliances/major-appliances/map-0016-black-six-rack-wine-cooler.jpg
MAP-0017,map-0017-stainless-freestanding-ice-maker,Stainless Freestanding Ice Maker,appliances/major-appliances,0.38,0.61,0.84,2344,4624,2,597737,0559452f2a3bf8f9dd799043e82e3a0a3bf66ea15bcd3df1f68a11500a89253d,assets/appliances/major-appliances/map-0017-stainless-freestanding-ice-maker.usdz,previews/appliances/major-appliances/map-0017-stainless-freestanding-ice-maker.jpg
MAP-0018,map-0018-stainless-pull-out-trash-compactor,Stainless Pull-Out Trash Compactor,appliances/major-appliances,0.38,0.61,0.86,1088,2148,2,579726,ab9834e3b8aa6530fdf4a67416cf6e0e06c030604919adea0ba44b3abee5bfe7,assets/appliances/major-appliances/map-0018-stainless-pull-out-trash-compactor.usdz,previews/appliances/major-appliances/map-0018-stainless-pull-out-trash-compactor.jpg
MAP-0019,map-0019-white-cylindrical-storage-water-heater,White Cylindrical Storage Water Heater,appliances/major-appliances,0.56,0.56,1.55,2568,5112,3,776723,85aeee96449a979f50a1118ad125590c90e8c4fe1aad35a205bb9ecc5bb4ddab,assets/appliances/major-appliances/map-0019-white-cylindrical-storage-water-heater.usdz,previews/appliances/major-appliances/map-0019-white-cylindrical-storage-water-heater.jpg
MAP-0020,map-0020-white-four-caster-portable-air-conditioner,White Four-Caster Portable Air Conditioner,appliances/major-appliances,0.48,0.42,0.78,4216,8336,3,438215,fac6d7b8357bd54d241033f64f66182d5c696c17ae38775293a8a26a2e9c3d5c,assets/appliances/major-appliances/map-0020-white-four-caster-portable-air-conditioner.usdz,previews/appliances/major-appliances/map-0020-white-four-caster-portable-air-conditioner.jpg
SAP-0001,sap-0001-black-glass-jar-countertop-blender,Black Glass-Jar Countertop Blender,appliances/small-appliances,0.22,0.19,0.46,4012,7912,3,870203,b68085bc46d5bca5d65da37bc42d4f06cd45f0c049357e3b3ad8745aa7d30b73,assets/appliances/small-appliances/sap-0001-black-glass-jar-countertop-blender.usdz,previews/appliances/small-appliances/sap-0001-black-glass-jar-countertop-blender.jpg
SAP-0002,sap-0002-white-tilt-head-stand-mixer,White Tilt-Head Stand Mixer,appliances/small-appliances,0.36,0.34,0.36,2136,4248,3,795588,cb3a16d137f7abb3be6062ea39b40b186a254d7e81eb4cf675972f5a37a61520,assets/appliances/small-appliances/sap-0002-white-tilt-head-stand-mixer.usdz,previews/appliances/small-appliances/sap-0002-white-tilt-head-stand-mixer.jpg
SAP-0003,sap-0003-graphite-feed-tube-food-processor,Graphite Feed-Tube Food Processor,appliances/small-appliances,0.24,0.22,0.4,2416,4804,3,715256,5c0bdb5a3e57d71b4087523556a9a286fbb3666d7da7966a2abe24944a3a39d8,assets/appliances/small-appliances/sap-0003-graphite-feed-tube-food-processor.usdz,previews/appliances/small-appliances/sap-0003-graphite-feed-tube-food-processor.jpg
SAP-0004,sap-0004-stainless-two-beater-hand-mixer,Stainless Two-Beater Hand Mixer,appliances/small-appliances,0.19,0.09,0.15,2092,4112,2,616960,8a2522a3dc60b544f5592d2b80fc6180766574f1afaa8cd9a6c0da7ec346de5c,assets/appliances/small-appliances/sap-0004-stainless-two-beater-hand-mixer.usdz,previews/appliances/small-appliances/sap-0004-stainless-two-beater-hand-mixer.jpg
SAP-0005,sap-0005-red-detachable-shaft-immersion-blender,Red Detachable-Shaft Immersion Blender,appliances/small-appliances,0.08,0.08,0.42,2144,4252,3,679101,6421bcc4886397ce1a04b4be581a48787347873786d8bbac37f31cdb2a66030a,assets/appliances/small-appliances/sap-0005-red-detachable-shaft-immersion-blender.usdz,previews/appliances/small-appliances/sap-0005-red-detachable-shaft-immersion-blender.jpg
SAP-0006,sap-0006-black-glass-carafe-drip-coffee-maker,Black Glass-Carafe Drip Coffee Maker,appliances/small-appliances,0.24,0.24,0.37,2892,5692,3,833199,744ff3609faa24c17eab7a8451644e8ee92586752f0676d690434a764932b6c3,assets/appliances/small-appliances/sap-0006-black-glass-carafe-drip-coffee-maker.usdz,previews/appliances/small-appliances/sap-0006-black-glass-carafe-drip-coffee-maker.jpg
SAP-0007,sap-0007-stainless-two-spout-espresso-machine,Stainless Two-Spout Espresso Machine,appliances/small-appliances,0.3,0.31,0.36,2692,5292,3,840209,ac629ca1dd503355d818f3691467cce42ad810bae9f9629b31ebefec9084cb82,assets/appliances/small-appliances/sap-0007-stainless-two-spout-espresso-machine.usdz,previews/appliances/small-appliances/sap-0007-stainless-two-spout-espresso-machine.jpg
SAP-0008,sap-0008-cream-gooseneck-electric-kettle,Cream Gooseneck Electric Kettle,appliances/small-appliances,0.26,0.2,0.27,2120,4120,3,851156,421ee6625e57a7ca83c3aadae759c6e10589b68fbc65c9bbd1790905f80166fd,assets/appliances/small-appliances/sap-0008-cream-gooseneck-electric-kettle.usdz,previews/appliances/small-appliances/sap-0008-cream-gooseneck-electric-kettle.jpg
SAP-0009,sap-0009-white-reamer-bowl-citrus-juicer,White Reamer-Bowl Citrus Juicer,appliances/small-appliances,0.2,0.2,0.3,2688,5344,3,546765,9f135e2baa82826d55f81f58369d4fa49753d790d7836741dd1cfe6f1ade3df6,assets/appliances/small-appliances/sap-0009-white-reamer-bowl-citrus-juicer.usdz,previews/appliances/small-appliances/sap-0009-white-reamer-bowl-citrus-juicer.jpg
SAP-0010,sap-0010-black-compact-capsule-coffee-maker,Black Compact Capsule Coffee Maker,appliances/small-appliances,0.14,0.32,0.28,2424,4816,3,844195,0454371f8180b1a41cc6cc1ac13e8c85ae841c547ba9b7f9f8f05e01c6018b4d,assets/appliances/small-appliances/sap-0010-black-compact-capsule-coffee-maker.usdz,previews/appliances/small-appliances/sap-0010-black-compact-capsule-coffee-maker.jpg
SAP-0011,sap-0011-stainless-two-slot-toaster,Stainless Two-Slot Toaster,appliances/small-appliances,0.28,0.18,0.2,1752,3472,2,572207,871d434bdd630c5dceefba0c0bbd44e375471d12dd1ef1bf542d1d6cc1aa37ea,assets/appliances/small-appliances/sap-0011-stainless-two-slot-toaster.usdz,previews/appliances/small-appliances/sap-0011-stainless-two-slot-toaster.jpg
SAP-0012,sap-0012-black-four-slot-dual-control-toaster,Black Four-Slot Dual-Control Toaster,appliances/small-appliances,0.32,0.28,0.2,2856,5652,2,587978,f5e4e5f6be5aef7c607a500cbae38c21816a6ba8831ba6d45db1c2f8ce7b34f6,assets/appliances/small-appliances/sap-0012-black-four-slot-dual-control-toaster.usdz,previews/appliances/small-appliances/sap-0012-black-four-slot-dual-control-toaster.jpg
SAP-0013,sap-0013-stainless-dial-control-countertop-microwave,Stainless Dial-Control Countertop Microwave,appliances/small-appliances,0.48,0.4,0.29,2544,5044,3,809583,0af4775b383628c85eb97997e23d7e9a7b7377978466ad9fd5b8b78297fae7fc,assets/appliances/small-appliances/sap-0013-stainless-dial-control-countertop-microwave.usdz,previews/appliances/small-appliances/sap-0013-stainless-dial-control-countertop-microwave.jpg
SAP-0014,sap-0014-black-basket-drawer-air-fryer,Black Basket-Drawer Air Fryer,appliances/small-appliances,0.29,0.34,0.34,3008,5948,3,696861,9ce4cd6fda9d39dd617a8201a91d4d6393521fe65505ae2cfb96b08e9687215a,assets/appliances/small-appliances/sap-0014-black-basket-drawer-air-fryer.usdz,previews/appliances/small-appliances/sap-0014-black-basket-drawer-air-fryer.jpg
SAP-0015,sap-0015-white-hinged-lid-rice-cooker,White Hinged-Lid Rice Cooker,appliances/small-appliances,0.29,0.27,0.24,2380,4676,3,772066,cd9d24452f411ca419eb869257f874e705457d6ce78fb1b710ea77232a29d1b8,assets/appliances/small-appliances/sap-0015-white-hinged-lid-rice-cooker.usdz,previews/appliances/small-appliances/sap-0015-white-hinged-lid-rice-cooker.jpg
SAP-0016,sap-0016-white-water-window-steam-iron,White Water-Window Steam Iron,appliances/small-appliances,0.29,0.13,0.15,1060,2048,3,826298,9f6c59dd12adad2a7dd348f5060b92c511f6318571961e438f8acde6aa6d8dfa,assets/appliances/small-appliances/sap-0016-white-water-window-steam-iron.usdz,previews/appliances/small-appliances/sap-0016-white-water-window-steam-iron.jpg
SAP-0017,sap-0017-mint-seven-port-handheld-garment-steamer,Mint Seven-Port Handheld Garment Steamer,appliances/small-appliances,0.13,0.1,0.26,3000,5952,3,721914,8274ac60334e22aad9974ba2c873be4d5a9e21eefbceff2d229a24845843eac4,assets/appliances/small-appliances/sap-0017-mint-seven-port-handheld-garment-steamer.usdz,previews/appliances/small-appliances/sap-0017-mint-seven-port-handheld-garment-steamer.jpg
SAP-0018,sap-0018-white-five-blade-table-fan,White Five-Blade Table Fan,appliances/small-appliances,0.32,0.24,0.4,3936,7780,3,866210,d6cef70b30d96d8bfaed0780cad638cb48e6d9ad1391cd447b67ad3fc231608f,assets/appliances/small-appliances/sap-0018-white-five-blade-table-fan.usdz,previews/appliances/small-appliances/sap-0018-white-five-blade-table-fan.jpg
SAP-0019,sap-0019-blue-top-nozzle-ultrasonic-humidifier,Blue Top-Nozzle Ultrasonic Humidifier,appliances/small-appliances,0.21,0.21,0.33,2880,5720,3,507675,4f0beb921b81045f071d04c9dc838c7d1293869a42f97d5dc49c13a61c8928fb,assets/appliances/small-appliances/sap-0019-blue-top-nozzle-ultrasonic-humidifier.usdz,previews/appliances/small-appliances/sap-0019-blue-top-nozzle-ultrasonic-humidifier.jpg
SAP-0020,sap-0020-black-two-brush-robot-vacuum,Black Two-Brush Robot Vacuum,appliances/small-appliances,0.34,0.34,0.095,4208,8356,3,614147,4bcef8d1c296cf123c8fedc37c950cc38704049bf4d64f77e7c4b9f137e8f353,assets/appliances/small-appliances/sap-0020-black-two-brush-robot-vacuum.usdz,previews/appliances/small-appliances/sap-0020-black-two-brush-robot-vacuum.jpg
BAC-0001,bac-0001-aged-brass-bell-pump-soap-dispenser,Aged-Brass Bell-Pump Soap Dispenser,bathroom/accessories,0.1,0.1,0.22,2300,4520,2,535271,d745e065b4350310d3e82dcde9cc59f62ef6d9f62fec88dfec19f3130184839f,assets/bathroom/accessories/bac-0001-aged-brass-bell-pump-soap-dispenser.usdz,previews/bathroom/accessories/bac-0001-aged-brass-bell-pump-soap-dispenser.jpg
BAC-0002,bac-0002-forest-green-ceramic-four-socket-toothbrush-caddy,Forest-Green Ceramic Four-Socket Toothbrush Caddy,bathroom/accessories,0.16,0.1,0.18,4138,8244,3,639687,1f1c87a5ba2323401dd9db3ede8cbc2758feec035a2a1f2f3d6697c46ffddde5,assets/bathroom/accessories/bac-0002-forest-green-ceramic-four-socket-toothbrush-caddy.usdz,previews/bathroom/accessories/bac-0002-forest-green-ceramic-four-socket-toothbrush-caddy.jpg
BAC-0003,bac-0003-white-marble-lidded-cotton-canister,White-Marble Lidded Cotton Canister,bathroom/accessories,0.14,0.14,0.18,1930,3848,3,1014401,f0e16051e12ea65a8a085d15eb7b6a449ebde903dd720899ea1eb10f4c81f693,assets/bathroom/accessories/bac-0003-white-marble-lidded-cotton-canister.usdz,previews/bathroom/accessories/bac-0003-white-marble-lidded-cotton-canister.jpg
BAC-0004,bac-0004-smoked-glass-ten-rib-tissue-box-cover,Smoked-Glass Ten-Rib Tissue-Box Cover,bathroom/accessories,0.26,0.14,0.13,6960,13856,3,641196,e786b6599e1cbc4cd6faca96f8e9089e5536f3924e50c47d7bb0acdbd873a50e,assets/bathroom/accessories/bac-0004-smoked-glass-ten-rib-tissue-box-cover.usdz,previews/bathroom/accessories/bac-0004-smoked-glass-ten-rib-tissue-box-cover.jpg
BAC-0005,bac-0005-natural-travertine-five-slot-drainage-soap-dish,Natural-Travertine Five-Slot Drainage Soap Dish,bathroom/accessories,0.18,0.12,0.05,7184,14324,3,928210,00732e72ccf4d5dfd2da7887f24004a856603d9bca6cd8eb067296d6030f6af5,assets/bathroom/accessories/bac-0005-natural-travertine-five-slot-drainage-soap-dish.usdz,previews/bathroom/accessories/bac-0005-natural-travertine-five-slot-drainage-soap-dish.jpg
BAC-0006,bac-0006-matte-black-domed-lid-toilet-brush-holder,Matte-Black Domed-Lid Toilet-Brush Holder,bathroom/accessories,0.16,0.16,0.48,1502,2936,2,264484,a9aaf98cd26aca93c95b11e738effcbd2f7119d1aa803326e776933cbbee7137,assets/bathroom/accessories/bac-0006-matte-black-domed-lid-toilet-brush-holder.usdz,previews/bathroom/accessories/bac-0006-matte-black-domed-lid-toilet-brush-holder.jpg
BAC-0007,bac-0007-satin-brass-twin-reserve-toilet-roll-stand,Satin-Brass Twin-Reserve Toilet-Roll Stand,bathroom/accessories,0.22,0.18,0.62,1984,3944,1,489761,4ddf809513576a2894c9095a9c867115d1fa69172f2d79884d9fe52b1ee72378,assets/bathroom/accessories/bac-0007-satin-brass-twin-reserve-toilet-roll-stand.usdz,previews/bathroom/accessories/bac-0007-satin-brass-twin-reserve-toilet-roll-stand.jpg
BAC-0008,bac-0008-white-enamel-step-pedal-bathroom-bin,White-Enamel Step-Pedal Bathroom Bin,bathroom/accessories,0.28,0.24,0.36,1874,3724,3,1113098,b5cca764705550507ca44938d5e8b2d0377ad77697ae190b815858280af583e3,assets/bathroom/accessories/bac-0008-white-enamel-step-pedal-bathroom-bin.usdz,previews/bathroom/accessories/bac-0008-white-enamel-step-pedal-bathroom-bin.jpg
BAC-0009,bac-0009-graphite-twelve-tick-analog-bathroom-scale,Graphite Twelve-Tick Analog Bathroom Scale,bathroom/accessories,0.34,0.34,0.08,3530,6976,4,1099350,3615b73d4f35e2b27b4bfdedad3a125e46576b5cc662bf4e36802d4d05362317,assets/bathroom/accessories/bac-0009-graphite-twelve-tick-analog-bathroom-scale.usdz,previews/bathroom/accessories/bac-0009-graphite-twelve-tick-analog-bathroom-scale.jpg
BAC-0010,bac-0010-brushed-nickel-floor-squeegee-and-drip-stand,Brushed-Nickel Floor Squeegee-and-Drip Stand,bathroom/accessories,0.22,0.18,0.72,1634,3240,2,638302,2c358847857865977fb9843615ad3eaf2d13d9c90e260e7df51f2e42c0c3c14d,assets/bathroom/accessories/bac-0010-brushed-nickel-floor-squeegee-and-drip-stand.usdz,previews/bathroom/accessories/bac-0010-brushed-nickel-floor-squeegee-and-drip-stand.jpg
BAC-0011,bac-0011-natural-oak-three-rail-towel-ladder,Natural-Oak Three-Rail Towel Ladder,bathroom/accessories,0.48,0.24,1.1,1912,3776,2,467537,88498b6f12698be8cc0619fa86f0d36b559f521d94272ec2c72de49b76dbb4b6,assets/bathroom/accessories/bac-0011-natural-oak-three-rail-towel-ladder.usdz,previews/bathroom/accessories/bac-0011-natural-oak-three-rail-towel-ladder.jpg
BAC-0012,bac-0012-black-steel-twin-arm-towel-valet,Black-Steel Twin-Arm Towel Valet,bathroom/accessories,0.52,0.24,0.86,1608,3184,1,202458,ac136e3f1d951cc69fbb40bcd61091f2667689131de19940ad63e9a9d6da5676,assets/bathroom/accessories/bac-0012-black-steel-twin-arm-towel-valet.usdz,previews/bathroom/accessories/bac-0012-black-steel-twin-arm-towel-valet.jpg
BAC-0013,bac-0013-white-aluminum-six-bar-accordion-drying-rack,White-Aluminum Six-Bar Accordion Drying Rack,bathroom/accessories,0.64,0.3,0.9,2672,5276,3,914342,2d861efb4151078dd41b00dd7152b718f7cd38859c6f965c6619b236ffc6a4da,assets/bathroom/accessories/bac-0013-white-aluminum-six-bar-accordion-drying-rack.usdz,previews/bathroom/accessories/bac-0013-white-aluminum-six-bar-accordion-drying-rack.jpg
BAC-0014,bac-0014-satin-brass-pivot-ring-towel-stand,Satin-Brass Pivot-Ring Towel Stand,bathroom/accessories,0.3,0.2,0.54,5602,11184,1,777779,ec4dd82dcfef505eec882b251c00c7de689694dd90763ca87ec075a9a5c05d94,assets/bathroom/accessories/bac-0014-satin-brass-pivot-ring-towel-stand.usdz,previews/bathroom/accessories/bac-0014-satin-brass-pivot-ring-towel-stand.jpg
BAC-0015,bac-0015-sage-three-hook-tripod-robe-valet,Sage Three-Hook Tripod Robe Valet,bathroom/accessories,0.38,0.28004,1.18,3284,6364,2,601653,91f9eb04da3329da44019c92c4814ae9b2ba5c50f737a0eebf6213ce4ecf77db,assets/bathroom/accessories/bac-0015-sage-three-hook-tripod-robe-valet.usdz,previews/bathroom/accessories/bac-0015-sage-three-hook-tripod-robe-valet.jpg
BAC-0016,bac-0016-natural-teak-seven-slat-bath-bridge,Natural-Teak Seven-Slat Bath Bridge,bathroom/accessories,0.72,0.22,0.08,2984,5904,3,586534,4ddaa22937de6fcbaf8f9e4a7554db9c91a16b094b8b7627ec43c382f3805de1,assets/bathroom/accessories/bac-0016-natural-teak-seven-slat-bath-bridge.usdz,previews/bathroom/accessories/bac-0016-natural-teak-seven-slat-bath-bridge.jpg
BAC-0017,bac-0017-polished-chrome-two-sided-magnifying-mirror-stand,Polished-Chrome Two-Sided Magnifying-Mirror Stand,bathroom/accessories,0.28,0.18,0.46,3066,6092,3,1100320,3bf88e22f0556c2327facafb0289546e711fcbc213cdf38d24142e0293abf5c9,assets/bathroom/accessories/bac-0017-polished-chrome-two-sided-magnifying-mirror-stand.usdz,previews/bathroom/accessories/bac-0017-polished-chrome-two-sided-magnifying-mirror-stand.jpg
BAC-0018,bac-0018-black-wire-three-tier-corner-shower-caddy,Black-Wire Three-Tier Corner Shower Caddy,bathroom/accessories,0.34,0.28,1.2,7140,14140,2,405705,6dd6192b68bc1634f00eb96877cd223cf08b9a4f8e5a3fd90b4ac5499ef82e9b,assets/bathroom/accessories/bac-0018-black-wire-three-tier-corner-shower-caddy.usdz,previews/bathroom/accessories/bac-0018-black-wire-three-tier-corner-shower-caddy.jpg
BAC-0019,bac-0019-board-formed-concrete-four-well-hair-tool-organizer,Board-Formed-Concrete Four-Well Hair-Tool Organizer,bathroom/accessories,0.32,0.2,0.22,3536,7028,4,1037558,671894f28c659d6d901bcfab0094992cd48dd7c44d44b522f033af03cf53bdf0,assets/bathroom/accessories/bac-0019-board-formed-concrete-four-well-hair-tool-organizer.usdz,previews/bathroom/accessories/bac-0019-board-formed-concrete-four-well-hair-tool-organizer.jpg
BAC-0020,bac-0020-white-resin-four-bin-carousel-organizer,White-Resin Four-Bin Carousel Organizer,bathroom/accessories,0.34,0.34,0.38,7760,15476,2,691819,3accbdc3d13f28867f264343ecda5e0a473487615150e0bd69e0cbb32698a677,assets/bathroom/accessories/bac-0020-white-resin-four-bin-carousel-organizer.usdz,previews/bathroom/accessories/bac-0020-white-resin-four-bin-carousel-organizer.jpg
BFX-0001,bfx-0001-white-porcelain-close-coupled-two-piece-toilet,White-Porcelain Close-Coupled Two-Piece Toilet,bathroom/fixtures,0.42,0.72,0.78,9654,19272,3,1277008,c61043e24c954e29e3578ded4c46aa444575b22a08282aa0d0cc789cc7357f4b,assets/bathroom/fixtures/bfx-0001-white-porcelain-close-coupled-two-piece-toilet.usdz,previews/bathroom/fixtures/bfx-0001-white-porcelain-close-coupled-two-piece-toilet.jpg
BFX-0002,bfx-0002-matte-black-skirted-one-piece-toilet,Matte-Black Skirted One-Piece Toilet,bathroom/fixtures,0.4,0.7,0.74,8964,17900,3,801711,7ac1dabd9b78fe95c340e8833305f77403044a6f3946ca5de3bbd83e1184a4fe,assets/bathroom/fixtures/bfx-0002-matte-black-skirted-one-piece-toilet.usdz,previews/bathroom/fixtures/bfx-0002-matte-black-skirted-one-piece-toilet.jpg
BFX-0003,bfx-0003-ivory-high-cistern-pull-chain-toilet,Ivory High-Cistern Pull-Chain Toilet,bathroom/fixtures,0.5,0.78,1.65,10540,20976,4,1576599,a686f1f8f22b4c40e45adf6cdc0046fab1ad05198171367ba9669ceb11dcdbb1,assets/bathroom/fixtures/bfx-0003-ivory-high-cistern-pull-chain-toilet.usdz,previews/bathroom/fixtures/bfx-0003-ivory-high-cistern-pull-chain-toilet.jpg
BFX-0004,bfx-0004-sage-ceramic-twin-tap-freestanding-bidet,Sage-Ceramic Twin-Tap Freestanding Bidet,bathroom/fixtures,0.38,0.6,0.44,9782,19468,3,1202641,2f76bdec59559b4053870716eecb577ea9cebcaf4e96b9b41389a56f1011e8ae,assets/bathroom/fixtures/bfx-0004-sage-ceramic-twin-tap-freestanding-bidet.usdz,previews/bathroom/fixtures/bfx-0004-sage-ceramic-twin-tap-freestanding-bidet.jpg
BFX-0005,bfx-0005-white-ceramic-tall-module-compact-toilet,White-Ceramic Tall-Module Compact Toilet,bathroom/fixtures,0.5,0.7,1.05,9668,19300,3,1263209,6ba4c866d154f5020b5c737f55ffdb859b8cf13fa4c0564ea51170d552b75f19,assets/bathroom/fixtures/bfx-0005-white-ceramic-tall-module-compact-toilet.usdz,previews/bathroom/fixtures/bfx-0005-white-ceramic-tall-module-compact-toilet.jpg
BFX-0006,bfx-0006-white-porcelain-fluted-pedestal-basin,White-Porcelain Fluted-Pedestal Basin,bathroom/fixtures,0.56,0.46,0.86,4476,8800,3,811837,1a674b344ea109e33b7588df0a39bdd920e9574455a5902ef79c2f7f6d45399e,assets/bathroom/fixtures/bfx-0006-white-porcelain-fluted-pedestal-basin.usdz,previews/bathroom/fixtures/bfx-0006-white-porcelain-fluted-pedestal-basin.jpg
BFX-0007,bfx-0007-black-steel-twin-leg-console-sink,Black-Steel Twin-Leg Console Sink,bathroom/fixtures,0.72,0.48,0.86,3060,6016,4,887228,2761e9c2d2babc9c447564ef397000ff109b69444b8fe831c94d7d56c7c20336,assets/bathroom/fixtures/bfx-0007-black-steel-twin-leg-console-sink.usdz,previews/bathroom/fixtures/bfx-0007-black-steel-twin-leg-console-sink.jpg
BFX-0008,bfx-0008-natural-travertine-monolith-column-basin,Natural-Travertine Monolith Column Basin,bathroom/fixtures,0.46,0.42,0.86,8862,17656,3,1497812,239de19ae3334494ebcd3bf37e3e5f149cbe328e2afb0370dd78b301a5c717c7,assets/bathroom/fixtures/bfx-0008-natural-travertine-monolith-column-basin.usdz,previews/bathroom/fixtures/bfx-0008-natural-travertine-monolith-column-basin.jpg
BFX-0009,bfx-0009-natural-oak-double-basin-open-washstand,Natural-Oak Double-Basin Open Washstand,bathroom/fixtures,1.2,0.5,0.88,2816,5472,4,1488205,6d00c7ed20948e3426d6ee149da9c274f31b851148e49837a2ab43178426a5d1,assets/bathroom/fixtures/bfx-0009-natural-oak-double-basin-open-washstand.usdz,previews/bathroom/fixtures/bfx-0009-natural-oak-double-basin-open-washstand.jpg
BFX-0010,bfx-0010-hammered-copper-bowl-tripod-washstand,Hammered-Copper Bowl Tripod Washstand,bathroom/fixtures,0.58,0.48,0.86,16110,32132,4,1891170,a43373894f5dd454e7bd1732ebcaa04d01cef7c9281f554c9d24f829c347d6e7,assets/bathroom/fixtures/bfx-0010-hammered-copper-bowl-tripod-washstand.usdz,previews/bathroom/fixtures/bfx-0010-hammered-copper-bowl-tripod-washstand.jpg
BFX-0011,bfx-0011-white-cast-iron-four-clawfoot-roll-top-tub,White-Cast-Iron Four-Clawfoot Roll-Top Tub,bathroom/fixtures,1.65,0.78,0.72,10308,20516,4,1507821,ea48a50dce958ad9fb52d032c1aece1c3802aecd9277c369d6e5cff283716959,assets/bathroom/fixtures/bfx-0011-white-cast-iron-four-clawfoot-roll-top-tub.usdz,previews/bathroom/fixtures/bfx-0011-white-cast-iron-four-clawfoot-roll-top-tub.jpg
BFX-0012,bfx-0012-matte-white-oval-recessed-plinth-bathtub,Matte-White Oval Recessed-Plinth Bathtub,bathroom/fixtures,1.7,0.8,0.62,8206,16400,2,776709,c3e1f9026faebfd7d4aa14fd60f4daaf2676bcf5ebe81c56976a80ee30ea14c1,assets/bathroom/fixtures/bfx-0012-matte-white-oval-recessed-plinth-bathtub.usdz,previews/bathroom/fixtures/bfx-0012-matte-white-oval-recessed-plinth-bathtub.jpg
BFX-0013,bfx-0013-sage-double-slipper-four-foot-bathtub,Sage Double-Slipper Four-Foot Bathtub,bathroom/fixtures,1.72,0.76,0.78,8860,17644,4,1250017,7715721d27c6c124c2268b476343cc322a19161f6b207d18e7aa7a1d8e358777,assets/bathroom/fixtures/bfx-0013-sage-double-slipper-four-foot-bathtub.usdz,previews/bathroom/fixtures/bfx-0013-sage-double-slipper-four-foot-bathtub.jpg
BFX-0014,bfx-0014-natural-cedar-sixteen-stave-deep-soaking-tub,Natural-Cedar Sixteen-Stave Deep Soaking Tub,bathroom/fixtures,1.2,0.9,0.92,15322,30564,3,1686821,db9069b4110fb50601ab31331124fd66786af5b2ddbc720282e542a6919e3a51,assets/bathroom/fixtures/bfx-0014-natural-cedar-sixteen-stave-deep-soaking-tub.usdz,previews/bathroom/fixtures/bfx-0014-natural-cedar-sixteen-stave-deep-soaking-tub.jpg
BFX-0015,bfx-0015-hammered-copper-bateau-cradle-bathtub,Hammered-Copper Bateau Cradle Bathtub,bathroom/fixtures,1.7,0.78,0.75,21232,42456,4,2400450,54fc36a890d5329e35345defaea17164d755af799d3b461d0be57e23df23db7a,assets/bathroom/fixtures/bfx-0015-hammered-copper-bateau-cradle-bathtub.usdz,previews/bathroom/fixtures/bfx-0015-hammered-copper-bateau-cradle-bathtub.jpg
BFX-0016,bfx-0016-brushed-nickel-round-tray-rain-shower-tower,Brushed-Nickel Round-Tray Rain-Shower Tower,bathroom/fixtures,0.9,0.9,2.15,3116,6148,3,805757,fecf3ba2bae5fec5e07d9046a0c5feb31e1ddff22b62f7525ef6535ace51b3b7,assets/bathroom/fixtures/bfx-0016-brushed-nickel-round-tray-rain-shower-tower.usdz,previews/bathroom/fixtures/bfx-0016-brushed-nickel-round-tray-rain-shower-tower.jpg
BFX-0017,bfx-0017-black-framed-three-panel-corner-shower,Black-Framed Three-Panel Corner Shower,bathroom/fixtures,1.0,1.0,2.1,2524,4956,5,1078838,9de14c9bd2c95c9b02d8005339be68deb3194fc4ef30350ba4a33558fc3fffaa,assets/bathroom/fixtures/bfx-0017-black-framed-three-panel-corner-shower.usdz,previews/bathroom/fixtures/bfx-0017-black-framed-three-panel-corner-shower.jpg
BFX-0018,bfx-0018-white-resin-three-segment-cylindrical-shower-pod,White-Resin Three-Segment Cylindrical Shower Pod,bathroom/fixtures,1.0,1.0,2.15,4176,8304,4,1051237,61b954688f614cfc90c8bed529162757ab52edd8b96152fd476f11431dced096,assets/bathroom/fixtures/bfx-0018-white-resin-three-segment-cylindrical-shower-pod.usdz,previews/bathroom/fixtures/bfx-0018-white-resin-three-segment-cylindrical-shower-pod.jpg
BFX-0019,bfx-0019-aged-brass-twin-riser-dual-head-shower-station,Aged-Brass Twin-Riser Dual-Head Shower Station,bathroom/fixtures,1.2,0.8,2.1,3528,6908,3,871943,50cea6a4f338f7eedd9d5204945c052cdd0a24352dd60e7bb2012d6f35acd768,assets/bathroom/fixtures/bfx-0019-aged-brass-twin-riser-dual-head-shower-station.usdz,previews/bathroom/fixtures/bfx-0019-aged-brass-twin-riser-dual-head-shower-station.jpg
BFX-0020,bfx-0020-frosted-glass-two-panel-walk-in-shower-station,Frosted-Glass Two-Panel Walk-In Shower Station,bathroom/fixtures,1.4,0.9,2.0,2136,4232,5,1319680,1e98246f7dcc66e15f28b0f82b7727733e4b6ed32441f0b0cf25f0a33e38d6ed,assets/bathroom/fixtures/bfx-0020-frosted-glass-two-panel-walk-in-shower-station.usdz,previews/bathroom/fixtures/bfx-0020-frosted-glass-two-panel-walk-in-shower-station.jpg
BST-0001,bst-0001-white-shaker-double-door-linen-cabinet,White-Shaker Double-Door Linen Cabinet,bathroom/storage,0.72,0.42,1.85,2856,5584,3,429619,93547c07ae5c0502fe53e4de6225798e5a5101b2a336df86984a3bfd4f337534,assets/bathroom/storage/bst-0001-white-shaker-double-door-linen-cabinet.usdz,previews/bathroom/storage/bst-0001-white-shaker-double-door-linen-cabinet.jpg
BST-0002,bst-0002-natural-oak-tambour-tallboy,Natural-Oak Tambour Tallboy,bathroom/storage,0.62,0.4,1.75,3512,6884,2,548527,4ebe20b312855e35436d9889c65346892b3efbae5fc9eaa6bf4ae4539ff474d0,assets/bathroom/storage/bst-0002-natural-oak-tambour-tallboy.usdz,previews/bathroom/storage/bst-0002-natural-oak-tambour-tallboy.jpg
BST-0003,bst-0003-sage-fluted-door-bathroom-tower,Sage Fluted-Door Bathroom Tower,bathroom/storage,0.46,0.38,1.65,2856,5596,3,539174,b15b2e085a2e5b6733ba0f9160ef427c5fd82472fa9f74cffa3b86fea51f12da,assets/bathroom/storage/bst-0003-sage-fluted-door-bathroom-tower.usdz,previews/bathroom/storage/bst-0003-sage-fluted-door-bathroom-tower.jpg
BST-0004,bst-0004-black-steel-mesh-double-door-locker,Black-Steel Mesh Double-Door Locker,bathroom/storage,0.7,0.4,1.7,8000,15816,2,219556,048707d26f2f82f4851b744f5351bf4ca057bc150616d7f015065f3eedcea1c3,assets/bathroom/storage/bst-0004-black-steel-mesh-double-door-locker.usdz,previews/bathroom/storage/bst-0004-black-steel-mesh-double-door-locker.jpg
BST-0005,bst-0005-honey-rattan-arched-twin-door-linen-cabinet,Honey-Rattan Arched Twin-Door Linen Cabinet,bathroom/storage,0.78,0.42,1.8,13036,25708,4,1973647,a1950aa8506143d2b157f9df676a48d801461ece478c10f4d14d32487594af0a,assets/bathroom/storage/bst-0005-honey-rattan-arched-twin-door-linen-cabinet.usdz,previews/bathroom/storage/bst-0005-honey-rattan-arched-twin-door-linen-cabinet.jpg
BST-0006,bst-0006-navy-three-drawer-recessed-plinth-vanity-base,Navy Three-Drawer Recessed-Plinth Vanity Base,bathroom/storage,0.9,0.5,0.82,1376,2700,3,522275,468244649db973c387ae1e3eb255a11f410e1dc5f9e52d7875dfd7bff827cc44,assets/bathroom/storage/bst-0006-navy-three-drawer-recessed-plinth-vanity-base.usdz,previews/bathroom/storage/bst-0006-navy-three-drawer-recessed-plinth-vanity-base.jpg
BST-0007,bst-0007-walnut-twin-slat-door-vanity-base,Walnut Twin-Slat-Door Vanity Base,bathroom/storage,1.05,0.52,0.82,3128,6076,4,1382772,2bce18feb85b24a6260d43fd6a8cbbc73362334faf1a6bf49f6a488804ea1b7a,assets/bathroom/storage/bst-0007-walnut-twin-slat-door-vanity-base.usdz,previews/bathroom/storage/bst-0007-walnut-twin-slat-door-vanity-base.jpg
BST-0008,bst-0008-matte-white-bowed-four-drawer-vanity-base,Matte-White Bowed Four-Drawer Vanity Base,bathroom/storage,1.1,0.55,0.84,3024,6000,3,496966,7f0e934a5fd19bf64a9c22a831f8f318881a94292954fb032eacfaefcb51ca3d,assets/bathroom/storage/bst-0008-matte-white-bowed-four-drawer-vanity-base.usdz,previews/bathroom/storage/bst-0008-matte-white-bowed-four-drawer-vanity-base.jpg
BST-0009,bst-0009-terrazzo-top-oak-open-shelf-vanity-console,Terrazzo-Top Oak Open-Shelf Vanity Console,bathroom/storage,1.2,0.5,0.84,1880,3664,3,1126923,470e805d5eaa53bd59738c327a7e4cfea716fcba96e4049536dee5f8e89b6cf8,assets/bathroom/storage/bst-0009-terrazzo-top-oak-open-shelf-vanity-console.usdz,previews/bathroom/storage/bst-0009-terrazzo-top-oak-open-shelf-vanity-console.jpg
BST-0010,bst-0010-black-steel-sliding-door-vanity-console,Black-Steel Sliding-Door Vanity Console,bathroom/storage,1.0,0.5,0.84,856,1668,3,435445,55703433d3836b98635c4940e705f02157cc01edb3dd343089946b380ab73a9e,assets/bathroom/storage/bst-0010-black-steel-sliding-door-vanity-console.usdz,previews/bathroom/storage/bst-0010-black-steel-sliding-door-vanity-console.jpg
BST-0011,bst-0011-natural-bamboo-four-tier-ladder-shelf,Natural-Bamboo Four-Tier Ladder Shelf,bathroom/storage,0.62,0.399998,1.550001,4384,8556,1,475025,d4b9f8349291fac92dbf745656e6ae2df7a36a0a4d41849be0232a8061f41bac,assets/bathroom/storage/bst-0011-natural-bamboo-four-tier-ladder-shelf.usdz,previews/bathroom/storage/bst-0011-natural-bamboo-four-tier-ladder-shelf.jpg
BST-0012,bst-0012-white-arched-three-tier-over-fixture-etagere,White Arched Three-Tier Over-Fixture Etagere,bathroom/storage,0.72,0.3,1.75,3508,6936,1,632368,41985b98416de23947fcf10b75c92f2355cf024e9f421fedc2b53cc8514f88ed,assets/bathroom/storage/bst-0012-white-arched-three-tier-over-fixture-etagere.usdz,previews/bathroom/storage/bst-0012-white-arched-three-tier-over-fixture-etagere.jpg
BST-0013,bst-0013-aged-brass-three-tier-glass-rolling-cart,Aged-Brass Three-Tier Glass Rolling Cart,bathroom/storage,0.62,0.4,0.9,3820,7528,3,808526,4976122fa42150ec40d6ed67f4c7a174bb97b027e4c1055c023ed3e2b81b1a93,assets/bathroom/storage/bst-0013-aged-brass-three-tier-glass-rolling-cart.usdz,previews/bathroom/storage/bst-0013-aged-brass-three-tier-glass-rolling-cart.jpg
BST-0014,bst-0014-travertine-two-shelf-pedestal-rack,Travertine Two-Shelf Pedestal Rack,bathroom/storage,0.66,0.36,0.95,1424,2824,1,539770,70896c0f7830e61e62b7a52c51e15fe36f15b70338a5c3e2c8df83ed10937589,assets/bathroom/storage/bst-0014-travertine-two-shelf-pedestal-rack.usdz,previews/bathroom/storage/bst-0014-travertine-two-shelf-pedestal-rack.jpg
BST-0015,bst-0015-natural-oak-five-tier-corner-fan-shelf,Natural-Oak Five-Tier Corner Fan Shelf,bathroom/storage,0.56,0.56,1.55,1760,3476,1,536390,b348c80a43671290ec33560fa84289b192329e6e9371e627f164004ce7d6d3ba,assets/bathroom/storage/bst-0015-natural-oak-five-tier-corner-fan-shelf.usdz,previews/bathroom/storage/bst-0015-natural-oak-five-tier-corner-fan-shelf.jpg
BST-0016,bst-0016-willow-two-compartment-tilt-out-laundry-hamper,Willow Two-Compartment Tilt-Out Laundry Hamper,bathroom/storage,0.82,0.46,0.9,3536,6876,2,1060734,02e46544cd03754e3f1dd9447365caa370c6943ab7597e0dc2cef53066482bfe,assets/bathroom/storage/bst-0016-willow-two-compartment-tilt-out-laundry-hamper.usdz,previews/bathroom/storage/bst-0016-willow-two-compartment-tilt-out-laundry-hamper.jpg
BST-0017,bst-0017-white-lacquer-three-bin-laundry-sorter-cabinet,White-Lacquer Three-Bin Laundry Sorter Cabinet,bathroom/storage,1.05,0.5,0.92,1488,2916,3,708474,423afd9576dde408eae82a5754de22f44b92bff6a42318c920c95e68662fa848,assets/bathroom/storage/bst-0017-white-lacquer-three-bin-laundry-sorter-cabinet.usdz,previews/bathroom/storage/bst-0017-white-lacquer-three-bin-laundry-sorter-cabinet.jpg
BST-0018,bst-0018-teak-slat-shelf-spa-storage-bench,Teak Slat-Shelf Spa Storage Bench,bathroom/storage,0.95,0.4,0.58,2496,4840,1,488802,b0315f5641c59ec22e46d763da0e52dc38cb9aec9828025ba63b60d1ab255f59,assets/bathroom/storage/bst-0018-teak-slat-shelf-spa-storage-bench.usdz,previews/bathroom/storage/bst-0018-teak-slat-shelf-spa-storage-bench.jpg
BST-0019,bst-0019-natural-cedar-louvered-lid-laundry-chest,Natural-Cedar Louvered-Lid Laundry Chest,bathroom/storage,0.72,0.48,0.78,3920,7528,2,723120,2e99a10fa4a8521f2bfc9015522332b58f2128304a66e396b7635d613da8d3c6,assets/bathroom/storage/bst-0019-natural-cedar-louvered-lid-laundry-chest.usdz,previews/bathroom/storage/bst-0019-natural-cedar-louvered-lid-laundry-chest.jpg
BST-0020,bst-0020-frosted-acrylic-five-drawer-rolling-cart,Frosted-Acrylic Five-Drawer Rolling Cart,bathroom/storage,0.42,0.38,0.92,3872,7636,3,756924,f84c0922e3e47ead6a8ff5d3c67436d0e3213f27ac5144c3cab7cc643950c0a4,assets/bathroom/storage/bst-0020-frosted-acrylic-five-drawer-rolling-cart.usdz,previews/bathroom/storage/bst-0020-frosted-acrylic-five-drawer-rolling-cart.jpg
CRB-0001,crb-0001-shaker-maple-spindle-crib,Shaker Maple Spindle Crib,bedroom/cribs,1.45,0.78,1.08,9184,18124,2,775994,3a9ca596e4eb271bc923d75fadf830107107fa047bd7f32d9e68a02a8b74a445,assets/bedroom/cribs/crb-0001-shaker-maple-spindle-crib.usdz,previews/bedroom/cribs/crb-0001-shaker-maple-spindle-crib.jpg
CRB-0002,crb-0002-scandinavian-birch-oval-crib,Scandinavian Birch Oval Crib,bedroom/cribs,1.42,0.82,1.0,16096,32044,2,1388267,e38083d75be66fa58656845397e30c010636f2a794d86560e60d13176872c3d2,assets/bedroom/cribs/crb-0002-scandinavian-birch-oval-crib.usdz,previews/bedroom/cribs/crb-0002-scandinavian-birch-oval-crib.jpg
CRB-0003,crb-0003-arts-and-crafts-oak-panel-end-crib,Arts-and-Crafts Oak Panel-End Crib,bedroom/cribs,1.48,0.82,1.12,4640,9084,2,829624,693b1caef979855e83fb2e45f7e658ef9e100e73d5343809e7d796b962bcc8e3,assets/bedroom/cribs/crb-0003-arts-and-crafts-oak-panel-end-crib.usdz,previews/bedroom/cribs/crb-0003-arts-and-crafts-oak-panel-end-crib.jpg
CRB-0004,crb-0004-french-provincial-limed-oak-medallion-crib,French Provincial Limed-Oak Medallion Crib,bedroom/cribs,1.5,0.84,1.18,27016,53540,2,2168931,ee14a2fd701bb1fa45ee77f2d1b329c227dfb7ffe8f789a04c2f9cdce9b9fc8f,assets/bedroom/cribs/crb-0004-french-provincial-limed-oak-medallion-crib.usdz,previews/bedroom/cribs/crb-0004-french-provincial-limed-oak-medallion-crib.jpg
CRB-0005,crb-0005-walnut-windsor-bow-end-crib,Walnut Windsor Bow-End Crib,bedroom/cribs,1.47,0.8,1.08,10088,19820,2,969006,ca6602e193903c797609cf5f052e05afd777db3d1175ef22491b10fb7b4ac4bf,assets/bedroom/cribs/crb-0005-walnut-windsor-bow-end-crib.usdz,previews/bedroom/cribs/crb-0005-walnut-windsor-bow-end-crib.jpg
CRB-0006,crb-0006-white-oak-three-in-one-convertible-crib,White-Oak Three-in-One Convertible Crib,bedroom/cribs,1.46,0.79,1.06,7280,14280,3,1057323,c6559e5e27324cad3e73ce8ce2930c85cb259fad9855aa2ff1618f857fcbf966,assets/bedroom/cribs/crb-0006-white-oak-three-in-one-convertible-crib.usdz,previews/bedroom/cribs/crb-0006-white-oak-three-in-one-convertible-crib.jpg
CRB-0007,crb-0007-painted-ash-under-drawer-crib,Painted-Ash Under-Drawer Crib,bedroom/cribs,1.48,0.8,1.12,6400,12544,3,990694,ebf1e4baf8960784a0e3451798626c2d58ae8d8f849fdc7440c000f3c6a9dfdc,assets/bedroom/cribs/crb-0007-painted-ash-under-drawer-crib.usdz,previews/bedroom/cribs/crb-0007-painted-ash-under-drawer-crib.jpg
CRB-0008,crb-0008-black-steel-tubular-crib,Black-Steel Tubular Crib,bedroom/cribs,1.44,0.78,1.05,10752,21240,3,1053571,8ce9fbbfce2d4c4b3781aea7ae3f1ceed7ecf83077c6adbe910da3e28b94a07a,assets/bedroom/cribs/crb-0008-black-steel-tubular-crib.usdz,previews/bedroom/cribs/crb-0008-black-steel-tubular-crib.jpg
CRB-0009,crb-0009-walnut-clear-acrylic-perforated-crib,Walnut Clear-Acrylic Perforated Crib,bedroom/cribs,1.46,0.8,1.02,11968,23564,3,1072560,cfd99e46be9a78b3dabb569a2957c85d9873f0093df992478c66124e55626b08,assets/bedroom/cribs/crb-0009-walnut-clear-acrylic-perforated-crib.usdz,previews/bedroom/cribs/crb-0009-walnut-clear-acrylic-perforated-crib.jpg
CRB-0010,crb-0010-ivory-boucle-arch-end-crib,Ivory-Boucle Arch-End Crib,bedroom/cribs,1.5,0.83,1.2,6344,12528,3,1604170,d0660c9348bd85ebfcf86df4ab0fc4872b0b983b2bf4affba72cf8977b427db5,assets/bedroom/cribs/crb-0010-ivory-boucle-arch-end-crib.usdz,previews/bedroom/cribs/crb-0010-ivory-boucle-arch-end-crib.jpg
CRB-0011,crb-0011-beech-folding-mini-crib-on-casters,Beech Folding Mini Crib on Casters,bedroom/cribs,1.05,0.66,0.96,9088,17924,3,890043,30ccc4a981224670d7c1b62a6f0303701b3f5e1b5bdc06337c7d5f3aee1ea1f0,assets/bedroom/cribs/crb-0011-beech-folding-mini-crib-on-casters.usdz,previews/bedroom/cribs/crb-0011-beech-folding-mini-crib-on-casters.jpg
CRB-0012,crb-0012-clear-panel-rolling-nursery-crib,Clear-Panel Rolling Nursery Crib,bedroom/cribs,1.1,0.67,1.0,3256,6408,3,1085134,c7ae01dea9e97403ff086aeaee255d18ea23ab94c44bd13c5adaee6c63fbac56,assets/bedroom/cribs/crb-0012-clear-panel-rolling-nursery-crib.usdz,previews/bedroom/cribs/crb-0012-clear-panel-rolling-nursery-crib.jpg
CRB-0013,crb-0013-plywood-compact-crib-changer-combo,Plywood Compact Crib-Changer Combo,bedroom/cribs,1.55,0.72,1.0,4824,9460,2,743103,0a2e52ed5aa967df59cd1dc4c0e95cf89919357e31b2455bfaf6aaffee96c5b1,assets/bedroom/cribs/crb-0013-plywood-compact-crib-changer-combo.usdz,previews/bedroom/cribs/crb-0013-plywood-compact-crib-changer-combo.jpg
CRB-0014,crb-0014-navy-mesh-aluminum-travel-crib,Navy-Mesh Aluminum Travel Crib,bedroom/cribs,1.18,0.77997,0.820005,3232,6380,4,1252232,a735c8c2ef3f7d5379ce4a442bc914fbb1a34d4cbd8417868f1394f084243e61,assets/bedroom/cribs/crb-0014-navy-mesh-aluminum-travel-crib.usdz,previews/bedroom/cribs/crb-0014-navy-mesh-aluminum-travel-crib.jpg
CRB-0015,crb-0015-natural-rattan-rocking-mini-crib,Natural-Rattan Rocking Mini Crib,bedroom/cribs,1.08,0.68,0.88,24872,49556,3,2773371,64a948c06fc442f973e62f63f773df4dcfa8940763b24bee0db501e79f88b221,assets/bedroom/cribs/crb-0015-natural-rattan-rocking-mini-crib.usdz,previews/bedroom/cribs/crb-0015-natural-rattan-rocking-mini-crib.jpg
CRB-0016,crb-0016-maple-house-frame-floor-crib,Maple House-Frame Floor Crib,bedroom/cribs,1.5,0.84,1.75,9344,18432,2,744268,b62588aea3bff99928452a602ee7b56be813e28a77eac2ff22965c3b4d91150c,assets/bedroom/cribs/crb-0016-maple-house-frame-floor-crib.usdz,previews/bedroom/cribs/crb-0016-maple-house-frame-floor-crib.jpg
CRB-0017,crb-0017-brass-oval-canopy-crib,Brass Oval Canopy Crib,bedroom/cribs,1.52,0.86,1.8,22112,44076,2,1835097,bfe5d61daa4c29ba8e0b9125b359545272badd3a02f998a99d30163696229e1b,assets/bedroom/cribs/crb-0017-brass-oval-canopy-crib.usdz,previews/bedroom/cribs/crb-0017-brass-oval-canopy-crib.jpg
CRB-0018,crb-0018-bent-plywood-wave-crib,Bent-Plywood Wave Crib,bedroom/cribs,1.48,0.82,1.1,4408,8564,3,970473,70b23b90cb2833924b545aa04c5d1ee0c1168393ddba300a9854d7a753b89d42,assets/bedroom/cribs/crb-0018-bent-plywood-wave-crib.usdz,previews/bedroom/cribs/crb-0018-bent-plywood-wave-crib.jpg
CRB-0019,crb-0019-japanese-sugi-kumiko-end-panel-crib,Japanese Sugi Kumiko End-Panel Crib,bedroom/cribs,1.45,0.8,1.05,14688,28860,2,973896,595c2e21d20e340200f452868b4083fff18ac864c800409ce6311d7849f991a9,assets/bedroom/cribs/crb-0019-japanese-sugi-kumiko-end-panel-crib.usdz,previews/bedroom/cribs/crb-0019-japanese-sugi-kumiko-end-panel-crib.jpg
CRB-0020,crb-0020-color-blocked-recycled-plastic-modular-crib,Color-Blocked Recycled-Plastic Modular Crib,bedroom/cribs,1.46,0.8,1.04,10336,20428,6,2444965,0a704fcaa924caaa32c61191134527ed5fdbb1c8d82cfee4f5abaf9dc4e68417,assets/bedroom/cribs/crb-0020-color-blocked-recycled-plastic-modular-crib.usdz,previews/bedroom/cribs/crb-0020-color-blocked-recycled-plastic-modular-crib.jpg
HDB-0001,hdb-0001-shaker-maple-spindle-headboard,Shaker Maple Spindle Headboard,bedroom/headboards,1.08,0.1,1.1,2276,4444,1,364388,06e7ae45ea7527ff853ca74514ef55dd5b051d73f745d2189ef7635faa3f4058,assets/bedroom/headboards/hdb-0001-shaker-maple-spindle-headboard.usdz,previews/bedroom/headboards/hdb-0001-shaker-maple-spindle-headboard.jpg
HDB-0002,hdb-0002-arts-and-crafts-oak-panel-headboard,Arts-and-Crafts Oak Panel Headboard,bedroom/headboards,1.5,0.12,1.25,1448,2836,2,562191,e834f0f2e0d81336ba00cbc8aae373015cd2e8fadf1de459dca5a9c413ab352a,assets/bedroom/headboards/hdb-0002-arts-and-crafts-oak-panel-headboard.usdz,previews/bedroom/headboards/hdb-0002-arts-and-crafts-oak-panel-headboard.jpg
HDB-0003,hdb-0003-french-provincial-cane-medallion-headboard,French Provincial Cane Medallion Headboard,bedroom/headboards,1.72,0.14,1.42,10820,21476,2,1674934,3d7f212e54d71d237673b4e7c50972775435b0702cf122d3ee88e70af8b6dd10,assets/bedroom/headboards/hdb-0003-french-provincial-cane-medallion-headboard.usdz,previews/bedroom/headboards/hdb-0003-french-provincial-cane-medallion-headboard.jpg
HDB-0004,hdb-0004-georgian-mahogany-broken-pediment-headboard,Georgian Mahogany Broken-Pediment Headboard,bedroom/headboards,1.75,0.15,1.55,1568,3068,1,574964,2ceacef5d1fb98a45e6bd37bc974e0692ff257cfd9af739989583c3e60a924b8,assets/bedroom/headboards/hdb-0004-georgian-mahogany-broken-pediment-headboard.usdz,previews/bedroom/headboards/hdb-0004-georgian-mahogany-broken-pediment-headboard.jpg
HDB-0005,hdb-0005-japanese-sugi-kumiko-headboard,Japanese Sugi Kumiko Headboard,bedroom/headboards,1.7,0.1,1.2,14592,28576,1,601227,76f21b2bf19a8ed3160f57b44e4e6de7e97c027e242f5f151468dd67d24e1d36,assets/bedroom/headboards/hdb-0005-japanese-sugi-kumiko-headboard.usdz,previews/bedroom/headboards/hdb-0005-japanese-sugi-kumiko-headboard.jpg
HDB-0006,hdb-0006-ivory-boucle-channel-arch-headboard,Ivory Boucle Channel-Arch Headboard,bedroom/headboards,1.78,0.18,1.36,2456,4864,2,915162,82296c6e668cfc67519f76bc9ca7120ef42dbe3addd25dcc2b096226b7c277b3,assets/bedroom/headboards/hdb-0006-ivory-boucle-channel-arch-headboard.usdz,previews/bedroom/headboards/hdb-0006-ivory-boucle-channel-arch-headboard.jpg
HDB-0007,hdb-0007-navy-velvet-wingback-headboard,Navy Velvet Wingback Headboard,bedroom/headboards,2.12,0.24,1.46,21144,41912,2,451151,34120ccad669bcdf67eba0b8481dab87a1a2603d882fbf7fdf3407c0883b2b2f,assets/bedroom/headboards/hdb-0007-navy-velvet-wingback-headboard.usdz,previews/bedroom/headboards/hdb-0007-navy-velvet-wingback-headboard.jpg
HDB-0008,hdb-0008-cognac-leather-strap-cushion-headboard,Cognac Leather Strap-Cushion Headboard,bedroom/headboards,1.76,0.16,1.22,3528,6980,3,1504205,4b34955973155bfd694d66ea62c4bc9be6f294af0e5ba87d1007bacdecf9aa5a,assets/bedroom/headboards/hdb-0008-cognac-leather-strap-cushion-headboard.usdz,previews/bedroom/headboards/hdb-0008-cognac-leather-strap-cushion-headboard.jpg
HDB-0009,hdb-0009-scandinavian-ash-slatted-shelf-headboard,Scandinavian Ash Slatted-Shelf Headboard,bedroom/headboards,2.2,0.2,1.12,5088,9964,1,299954,316941491798f7e9afd8223c740a39097f4177227a6975258e00d27fe383ad32,assets/bedroom/headboards/hdb-0009-scandinavian-ash-slatted-shelf-headboard.usdz,previews/bedroom/headboards/hdb-0009-scandinavian-ash-slatted-shelf-headboard.jpg
HDB-0010,hdb-0010-modular-gray-wool-tile-headboard,Modular Gray-Wool Tile Headboard,bedroom/headboards,2.16,0.17,1.3,3800,7544,4,994321,5f40b4ece429263cba1283c1c3777eb344d623a0e3e4f9290b3acbf7ec66cfb7,assets/bedroom/headboards/hdb-0010-modular-gray-wool-tile-headboard.usdz,previews/bedroom/headboards/hdb-0010-modular-gray-wool-tile-headboard.jpg
HDB-0011,hdb-0011-white-oak-two-niche-storage-headboard,White-Oak Two-Niche Storage Headboard,bedroom/headboards,1.88,0.25,1.26,1208,2368,1,436549,cdc18c6b541ac64249dfaa9bc1dd942065a9027e5057aeb12b2dc72810338b67,assets/bedroom/headboards/hdb-0011-white-oak-two-niche-storage-headboard.usdz,previews/bedroom/headboards/hdb-0011-white-oak-two-niche-storage-headboard.jpg
HDB-0012,hdb-0012-walnut-three-cubby-bookcase-headboard,Walnut Three-Cubby Bookcase Headboard,bedroom/headboards,2.16,0.3,1.36,864,1692,1,537139,75ff86aaea28a30db29cdbd82c05756ffa7b34ce5bfea665955bc468ff8be317,assets/bedroom/headboards/hdb-0012-walnut-three-cubby-bookcase-headboard.usdz,previews/bedroom/headboards/hdb-0012-walnut-three-cubby-bookcase-headboard.jpg
HDB-0013,hdb-0013-painted-ash-side-shelf-headboard,Painted-Ash Side-Shelf Headboard,bedroom/headboards,1.92,0.23,1.22,3408,6604,1,505444,aeffef257af6ffab0b6d5da974b5cdd0b283932a082560b5d9a50e109788511e,assets/bedroom/headboards/hdb-0013-painted-ash-side-shelf-headboard.usdz,previews/bedroom/headboards/hdb-0013-painted-ash-side-shelf-headboard.jpg
HDB-0014,hdb-0014-rattan-reading-lamp-headboard,Rattan Reading-Lamp Headboard,bedroom/headboards,2.1,0.19,1.38,3048,5988,3,1379070,c05cd7a017bed8a3af0e20a938771c283553da3841275dfcd8cae9e5e2c54c83,assets/bedroom/headboards/hdb-0014-rattan-reading-lamp-headboard.usdz,previews/bedroom/headboards/hdb-0014-rattan-reading-lamp-headboard.jpg
HDB-0015,hdb-0015-plywood-pegboard-organizer-headboard,Plywood Pegboard Organizer Headboard,bedroom/headboards,1.16,0.18,1.3,14424,28580,2,542131,d352e1cd2ac401d1e448452e5feffa0d7b9b73f33e8ec85f9169ad91fdc1d159,assets/bedroom/headboards/hdb-0015-plywood-pegboard-organizer-headboard.usdz,previews/bedroom/headboards/hdb-0015-plywood-pegboard-organizer-headboard.jpg
HDB-0016,hdb-0016-bent-plywood-wave-headboard,Bent-Plywood Wave Headboard,bedroom/headboards,1.82,0.21,1.36,1648,3284,1,353655,ac0ceb2a2055d1918ecc204b4fc96b8e64a9884519855af118727bef22ec1206,assets/bedroom/headboards/hdb-0016-bent-plywood-wave-headboard.usdz,previews/bedroom/headboards/hdb-0016-bent-plywood-wave-headboard.jpg
HDB-0017,hdb-0017-fluted-travertine-triple-arch-headboard,Fluted Travertine Triple-Arch Headboard,bedroom/headboards,2.14,0.2,1.32,5904,11592,1,706548,887f4f9c3391ca5d104d00c932edf630594a5cec98529efbfb6c4c0432515371,assets/bedroom/headboards/hdb-0017-fluted-travertine-triple-arch-headboard.usdz,previews/bedroom/headboards/hdb-0017-fluted-travertine-triple-arch-headboard.jpg
HDB-0018,hdb-0018-brass-sunburst-openwork-headboard,Brass Sunburst Openwork Headboard,bedroom/headboards,1.8,0.12,1.46,8780,17380,1,859486,55c8c0480c336c8a97f72c71b56bba1332034e584c3dcdaf2530819f1d390b16,assets/bedroom/headboards/hdb-0018-brass-sunburst-openwork-headboard.usdz,previews/bedroom/headboards/hdb-0018-brass-sunburst-openwork-headboard.jpg
HDB-0019,hdb-0019-recycled-plastic-color-block-headboard,Recycled-Plastic Color-Block Headboard,bedroom/headboards,1.14,0.16,1.22,912,1796,6,2146437,4443fe9f4b73447f9f0d8c1174f8c2ac9a80a0294adfc0c4b842045d2e0a0359,assets/bedroom/headboards/hdb-0019-recycled-plastic-color-block-headboard.usdz,previews/bedroom/headboards/hdb-0019-recycled-plastic-color-block-headboard.jpg
HDB-0020,hdb-0020-handwoven-rope-gradient-headboard,Handwoven Rope Gradient Headboard,bedroom/headboards,2.08,0.15,1.32,7464,14680,6,1910652,2d0de405b2d4a4104bba6a142c06f3fcf111e3657ac33fcee7435f251cda9681,assets/bedroom/headboards/hdb-0020-handwoven-rope-gradient-headboard.usdz,previews/bedroom/headboards/hdb-0020-handwoven-rope-gradient-headboard.jpg
MAT-0001,mat-0001-twin-quilted-cotton-innerspring-mattress,Twin Quilted Cotton Innerspring Mattress,bedroom/mattresses,0.99,1.91,0.24,8200,15200,2,1048059,68fb6938b03acbef5f68658bbded2df5e5011df676e6c6ebd420c915acc3d384,assets/bedroom/mattresses/mat-0001-twin-quilted-cotton-innerspring-mattress.usdz,previews/bedroom/mattresses/mat-0001-twin-quilted-cotton-innerspring-mattress.jpg
MAT-0002,mat-0002-full-pillow-top-pocket-coil-mattress,Full Pillow-Top Pocket-Coil Mattress,bedroom/mattresses,1.37,1.91,0.32,6316,11772,3,1159715,95e9df25a866a0e3556c256be580666f1ec82b23d09e9a9c2961ffa028f4bd7d,assets/bedroom/mattresses/mat-0002-full-pillow-top-pocket-coil-mattress.usdz,previews/bedroom/mattresses/mat-0002-full-pillow-top-pocket-coil-mattress.jpg
MAT-0003,mat-0003-queen-euro-top-damask-mattress,Queen Euro-Top Damask Mattress,bedroom/mattresses,1.52,2.03,0.34,7548,14708,2,1030432,18c683c7e6b92981f11eb51e4530afc2b25bcb88a7a87d07298251dc15e2f0bb,assets/bedroom/mattresses/mat-0003-queen-euro-top-damask-mattress.usdz,previews/bedroom/mattresses/mat-0003-queen-euro-top-damask-mattress.jpg
MAT-0004,mat-0004-king-two-sided-wool-innerspring-mattress,King Two-Sided Wool Innerspring Mattress,bedroom/mattresses,1.93,2.03,0.3,9656,18484,3,1532130,b89a144f198a95068a9d9b250729d8ff62339e382d26d236bb7137745b61c780,assets/bedroom/mattresses/mat-0004-king-two-sided-wool-innerspring-mattress.usdz,previews/bedroom/mattresses/mat-0004-king-two-sided-wool-innerspring-mattress.jpg
MAT-0005,mat-0005-california-king-hand-tufted-horsehair-mattress,California King Hand-Tufted Horsehair Mattress,bedroom/mattresses,1.83,2.13,0.28,12116,22112,2,911032,ffdbfd8153bbf29a0251debe2a0dc403bdb9e567caba8f7878a0237c142ef4bd,assets/bedroom/mattresses/mat-0005-california-king-hand-tufted-horsehair-mattress.usdz,previews/bedroom/mattresses/mat-0005-california-king-hand-tufted-horsehair-mattress.jpg
MAT-0006,mat-0006-twin-memory-foam-layered-mattress,Twin Memory-Foam Layered Mattress,bedroom/mattresses,0.99,1.91,0.25,3424,6836,3,1126294,92c036bbccd78bd3c6b68b878876f540d83ca671ea5043076ef46c18a4ac4821,assets/bedroom/mattresses/mat-0006-twin-memory-foam-layered-mattress.usdz,previews/bedroom/mattresses/mat-0006-twin-memory-foam-layered-mattress.jpg
MAT-0007,mat-0007-queen-copper-gel-memory-foam-mattress,Queen Copper-Gel Memory-Foam Mattress,bedroom/mattresses,1.52,2.03,0.27,3448,6876,4,1777873,00b41287911afff55ce95ea33c94604cd89455c64fc1dac1ed2f49af1c543dec,assets/bedroom/mattresses/mat-0007-queen-copper-gel-memory-foam-mattress.usdz,previews/bedroom/mattresses/mat-0007-queen-copper-gel-memory-foam-mattress.jpg
MAT-0008,mat-0008-queen-latex-pocket-coil-hybrid-mattress,Queen Latex Pocket-Coil Hybrid Mattress,bedroom/mattresses,1.52,2.03,0.31,7304,13828,4,1494293,4115ad59355f3942eb5787f410df45983321afdfc79f03f3cc448eda1138be2e,assets/bedroom/mattresses/mat-0008-queen-latex-pocket-coil-hybrid-mattress.usdz,previews/bedroom/mattresses/mat-0008-queen-latex-pocket-coil-hybrid-mattress.jpg
MAT-0009,mat-0009-king-five-zone-grid-hybrid-mattress,King Five-Zone Grid Hybrid Mattress,bedroom/mattresses,1.93,2.03,0.3,5872,9844,3,1178302,d007b6f1d8ebfb843a9397afb6e796bd89cc5ee85402b15f2742eb8f62a508c3,assets/bedroom/mattresses/mat-0009-king-five-zone-grid-hybrid-mattress.usdz,previews/bedroom/mattresses/mat-0009-king-five-zone-grid-hybrid-mattress.jpg
MAT-0010,mat-0010-split-king-dual-comfort-mattress-pair,Split-King Dual-Comfort Mattress Pair,bedroom/mattresses,1.93,2.03,0.28,3920,6784,3,1059258,d5e375fcd61083a5c0600bf72a87a8ca26fa58c4e1f3b4256e2bc77f7c46bd88,assets/bedroom/mattresses/mat-0010-split-king-dual-comfort-mattress-pair.usdz,previews/bedroom/mattresses/mat-0010-split-king-dual-comfort-mattress-pair.jpg
MAT-0011,mat-0011-queen-organic-latex-pin-core-mattress,Queen Organic Latex Pin-Core Mattress,bedroom/mattresses,1.52,2.03,0.24,24400,48132,3,1122306,1b7280ec7192f5bcceca74139cda6def046d77c5b5432de15650ba50ffd3f1bc,assets/bedroom/mattresses/mat-0011-queen-organic-latex-pin-core-mattress.usdz,previews/bedroom/mattresses/mat-0011-queen-organic-latex-pin-core-mattress.jpg
MAT-0012,mat-0012-full-coconut-coir-wool-mattress,Full Coconut-Coir Wool Mattress,bedroom/mattresses,1.37,1.91,0.22,2008,3472,3,991947,88d7c17040268df9619bde221137f5139b8ca098f0d45ed65c6fdc767902563e,assets/bedroom/mattresses/mat-0012-full-coconut-coir-wool-mattress.usdz,previews/bedroom/mattresses/mat-0012-full-coconut-coir-wool-mattress.jpg
MAT-0013,mat-0013-japanese-cotton-shikibuton,Japanese Cotton Shikibuton,bedroom/mattresses,1.0,2.0,0.08,4736,9420,2,803822,3345d13f0543f3471545f5870309d0d9eacdc4bd3c373a5077f840d4b6b1cc8c,assets/bedroom/mattresses/mat-0013-japanese-cotton-shikibuton.usdz,previews/bedroom/mattresses/mat-0013-japanese-cotton-shikibuton.jpg
MAT-0014,mat-0014-twin-woven-tatami-mattress,Twin Woven Tatami Mattress,bedroom/mattresses,0.9,2.0,0.06,9616,15584,3,1215846,b155a9c41d16c9ee693b67856d0c838cf35b4d5c0326c24283f49c6e5192a9be,assets/bedroom/mattresses/mat-0014-twin-woven-tatami-mattress.usdz,previews/bedroom/mattresses/mat-0014-twin-woven-tatami-mattress.jpg
MAT-0015,mat-0015-breathable-crib-mesh-mattress,Breathable Crib Mesh Mattress,bedroom/mattresses,0.7,1.32,0.1,7976,14072,3,1342417,db3b9dbafb656056e2f5a607142f727c821b09847f2595b7faf1b8c44fa02eb9,assets/bedroom/mattresses/mat-0015-breathable-crib-mesh-mattress.usdz,previews/bedroom/mattresses/mat-0015-breathable-crib-mesh-mattress.jpg
MAT-0016,mat-0016-rv-short-queen-radius-corner-mattress,RV Short-Queen Radius-Corner Mattress,bedroom/mattresses,1.52,1.88,0.25,2916,4992,3,985447,8cd692f3ad8df4d6fdefd07553f76d51cd41671c627b640287f3e8edd9f52f3a,assets/bedroom/mattresses/mat-0016-rv-short-queen-radius-corner-mattress.usdz,previews/bedroom/mattresses/mat-0016-rv-short-queen-radius-corner-mattress.jpg
MAT-0017,mat-0017-full-tri-fold-guest-foam-mattress,Full Tri-Fold Guest Foam Mattress,bedroom/mattresses,1.35,1.9,0.18,1224,2424,2,536868,16536225bd9cb83967357814976233aa820c79fe9edb6fe14ebc9eb3f9add8ee,assets/bedroom/mattresses/mat-0017-full-tri-fold-guest-foam-mattress.usdz,previews/bedroom/mattresses/mat-0017-full-tri-fold-guest-foam-mattress.jpg
MAT-0018,mat-0018-full-bi-fold-sofa-bed-mattress,Full Bi-Fold Sofa-Bed Mattress,bedroom/mattresses,1.35,1.85,0.14,3764,7460,2,799803,a9649b6c95d09a0bd7f699fb4a81937be09d49b18daf3cf1315e2c9073a05363,assets/bedroom/mattresses/mat-0018-full-bi-fold-sofa-bed-mattress.usdz,previews/bedroom/mattresses/mat-0018-full-bi-fold-sofa-bed-mattress.jpg
MAT-0019,mat-0019-queen-articulated-adjustable-mattress,Queen Articulated Adjustable Mattress,bedroom/mattresses,1.52,1.88,0.72,3320,5540,2,727799,561aeaa0bcd5dda476abe3fbee90d10bde15f0f756a39226266017cd78d3e7ce,assets/bedroom/mattresses/mat-0019-queen-articulated-adjustable-mattress.usdz,previews/bedroom/mattresses/mat-0019-queen-articulated-adjustable-mattress.jpg
MAT-0020,mat-0020-round-luxury-platform-mattress,Round Luxury Platform Mattress,bedroom/mattresses,2.1,2.1,0.26,20144,38052,3,2040010,3e00d7fdc68425fb74f1ec5d387a987563c2ddf35dfd5eb4ca2620fae4e32e4a,assets/bedroom/mattresses/mat-0020-round-luxury-platform-mattress.usdz,previews/bedroom/mattresses/mat-0020-round-luxury-platform-mattress.jpg
NST-0001,nst-0001-shaker-maple-open-shelf-nightstand,Shaker Maple Open-Shelf Nightstand,bedroom/nightstands,0.48,0.42,0.62,752,1468,2,507359,cf97326f0fe71cdabb116357fa31740079cf152b85f5d2745158482df8205c34,assets/bedroom/nightstands/nst-0001-shaker-maple-open-shelf-nightstand.usdz,previews/bedroom/nightstands/nst-0001-shaker-maple-open-shelf-nightstand.jpg
NST-0002,nst-0002-arts-and-crafts-oak-two-drawer-nightstand,Arts-and-Crafts Oak Two-Drawer Nightstand,bedroom/nightstands,0.52,0.44,0.65,1400,2648,2,596691,61b601276ec8e2083e7efc7e770507c940b59f26e9f7549fbe02e42b0601165b,assets/bedroom/nightstands/nst-0002-arts-and-crafts-oak-two-drawer-nightstand.usdz,previews/bedroom/nightstands/nst-0002-arts-and-crafts-oak-two-drawer-nightstand.jpg
NST-0003,nst-0003-french-provincial-limed-oak-bombe-nightstand,French Provincial Limed-Oak Bombe Nightstand,bedroom/nightstands,0.54,0.43,0.66,5132,9804,2,1066089,57246128f0289ab949bd3d1095af09d5ea6dfab5d85bfe3502dc5cbce45cb450,assets/bedroom/nightstands/nst-0003-french-provincial-limed-oak-bombe-nightstand.usdz,previews/bedroom/nightstands/nst-0003-french-provincial-limed-oak-bombe-nightstand.jpg
NST-0004,nst-0004-campaign-mahogany-three-drawer-nightstand,Campaign Mahogany Three-Drawer Nightstand,bedroom/nightstands,0.55,0.45,0.64,1192,2316,2,808345,d78285a95095a3848e7cfe328baef45e4381afb43ec73014c7fb365d782e98b8,assets/bedroom/nightstands/nst-0004-campaign-mahogany-three-drawer-nightstand.usdz,previews/bedroom/nightstands/nst-0004-campaign-mahogany-three-drawer-nightstand.jpg
NST-0005,nst-0005-white-oak-arched-cane-door-nightstand,White-Oak Arched Cane-Door Nightstand,bedroom/nightstands,0.5,0.43,0.63,4488,8092,2,1206030,e1fdcd6599122cad624164749ecbe38b21f70e096c13a84f95f066d5c9e3b9e5,assets/bedroom/nightstands/nst-0005-white-oak-arched-cane-door-nightstand.usdz,previews/bedroom/nightstands/nst-0005-white-oak-arched-cane-door-nightstand.jpg
NST-0006,nst-0006-mid-century-walnut-floating-shelf-nightstand,Mid-Century Walnut Floating-Shelf Nightstand,bedroom/nightstands,0.499997,0.400002,0.6,984,1936,2,538689,2b9640bf7fdeadd3797544491b8bbbb28899fcd53af0a29029969f0ea37faa57,assets/bedroom/nightstands/nst-0006-mid-century-walnut-floating-shelf-nightstand.usdz,previews/bedroom/nightstands/nst-0006-mid-century-walnut-floating-shelf-nightstand.jpg
NST-0007,nst-0007-white-lacquer-waterfall-two-drawer-nightstand,White-Lacquer Waterfall Two-Drawer Nightstand,bedroom/nightstands,0.48,0.4,0.58,1176,2328,2,308363,de3f9529bd0b92f8bb96384a27cad1cf187f24b1e76b63e8c1ac9d4e27f93d92,assets/bedroom/nightstands/nst-0007-white-lacquer-waterfall-two-drawer-nightstand.usdz,previews/bedroom/nightstands/nst-0007-white-lacquer-waterfall-two-drawer-nightstand.jpg
NST-0008,nst-0008-black-steel-smoked-glass-nightstand,Black-Steel Smoked-Glass Nightstand,bedroom/nightstands,0.46,0.42,0.62,1880,3696,3,703380,485b046b14c817605963ce2fbbfb7c82884a7457b1ada3588b9f80b673f6a733,assets/bedroom/nightstands/nst-0008-black-steel-smoked-glass-nightstand.usdz,previews/bedroom/nightstands/nst-0008-black-steel-smoked-glass-nightstand.jpg
NST-0009,nst-0009-ivory-boucle-rounded-cube-nightstand,Ivory-Boucle Rounded-Cube Nightstand,bedroom/nightstands,0.52,0.44,0.56,1616,3216,3,1027317,781efe81133a4c0729554d39d0f07b71d1d510458eb9bbfa20776cfe70094b81,assets/bedroom/nightstands/nst-0009-ivory-boucle-rounded-cube-nightstand.usdz,previews/bedroom/nightstands/nst-0009-ivory-boucle-rounded-cube-nightstand.jpg
NST-0010,nst-0010-smoked-acrylic-c-pedestal-nightstand,Smoked-Acrylic C-Pedestal Nightstand,bedroom/nightstands,0.4,0.38,0.57,1040,2064,2,318909,0077d9be9a986457b527f6cfcc0971464a013ba016d8c2d55b459b01ed8d8c82,assets/bedroom/nightstands/nst-0010-smoked-acrylic-c-pedestal-nightstand.usdz,previews/bedroom/nightstands/nst-0010-smoked-acrylic-c-pedestal-nightstand.jpg
NST-0011,nst-0011-narrow-plywood-pedestal-nightstand,Narrow Plywood Pedestal Nightstand,bedroom/nightstands,0.32,0.36,0.64,512,996,2,513412,3625ac87b4235c776606abe842ed281a3a57d705dfe4a29008df1e6855f77927,assets/bedroom/nightstands/nst-0011-narrow-plywood-pedestal-nightstand.usdz,previews/bedroom/nightstands/nst-0011-narrow-plywood-pedestal-nightstand.jpg
NST-0012,nst-0012-nesting-oak-nightstand-pair,Nesting Oak Nightstand Pair,bedroom/nightstands,0.56,0.4,0.6,672,1316,2,900006,ea582ebf066166dbab6509bb862a1af4c175499817b9f26d4aa048b962b74c75,assets/bedroom/nightstands/nst-0012-nesting-oak-nightstand-pair.usdz,previews/bedroom/nightstands/nst-0012-nesting-oak-nightstand-pair.jpg
NST-0013,nst-0013-rolling-powder-coated-bedside-cart,Rolling Powder-Coated Bedside Cart,bedroom/nightstands,0.45,0.38,0.67,4004,7848,2,566983,791014cc8b7d721781fa73021d9fa0f240d98fe0356b99c5ccccfbad4c02dcb4,assets/bedroom/nightstands/nst-0013-rolling-powder-coated-bedside-cart.usdz,previews/bedroom/nightstands/nst-0013-rolling-powder-coated-bedside-cart.jpg
NST-0014,nst-0014-cantilever-steel-leather-drawer-nightstand,Cantilever Steel Leather-Drawer Nightstand,bedroom/nightstands,0.44,0.38,0.63,1540,2988,2,714099,50939dc886adf1ceed2090c77ae059569d95e5281fc9f6d96cfe7ecd3a382983,assets/bedroom/nightstands/nst-0014-cantilever-steel-leather-drawer-nightstand.usdz,previews/bedroom/nightstands/nst-0014-cantilever-steel-leather-drawer-nightstand.jpg
NST-0015,nst-0015-stackable-birch-open-cube-nightstand,Stackable Birch Open-Cube Nightstand,bedroom/nightstands,0.42,0.38,0.55,1768,3484,2,525407,d0ebe2d56960ab1905fb513f18dec365893523fe31193613ae636c9371ead7de,assets/bedroom/nightstands/nst-0015-stackable-birch-open-cube-nightstand.usdz,previews/bedroom/nightstands/nst-0015-stackable-birch-open-cube-nightstand.jpg
NST-0016,nst-0016-fluted-travertine-drum-nightstand,Fluted Travertine Drum Nightstand,bedroom/nightstands,0.48,0.48,0.56,12640,25120,2,1447241,828d331eba6e8d9c19318416a0ff6f7c5bdaeb09317ebbc9c7ade53f802d88f6,assets/bedroom/nightstands/nst-0016-fluted-travertine-drum-nightstand.usdz,previews/bedroom/nightstands/nst-0016-fluted-travertine-drum-nightstand.jpg
NST-0017,nst-0017-bent-plywood-loop-nightstand,Bent-Plywood Loop Nightstand,bedroom/nightstands,0.46,0.4,0.6,1632,3244,1,468575,78f575109e99d6aa2c9afcb1542676eb7a0e1c386702510c010bb504b0d7b626,assets/bedroom/nightstands/nst-0017-bent-plywood-loop-nightstand.usdz,previews/bedroom/nightstands/nst-0017-bent-plywood-loop-nightstand.jpg
NST-0018,nst-0018-walnut-tambour-capsule-nightstand,Walnut Tambour Capsule Nightstand,bedroom/nightstands,0.54,0.44,0.62,4256,8404,2,646925,fb0d44cd41db9fc6c2802d6ce79d53e0d0a6443109134ca98a8dcfdd45423179,assets/bedroom/nightstands/nst-0018-walnut-tambour-capsule-nightstand.usdz,previews/bedroom/nightstands/nst-0018-walnut-tambour-capsule-nightstand.jpg
NST-0019,nst-0019-natural-rattan-arch-cabinet-nightstand,Natural-Rattan Arch-Cabinet Nightstand,bedroom/nightstands,0.5,0.42,0.66,6836,12620,2,1386880,a82c55239a0cf8889e9c8a26dbb9d174bed16e10173510129291856b80e1a2f9,assets/bedroom/nightstands/nst-0019-natural-rattan-arch-cabinet-nightstand.usdz,previews/bedroom/nightstands/nst-0019-natural-rattan-arch-cabinet-nightstand.jpg
NST-0020,nst-0020-color-block-recycled-plastic-nightstand,Color-Block Recycled-Plastic Nightstand,bedroom/nightstands,0.5,0.42,0.58,1776,3512,4,1643892,55423bc727db196824a04d2ff939e657d66bb975a0deb0ae9592312d18c2bcb4,assets/bedroom/nightstands/nst-0020-color-block-recycled-plastic-nightstand.usdz,previews/bedroom/nightstands/nst-0020-color-block-recycled-plastic-nightstand.jpg
VNY-0001,vny-0001-shaker-maple-tri-fold-mirror-vanity,Shaker Maple Tri-Fold Mirror Vanity,bedroom/vanities,1.18,0.5,1.58,3424,6756,2,725770,697133fecaba57cc742ce489208537110c63a4bae8377e1d0dfe49f441c1b644,assets/bedroom/vanities/vny-0001-shaker-maple-tri-fold-mirror-vanity.usdz,previews/bedroom/vanities/vny-0001-shaker-maple-tri-fold-mirror-vanity.jpg
VNY-0002,vny-0002-french-provincial-limed-oak-oval-mirror-vanity,French Provincial Limed-Oak Oval-Mirror Vanity,bedroom/vanities,1.1,0.5,1.62,4116,7932,3,1298446,4505d6e875e1d5622d6346047b5c3a408e03ba3ea395990e6704fd6331533e54,assets/bedroom/vanities/vny-0002-french-provincial-limed-oak-oval-mirror-vanity.usdz,previews/bedroom/vanities/vny-0002-french-provincial-limed-oak-oval-mirror-vanity.jpg
VNY-0003,vny-0003-arts-and-crafts-oak-slat-frame-vanity,Arts-and-Crafts Oak Slat-Frame Vanity,bedroom/vanities,1.2,0.52,1.6,3440,6492,3,909497,5aa756c2f9a908471c6e57a4932b0b43266eeaec09cc95132b9009f144c99ed6,assets/bedroom/vanities/vny-0003-arts-and-crafts-oak-slat-frame-vanity.usdz,previews/bedroom/vanities/vny-0003-arts-and-crafts-oak-slat-frame-vanity.jpg
VNY-0004,vny-0004-campaign-mahogany-folding-mirror-vanity,Campaign Mahogany Folding-Mirror Vanity,bedroom/vanities,1.15,0.5,1.55,1936,3792,3,1057191,bb421cd95822bfa696e9a004a7522a8006cfa41f5f60bb2b35f530d11ef3b8ad,assets/bedroom/vanities/vny-0004-campaign-mahogany-folding-mirror-vanity.usdz,previews/bedroom/vanities/vny-0004-campaign-mahogany-folding-mirror-vanity.jpg
VNY-0005,vny-0005-art-deco-burl-walnut-fan-mirror-vanity,Art-Deco Burl-Walnut Fan-Mirror Vanity,bedroom/vanities,1.22,0.48,1.65,6488,12692,3,1313907,38fb8db8f0aa1f967b8ad9383de38e0d5a4f56f1663c51b59623618a641c2638,assets/bedroom/vanities/vny-0005-art-deco-burl-walnut-fan-mirror-vanity.usdz,previews/bedroom/vanities/vny-0005-art-deco-burl-walnut-fan-mirror-vanity.jpg
VNY-0006,vny-0006-mid-century-walnut-offset-round-mirror-vanity,Mid-Century Walnut Offset-Round-Mirror Vanity,bedroom/vanities,1.100002,0.46,1.52,2688,5316,3,1118743,52d5fc9acd701f376038ded62cb99d8734cd8c0ddfd7fdb61342d1b61282f338,assets/bedroom/vanities/vny-0006-mid-century-walnut-offset-round-mirror-vanity.usdz,previews/bedroom/vanities/vny-0006-mid-century-walnut-offset-round-mirror-vanity.jpg
VNY-0007,vny-0007-white-lacquer-waterfall-arch-mirror-vanity,White-Lacquer Waterfall Arch-Mirror Vanity,bedroom/vanities,1.0,0.45,1.58,5740,11376,3,783281,ecea0927cc25a576679d579ce2eb3c03399d62f4cd23bdf19904cde58c05128a,assets/bedroom/vanities/vny-0007-white-lacquer-waterfall-arch-mirror-vanity.usdz,previews/bedroom/vanities/vny-0007-white-lacquer-waterfall-arch-mirror-vanity.jpg
VNY-0008,vny-0008-black-steel-smoked-glass-round-mirror-vanity,Black-Steel Smoked-Glass Round-Mirror Vanity,bedroom/vanities,1.05,0.48,1.57,2208,4356,4,969082,aa4ea7782e6c94e9a96d8530861ca2d40cd5ace45b3c65cd719ce1fae0c1cd38,assets/bedroom/vanities/vny-0008-black-steel-smoked-glass-round-mirror-vanity.usdz,previews/bedroom/vanities/vny-0008-black-steel-smoked-glass-round-mirror-vanity.jpg
VNY-0009,vny-0009-travertine-twin-pedestal-pill-mirror-vanity,Travertine Twin-Pedestal Pill-Mirror Vanity,bedroom/vanities,1.25,0.52,1.62,6736,13288,3,1251680,38cb3c402eeb418a5a6b5f25695c0b4483f667c403438e8d735cfe97f084d5c2,assets/bedroom/vanities/vny-0009-travertine-twin-pedestal-pill-mirror-vanity.usdz,previews/bedroom/vanities/vny-0009-travertine-twin-pedestal-pill-mirror-vanity.jpg
VNY-0010,vny-0010-ivory-boucle-rounded-capsule-vanity,Ivory-Boucle Rounded-Capsule Vanity,bedroom/vanities,1.12,0.5,1.6,3080,6124,4,1274275,f8f91444e3375a37d36e32268c8fbbd19b7a14a711c40a32a602e219658c69f8,assets/bedroom/vanities/vny-0010-ivory-boucle-rounded-capsule-vanity.usdz,previews/bedroom/vanities/vny-0010-ivory-boucle-rounded-capsule-vanity.jpg
VNY-0011,vny-0011-narrow-ash-ladder-frame-vanity,Narrow Ash Ladder-Frame Vanity,bedroom/vanities,0.719998,0.44,1.58,1200,2360,2,689438,211d0a9bfbdb889341ff47130ec99f808488746666613a87ad8ea3e818710ac7,assets/bedroom/vanities/vny-0011-narrow-ash-ladder-frame-vanity.usdz,previews/bedroom/vanities/vny-0011-narrow-ash-ladder-frame-vanity.jpg
VNY-0012,vny-0012-corner-oak-triangular-pivot-mirror-vanity,Corner Oak Triangular Pivot-Mirror Vanity,bedroom/vanities,0.82,0.6,1.55,1120,2200,2,731930,914e9676e8d3fe214b904dc2da3a5918e2cfba26e30b72f48ba121b918f4ffb4,assets/bedroom/vanities/vny-0012-corner-oak-triangular-pivot-mirror-vanity.usdz,previews/bedroom/vanities/vny-0012-corner-oak-triangular-pivot-mirror-vanity.jpg
VNY-0013,vny-0013-plywood-slide-out-wing-vanity,Plywood Slide-Out-Wing Vanity,bedroom/vanities,0.84,0.44,1.42,1688,3340,3,855754,872c432d583e76dc6cd1dbd0a666524ed7cc054d9962192106055eca19508f99,assets/bedroom/vanities/vny-0013-plywood-slide-out-wing-vanity.usdz,previews/bedroom/vanities/vny-0013-plywood-slide-out-wing-vanity.jpg
VNY-0014,vny-0014-rolling-sage-salon-cart-vanity,Rolling Sage Salon-Cart Vanity,bedroom/vanities,0.76,0.46,1.48,4204,8080,3,864711,be4167bf832b28dec241c0f01dc778f7a07b2e40ec6ddb1ad41812cd901d5b7f,assets/bedroom/vanities/vny-0014-rolling-sage-salon-cart-vanity.usdz,previews/bedroom/vanities/vny-0014-rolling-sage-salon-cart-vanity.jpg
VNY-0015,vny-0015-white-oak-lift-top-console-vanity,White-Oak Lift-Top Console Vanity,bedroom/vanities,0.9,0.45,1.22,1488,2920,2,752562,26af00c8a6b989c41f70f0a566c96d870896a1731f07a830f8a4231a91f78fc6,assets/bedroom/vanities/vny-0015-white-oak-lift-top-console-vanity.usdz,previews/bedroom/vanities/vny-0015-white-oak-lift-top-console-vanity.jpg
VNY-0016,vny-0016-fluted-oak-crescent-half-moon-mirror-vanity,Fluted-Oak Crescent Half-Moon-Mirror Vanity,bedroom/vanities,1.2,0.52,1.6,7632,15088,3,1257946,62170d888f3acb60100a375252caa10365ac53d8d4db780d29267b0c2a645b48,assets/bedroom/vanities/vny-0016-fluted-oak-crescent-half-moon-mirror-vanity.usdz,previews/bedroom/vanities/vny-0016-fluted-oak-crescent-half-moon-mirror-vanity.jpg
VNY-0017,vny-0017-natural-rattan-arch-cane-drawer-vanity,Natural-Rattan Arch Cane-Drawer Vanity,bedroom/vanities,1.0,0.48,1.62,6556,12176,3,1605972,c44f6ea9ec2d3ff73f87ed5a0785d2de83a91fa392b18f13638429ee0823ac46,assets/bedroom/vanities/vny-0017-natural-rattan-arch-cane-drawer-vanity.usdz,previews/bedroom/vanities/vny-0017-natural-rattan-arch-cane-drawer-vanity.jpg
VNY-0018,vny-0018-bent-plywood-loop-suspended-mirror-vanity,Bent-Plywood Loop Suspended-Mirror Vanity,bedroom/vanities,0.96,0.46,1.54,2784,5532,2,773272,b7b60b9bb52fa58692df0db8b004718c30ab55a55d483fd12aeacb498959381f,assets/bedroom/vanities/vny-0018-bent-plywood-loop-suspended-mirror-vanity.usdz,previews/bedroom/vanities/vny-0018-bent-plywood-loop-suspended-mirror-vanity.jpg
VNY-0019,vny-0019-color-block-recycled-plastic-oval-mirror-vanity,Color-Block Recycled-Plastic Oval-Mirror Vanity,bedroom/vanities,1.05,0.48,1.55,3344,6644,6,2443206,65161459fff93195f80d046a89877c3b654e9086b341a0abea981b470dd462df,assets/bedroom/vanities/vny-0019-color-block-recycled-plastic-oval-mirror-vanity.usdz,previews/bedroom/vanities/vny-0019-color-block-recycled-plastic-oval-mirror-vanity.jpg
VNY-0020,vny-0020-brutalist-concrete-slot-bronze-mirror-vanity,Brutalist Concrete Slot Bronze-Mirror Vanity,bedroom/vanities,1.18,0.52,1.58,1544,3052,4,1090359,0d10ae113f506a64adb3901da7df98f145ddd624be5b8c6e3fa195ae87959f99,assets/bedroom/vanities/vny-0020-brutalist-concrete-slot-bronze-mirror-vanity.usdz,previews/bedroom/vanities/vny-0020-brutalist-concrete-slot-bronze-mirror-vanity.jpg
BKC-0001,bkc-0001-georgian-mahogany-breakfront-library-bookcase,Georgian Mahogany Breakfront Library Bookcase,cabinets-storage/bookcases,1.8,0.42,2.2,2352,4612,2,842140,f27133a6e157b791b9428192d376147bafa0db8e02ae841504814f2ef3977fc1,assets/cabinets-storage/bookcases/bkc-0001-georgian-mahogany-breakfront-library-bookcase.usdz,previews/cabinets-storage/bookcases/bkc-0001-georgian-mahogany-breakfront-library-bookcase.jpg
BKC-0002,bkc-0002-shaker-maple-peg-rail-bookcase,Shaker Maple Peg-Rail Bookcase,cabinets-storage/bookcases,1.1,0.35,1.95,2584,5080,1,451603,77cbca621c458cb16b3cea3ec1eb41ff8170ddda0a469e6b03f87c9e6cdfaf49,assets/cabinets-storage/bookcases/bkc-0002-shaker-maple-peg-rail-bookcase.usdz,previews/cabinets-storage/bookcases/bkc-0002-shaker-maple-peg-rail-bookcase.jpg
BKC-0003,bkc-0003-arts-and-crafts-oak-slat-side-bookcase,Arts-and-Crafts Oak Slat-Side Bookcase,cabinets-storage/bookcases,1.25,0.38,1.95,1984,3876,2,585112,6a72b8d99303ab960cb7ee5bf46707d06a289f35c0c8bfce836ca5c7121aacef,assets/cabinets-storage/bookcases/bkc-0003-arts-and-crafts-oak-slat-side-bookcase.usdz,previews/cabinets-storage/bookcases/bkc-0003-arts-and-crafts-oak-slat-side-bookcase.jpg
BKC-0004,bkc-0004-french-provincial-limed-oak-arched-bookcase,French Provincial Limed-Oak Arched Bookcase,cabinets-storage/bookcases,1.15,0.4,2.05,5288,10396,2,1158651,dfc597f50a3e546a9a3cfc766e1152ad21b3920e3a6bdcf8e8f65df132f75a4a,assets/cabinets-storage/bookcases/bkc-0004-french-provincial-limed-oak-arched-bookcase.usdz,previews/cabinets-storage/bookcases/bkc-0004-french-provincial-limed-oak-arched-bookcase.jpg
BKC-0005,bkc-0005-campaign-mahogany-stacking-bookcase,Campaign Mahogany Stacking Bookcase,cabinets-storage/bookcases,1.1,0.38,1.92,1848,3584,2,800074,96a52f7af0388a9aac6f7d45f5e1ddddf342c5aaa1ba93243a9073b00b56fca0,assets/cabinets-storage/bookcases/bkc-0005-campaign-mahogany-stacking-bookcase.usdz,previews/cabinets-storage/bookcases/bkc-0005-campaign-mahogany-stacking-bookcase.jpg
BKC-0006,bkc-0006-mid-century-walnut-asymmetric-grid-bookcase,Mid-Century Walnut Asymmetric-Grid Bookcase,cabinets-storage/bookcases,1.45,0.36,1.85,1848,3620,2,855201,beabefbd9c2393f1c336ae64ec3565c8b6fe6d94d2cf3a9dd284131dd1935aaf,assets/cabinets-storage/bookcases/bkc-0006-mid-century-walnut-asymmetric-grid-bookcase.usdz,previews/cabinets-storage/bookcases/bkc-0006-mid-century-walnut-asymmetric-grid-bookcase.jpg
BKC-0007,bkc-0007-white-lacquer-waterfall-display-bookcase,White-Lacquer Waterfall Display Bookcase,cabinets-storage/bookcases,1.2,0.34,1.9,1576,3108,2,317872,b2d90fab9ffac3eaf7bcfa0d2796181b45bbc45965478f3c0aaae0e4ac9916dc,assets/cabinets-storage/bookcases/bkc-0007-white-lacquer-waterfall-display-bookcase.usdz,previews/cabinets-storage/bookcases/bkc-0007-white-lacquer-waterfall-display-bookcase.jpg
BKC-0008,bkc-0008-black-steel-smoked-glass-etagere,Black-Steel Smoked-Glass Etagere,cabinets-storage/bookcases,1.1,0.38,2.0,1248,2452,2,233061,37d6a2b32cb45eec5f5db8b9a7143e43eea38205b5e035971ed897392de84f9e,assets/cabinets-storage/bookcases/bkc-0008-black-steel-smoked-glass-etagere.usdz,previews/cabinets-storage/bookcases/bkc-0008-black-steel-smoked-glass-etagere.jpg
BKC-0009,bkc-0009-travertine-twin-portal-bookcase,Travertine Twin-Portal Bookcase,cabinets-storage/bookcases,1.35,0.4,1.88,1152,2256,1,527763,3978aa1507cbb85e588d86e1ebc33623abb6a3f989bc9862a1bf06a0dbf7bce9,assets/cabinets-storage/bookcases/bkc-0009-travertine-twin-portal-bookcase.usdz,previews/cabinets-storage/bookcases/bkc-0009-travertine-twin-portal-bookcase.jpg
BKC-0010,bkc-0010-cantilevered-walnut-spine-bookcase,Cantilevered Walnut Spine Bookcase,cabinets-storage/bookcases,1.1,0.36,1.92,768,1504,1,439209,6e9cbf806e2de7cd42e53e530b26be38715463dc9253052be098b0806ba57eb0,assets/cabinets-storage/bookcases/bkc-0010-cantilevered-walnut-spine-bookcase.usdz,previews/cabinets-storage/bookcases/bkc-0010-cantilevered-walnut-spine-bookcase.jpg
BKC-0011,bkc-0011-narrow-ash-a-frame-ladder-bookcase,Narrow Ash A-Frame Ladder Bookcase,cabinets-storage/bookcases,0.719965,0.420088,1.819995,1120,2200,2,871347,3a9cd72d66ae7f96e5f9af0766a96ba61b9e6a8ad7f0caf70397aa077bab4369,assets/cabinets-storage/bookcases/bkc-0011-narrow-ash-a-frame-ladder-bookcase.usdz,previews/cabinets-storage/bookcases/bkc-0011-narrow-ash-a-frame-ladder-bookcase.jpg
BKC-0012,bkc-0012-rotating-birch-four-face-tower-bookcase,Rotating Birch Four-Face Tower Bookcase,cabinets-storage/bookcases,0.68,0.68,1.72,1200,2352,2,590900,885eb92d73d21e0b9a9f264adeb764e7c3d3648eadcf5f7e285b8bb6dde507f3,assets/cabinets-storage/bookcases/bkc-0012-rotating-birch-four-face-tower-bookcase.usdz,previews/cabinets-storage/bookcases/bkc-0012-rotating-birch-four-face-tower-bookcase.jpg
BKC-0013,bkc-0013-folding-oak-three-panel-bookcase,Folding Oak Three-Panel Bookcase,cabinets-storage/bookcases,1.349995,0.320039,1.7,1456,2844,2,870140,a137ed3cb8b576894dd1828074ce5097a6eccd1e5b8dfa6f934a3cb67547508c,assets/cabinets-storage/bookcases/bkc-0013-folding-oak-three-panel-bookcase.usdz,previews/cabinets-storage/bookcases/bkc-0013-folding-oak-three-panel-bookcase.jpg
BKC-0014,bkc-0014-rolling-sage-library-cart-bookcase,Rolling Sage Library-Cart Bookcase,cabinets-storage/bookcases,1.0,0.48,1.2,2540,4952,2,530559,2a523a0da34e4088ff253b1662e968eee64028c46c2a1fa85c9ade7a5e1fb621,assets/cabinets-storage/bookcases/bkc-0014-rolling-sage-library-cart-bookcase.usdz,previews/cabinets-storage/bookcases/bkc-0014-rolling-sage-library-cart-bookcase.jpg
BKC-0015,bkc-0015-corner-walnut-fan-bookcase,Corner Walnut Fan Bookcase,cabinets-storage/bookcases,0.85,0.85,1.82,864,1696,1,453691,89d96e1d645ebbf5d81c1caea7a2cd728fe3d1958e1aae9a530da1479724f83b,assets/cabinets-storage/bookcases/bkc-0015-corner-walnut-fan-bookcase.usdz,previews/cabinets-storage/bookcases/bkc-0015-corner-walnut-fan-bookcase.jpg
BKC-0016,bkc-0016-circular-oak-halo-bookcase,Circular Oak Halo Bookcase,cabinets-storage/bookcases,1.5,0.36,1.78,6816,13604,1,929015,2dcefb3a214d3cb63626af601123a9d946ddc613b4850f1d10c1ca525db3406a,assets/cabinets-storage/bookcases/bkc-0016-circular-oak-halo-bookcase.usdz,previews/cabinets-storage/bookcases/bkc-0016-circular-oak-halo-bookcase.jpg
BKC-0017,bkc-0017-bent-plywood-wave-spine-bookcase,Bent-Plywood Wave-Spine Bookcase,cabinets-storage/bookcases,1.1,0.4,1.9,1200,2364,1,453816,141c0d12493ec6c0847d1277f31ae0af5722559f006a7957e7a1caf382a70c81,assets/cabinets-storage/bookcases/bkc-0017-bent-plywood-wave-spine-bookcase.usdz,previews/cabinets-storage/bookcases/bkc-0017-bent-plywood-wave-spine-bookcase.jpg
BKC-0018,bkc-0018-natural-rattan-arch-cane-door-bookcase,Natural-Rattan Arch Cane-Door Bookcase,cabinets-storage/bookcases,1.05,0.4,1.95,5068,9992,2,1281857,8345a3f738ab874e363c8a60758142ae2e666ceaa541d5bf0fdd6c50da706b43,assets/cabinets-storage/bookcases/bkc-0018-natural-rattan-arch-cane-door-bookcase.usdz,previews/cabinets-storage/bookcases/bkc-0018-natural-rattan-arch-cane-door-bookcase.jpg
BKC-0019,bkc-0019-color-block-recycled-plastic-cube-bookcase,Color-Block Recycled-Plastic Cube Bookcase,cabinets-storage/bookcases,1.35,0.36,1.55,3832,7508,7,2790479,98d0d79e4c8f4ee0fd85ac3cbbccc3ce7eb35eec5da461b5f092c9c883247428,assets/cabinets-storage/bookcases/bkc-0019-color-block-recycled-plastic-cube-bookcase.usdz,previews/cabinets-storage/bookcases/bkc-0019-color-block-recycled-plastic-cube-bookcase.jpg
BKC-0020,bkc-0020-brutalist-concrete-zigzag-bookcase,Brutalist Concrete Zigzag Bookcase,cabinets-storage/bookcases,1.35,0.42,1.82,1056,2068,1,394718,e71f08709082849e957ab71624ce5d76e5bc5f34d331194f928e42b0366f9bb2,assets/cabinets-storage/bookcases/bkc-0020-brutalist-concrete-zigzag-bookcase.usdz,previews/cabinets-storage/bookcases/bkc-0020-brutalist-concrete-zigzag-bookcase.jpg
CAB-0001,cab-0001-georgian-mahogany-glazed-display-cabinet,Georgian Mahogany Glazed Display Cabinet,cabinets-storage/cabinets,1.25,0.48,2.0,3280,6428,3,972148,8326ea2ac016d8ea56aa2af39eb84d69c4914cc5df2729a83b09e720dd0a4663,assets/cabinets-storage/cabinets/cab-0001-georgian-mahogany-glazed-display-cabinet.usdz,previews/cabinets-storage/cabinets/cab-0001-georgian-mahogany-glazed-display-cabinet.jpg
CAB-0002,cab-0002-shaker-maple-pie-safe-cabinet,Shaker Maple Pie-Safe Cabinet,cabinets-storage/cabinets,1.05,0.46,1.9,14584,28848,3,942239,2d6a6af56510c9e48e0aaccbf9b59d7a2d50c289e01445c19e96456ec79439b4,assets/cabinets-storage/cabinets/cab-0002-shaker-maple-pie-safe-cabinet.usdz,previews/cabinets-storage/cabinets/cab-0002-shaker-maple-pie-safe-cabinet.jpg
CAB-0003,cab-0003-arts-and-crafts-oak-linen-cabinet,Arts-and-Crafts Oak Linen Cabinet,cabinets-storage/cabinets,1.15,0.46,1.8,2936,5760,2,613086,e003d7045ab060dd884403c54e2551b0fa99b749d2af424928a83c4afdcab4d6,assets/cabinets-storage/cabinets/cab-0003-arts-and-crafts-oak-linen-cabinet.usdz,previews/cabinets-storage/cabinets/cab-0003-arts-and-crafts-oak-linen-cabinet.jpg
CAB-0004,cab-0004-french-provincial-limed-oak-bow-front-curio-cabinet,French Provincial Limed-Oak Bow-Front Curio Cabinet,cabinets-storage/cabinets,0.85,0.42,1.85,4380,8652,3,1224115,b695fdd614676e0376254f4278f80b8788f151e73ba72f0d46c3cbda1cdf5408,assets/cabinets-storage/cabinets/cab-0004-french-provincial-limed-oak-bow-front-curio-cabinet.usdz,previews/cabinets-storage/cabinets/cab-0004-french-provincial-limed-oak-bow-front-curio-cabinet.jpg
CAB-0005,cab-0005-campaign-mahogany-stacking-cabinet,Campaign Mahogany Stacking Cabinet,cabinets-storage/cabinets,1.1,0.45,1.75,3432,6728,2,820925,12239dd02dd4c21849d992e3a49159b0783d8a241e90620c387720b53e4543ae,assets/cabinets-storage/cabinets/cab-0005-campaign-mahogany-stacking-cabinet.usdz,previews/cabinets-storage/cabinets/cab-0005-campaign-mahogany-stacking-cabinet.jpg
CAB-0006,cab-0006-mid-century-walnut-bar-cabinet,Mid-Century Walnut Bar Cabinet,cabinets-storage/cabinets,1.2,0.46,1.55,2264,4452,2,866791,2296652f9cc12d3cb0371b30d7bcfca422f907e2ad700ad9de4c4547371c5a95,assets/cabinets-storage/cabinets/cab-0006-mid-century-walnut-bar-cabinet.usdz,previews/cabinets-storage/cabinets/cab-0006-mid-century-walnut-bar-cabinet.jpg
CAB-0007,cab-0007-white-lacquer-tambour-utility-cabinet,White-Lacquer Tambour Utility Cabinet,cabinets-storage/cabinets,1.1,0.43,1.65,6120,12020,2,353882,6eb0ab9ee73e31ea76fca9af9a30e4c478db8832977a073f5a4972e28c2cd3d8,assets/cabinets-storage/cabinets/cab-0007-white-lacquer-tambour-utility-cabinet.usdz,previews/cabinets-storage/cabinets/cab-0007-white-lacquer-tambour-utility-cabinet.jpg
CAB-0008,cab-0008-black-steel-reeded-glass-display-cabinet,Black-Steel Reeded-Glass Display Cabinet,cabinets-storage/cabinets,1.0,0.42,1.8,3168,6196,2,296676,b1eb496507897051121b657bfa62609cc0233ea05cdd5cc723969e3305837f82,assets/cabinets-storage/cabinets/cab-0008-black-steel-reeded-glass-display-cabinet.usdz,previews/cabinets-storage/cabinets/cab-0008-black-steel-reeded-glass-display-cabinet.jpg
CAB-0009,cab-0009-travertine-monolith-cabinet,Travertine Monolith Cabinet,cabinets-storage/cabinets,1.15,0.48,1.4,1088,2132,1,545909,254d7a768bd8cd5c9636ecb2df97db1e1ff35fb558c4ea9f0bb99a5ae3bfb092,assets/cabinets-storage/cabinets/cab-0009-travertine-monolith-cabinet.usdz,previews/cabinets-storage/cabinets/cab-0009-travertine-monolith-cabinet.jpg
CAB-0010,cab-0010-fluted-walnut-radius-corner-cabinet,Fluted Walnut Radius-Corner Cabinet,cabinets-storage/cabinets,1.1,0.46,1.55,4296,8456,2,573732,ea99006ffe4b15427c75b203155564da6e7c6dfc33beb26d126ea5199a5ff341,assets/cabinets-storage/cabinets/cab-0010-fluted-walnut-radius-corner-cabinet.usdz,previews/cabinets-storage/cabinets/cab-0010-fluted-walnut-radius-corner-cabinet.jpg
CAB-0011,cab-0011-narrow-ash-louvered-utility-cabinet,Narrow Ash Louvered Utility Cabinet,cabinets-storage/cabinets,0.68,0.42,1.75,2628,5080,2,588222,07675f918a292a2c673824d1e7de90f9ea0756e960df414193fe3eef5fc7362e,assets/cabinets-storage/cabinets/cab-0011-narrow-ash-louvered-utility-cabinet.usdz,previews/cabinets-storage/cabinets/cab-0011-narrow-ash-louvered-utility-cabinet.jpg
CAB-0012,cab-0012-slim-birch-pull-out-pantry-cabinet,Slim Birch Pull-Out Pantry Cabinet,cabinets-storage/cabinets,0.7,0.48,1.7,1728,3380,2,590332,5203feb84ce1957934511a787c93f9f011b53ede28addcc75934d71befba037b,assets/cabinets-storage/cabinets/cab-0012-slim-birch-pull-out-pantry-cabinet.usdz,previews/cabinets-storage/cabinets/cab-0012-slim-birch-pull-out-pantry-cabinet.jpg
CAB-0013,cab-0013-rotating-birch-four-face-cabinet-tower,Rotating Birch Four-Face Cabinet Tower,cabinets-storage/cabinets,0.72,0.72,1.45,1784,3528,2,564794,df444af2c47c162e2429891b51e4f925fe6a904901d4b7279b44f9fc1f99ffdb,assets/cabinets-storage/cabinets/cab-0013-rotating-birch-four-face-cabinet-tower.usdz,previews/cabinets-storage/cabinets/cab-0013-rotating-birch-four-face-cabinet-tower.jpg
CAB-0014,cab-0014-rolling-sage-perforated-utility-cabinet,Rolling Sage Perforated Utility Cabinet,cabinets-storage/cabinets,0.9,0.46,1.2,15196,30028,2,602467,5e7145ecdf8458bc001f3af0ec9a2958a36607343b745fe0297679e3e3da1e62,assets/cabinets-storage/cabinets/cab-0014-rolling-sage-perforated-utility-cabinet.usdz,previews/cabinets-storage/cabinets/cab-0014-rolling-sage-perforated-utility-cabinet.jpg
CAB-0015,cab-0015-corner-walnut-fan-front-cabinet,Corner Walnut Fan-Front Cabinet,cabinets-storage/cabinets,0.820264,0.82,1.55,1264,2488,2,545328,83fc970e4c6d0abc63874d2ef11c3459273c00e575160c0eeeeecaa793f6db25,assets/cabinets-storage/cabinets/cab-0015-corner-walnut-fan-front-cabinet.usdz,previews/cabinets-storage/cabinets/cab-0015-corner-walnut-fan-front-cabinet.jpg
CAB-0016,cab-0016-circular-oak-halo-cabinet,Circular Oak Halo Cabinet,cabinets-storage/cabinets,1.35,0.43,1.55,7752,15460,2,1001565,af0356162376e7c6b5177959d4ef0cac97273ed22976ec00dd11645f50b7e7dc,assets/cabinets-storage/cabinets/cab-0016-circular-oak-halo-cabinet.usdz,previews/cabinets-storage/cabinets/cab-0016-circular-oak-halo-cabinet.jpg
CAB-0017,cab-0017-bent-plywood-wave-front-cabinet,Bent-Plywood Wave-Front Cabinet,cabinets-storage/cabinets,1.05,0.45,1.6,1568,3100,2,855318,ec3ca633c0cb159e29b966f424096891ab9c59811f4661c414fdb74230350428,assets/cabinets-storage/cabinets/cab-0017-bent-plywood-wave-front-cabinet.usdz,previews/cabinets-storage/cabinets/cab-0017-bent-plywood-wave-front-cabinet.jpg
CAB-0018,cab-0018-natural-rattan-arch-cane-door-cabinet,Natural-Rattan Arch Cane-Door Cabinet,cabinets-storage/cabinets,1.05,0.45,1.75,5028,9920,2,1288470,56ce9cf07cf455f41e7f23c6ed8e2ccd0eeff4d01d5e69c81ab13bc354bb066a,assets/cabinets-storage/cabinets/cab-0018-natural-rattan-arch-cane-door-cabinet.usdz,previews/cabinets-storage/cabinets/cab-0018-natural-rattan-arch-cane-door-cabinet.jpg
CAB-0019,cab-0019-color-block-recycled-plastic-modular-cabinet,Color-Block Recycled-Plastic Modular Cabinet,cabinets-storage/cabinets,1.35,0.4,1.45,4960,9740,7,2792526,3a01b3287e758e16d46b50c18526048efae19cd14a889c78b41645cb7b9a65ac,assets/cabinets-storage/cabinets/cab-0019-color-block-recycled-plastic-modular-cabinet.usdz,previews/cabinets-storage/cabinets/cab-0019-color-block-recycled-plastic-modular-cabinet.jpg
CAB-0020,cab-0020-brutalist-concrete-portal-cabinet,Brutalist Concrete Portal Cabinet,cabinets-storage/cabinets,1.3,0.5,1.55,1512,2956,2,500698,849d6907a220f59ddebb4dc1ded902c641ba3ad3610e7af456dd16d54f70be84,assets/cabinets-storage/cabinets/cab-0020-brutalist-concrete-portal-cabinet.usdz,previews/cabinets-storage/cabinets/cab-0020-brutalist-concrete-portal-cabinet.jpg
CHS-0001,chs-0001-jacobean-quarter-sawn-oak-panel-chest,Jacobean Quarter-Sawn Oak Panel Chest,cabinets-storage/chests,1.25,0.55,0.65,1968,3844,2,597721,cbd0c2d519a9e8b8a9f90f80e1eb7b11efa486b84ef787bbd6897add84332b92,assets/cabinets-storage/chests/chs-0001-jacobean-quarter-sawn-oak-panel-chest.usdz,previews/cabinets-storage/chests/chs-0001-jacobean-quarter-sawn-oak-panel-chest.jpg
CHS-0002,chs-0002-shaker-aromatic-cedar-hope-chest,Shaker Aromatic-Cedar Hope Chest,cabinets-storage/chests,1.15,0.52,0.6,1288,2512,2,555441,f51b9aafba3a540b06febbaee44ffa6df4fde696c2280767b6724cb38a0c7e8b,assets/cabinets-storage/chests/chs-0002-shaker-aromatic-cedar-hope-chest.usdz,previews/cabinets-storage/chests/chs-0002-shaker-aromatic-cedar-hope-chest.jpg
CHS-0003,chs-0003-campaign-mahogany-brass-bound-trunk,Campaign Mahogany Brass-Bound Trunk,cabinets-storage/chests,1.0,0.55,0.58,1720,3276,3,891042,51c8a06ffff85717d743f50c1c3da41792e5908f2c15e524bf96bccfd5e1b2b3,assets/cabinets-storage/chests/chs-0003-campaign-mahogany-brass-bound-trunk.usdz,previews/cabinets-storage/chests/chs-0003-campaign-mahogany-brass-bound-trunk.jpg
CHS-0004,chs-0004-korean-elm-bandaji-chest,Korean Elm Bandaji Chest,cabinets-storage/chests,1.1,0.5,0.72,2496,4920,2,725049,06ca07833c2b3f12889f2256ad402b3ccf83586cf371784b2b6aac8bfd99a759,assets/cabinets-storage/chests/chs-0004-korean-elm-bandaji-chest.usdz,previews/cabinets-storage/chests/chs-0004-korean-elm-bandaji-chest.jpg
CHS-0005,chs-0005-french-walnut-bombe-marriage-chest,French Walnut Bombe Marriage Chest,cabinets-storage/chests,1.2,0.55,0.72,1784,3480,2,958625,9d56bf6fbdb708c2429205aa26e635d91195d8d44c783140f983c215acd37c68,assets/cabinets-storage/chests/chs-0005-french-walnut-bombe-marriage-chest.usdz,previews/cabinets-storage/chests/chs-0005-french-walnut-bombe-marriage-chest.jpg
CHS-0006,chs-0006-scandinavian-white-oak-lift-top-chest,Scandinavian White-Oak Lift-Top Chest,cabinets-storage/chests,1.2,0.48,0.52,1128,2220,2,573101,8a04394ec059cb3d7c7b48b399dd4b382cd68b9883e573b3b9b50de39d16c405,assets/cabinets-storage/chests/chs-0006-scandinavian-white-oak-lift-top-chest.usdz,previews/cabinets-storage/chests/chs-0006-scandinavian-white-oak-lift-top-chest.jpg
CHS-0007,chs-0007-graphite-steel-six-drawer-flat-file-chest,Graphite-Steel Six-Drawer Flat-File Chest,cabinets-storage/chests,1.1,0.6,0.75,2032,3960,3,843225,81524d6c5ab22ffe8fd44d7406fd94ea12a2c11c698ec197af4e6107cbe5af0c,assets/cabinets-storage/chests/chs-0007-graphite-steel-six-drawer-flat-file-chest.usdz,previews/cabinets-storage/chests/chs-0007-graphite-steel-six-drawer-flat-file-chest.jpg
CHS-0008,chs-0008-birch-plywood-rolling-toy-chest,Birch-Plywood Rolling Toy Chest,cabinets-storage/chests,0.95,0.5,0.62,2944,5800,2,556609,6807854f83903c53af8a9f871223df4f7e14207ba700362a2484c18c0716824c,assets/cabinets-storage/chests/chs-0008-birch-plywood-rolling-toy-chest.usdz,previews/cabinets-storage/chests/chs-0008-birch-plywood-rolling-toy-chest.jpg
CHS-0009,chs-0009-white-lacquer-split-lid-storage-chest,White-Lacquer Split-Lid Storage Chest,cabinets-storage/chests,1.3,0.52,0.55,792,1560,2,300923,a5892424154423a088a6f553bf4beedfdbee399f248241155aa54dc871d8b0df,assets/cabinets-storage/chests/chs-0009-white-lacquer-split-lid-storage-chest.usdz,previews/cabinets-storage/chests/chs-0009-white-lacquer-split-lid-storage-chest.jpg
CHS-0010,chs-0010-blackened-steel-mobile-tool-chest,Blackened-Steel Mobile Tool Chest,cabinets-storage/chests,1.0,0.52,0.88,2912,5644,2,513395,6038916e1dc692725c90c29ade2a824fc5744ca8c4246d011fc2ecc0bb2ffc2d,assets/cabinets-storage/chests/chs-0010-blackened-steel-mobile-tool-chest.usdz,previews/cabinets-storage/chests/chs-0010-blackened-steel-mobile-tool-chest.jpg
CHS-0011,chs-0011-narrow-ash-five-drawer-lingerie-chest,Narrow Ash Five-Drawer Lingerie Chest,cabinets-storage/chests,0.55,0.42,1.25,1336,2612,2,881032,54e15c26da4ec92dc48e5d642bbdbf77213dc8ec6dd69f5c12c538c6ab18fb9b,assets/cabinets-storage/chests/chs-0011-narrow-ash-five-drawer-lingerie-chest.usdz,previews/cabinets-storage/chests/chs-0011-narrow-ash-five-drawer-lingerie-chest.jpg
CHS-0012,chs-0012-low-walnut-under-bed-rolling-chest,Low Walnut Under-Bed Rolling Chest,cabinets-storage/chests,1.2,0.65,0.28,1688,3324,2,628106,3d4581e073e199f3c58dc5e0c05e3ef8dfd6a12fa528abba3edaa039fd7c9567,assets/cabinets-storage/chests/chs-0012-low-walnut-under-bed-rolling-chest.usdz,previews/cabinets-storage/chests/chs-0012-low-walnut-under-bed-rolling-chest.jpg
CHS-0013,chs-0013-birch-step-form-storage-chest,Birch Step-Form Storage Chest,cabinets-storage/chests,1.0,0.5,0.9,960,1880,2,517054,b3f1281c4c8be948fd6f9dddd74a4c6b8721da48bb8aff13f9a406ee1bf8609a,assets/cabinets-storage/chests/chs-0013-birch-step-form-storage-chest.usdz,previews/cabinets-storage/chests/chs-0013-birch-step-form-storage-chest.jpg
CHS-0014,chs-0014-sage-corner-triangular-toy-chest,Sage Corner Triangular Toy Chest,cabinets-storage/chests,0.8,0.8,0.65,1120,2212,2,498901,9b8d6b839d9abf8b9e6932bfc26b464985791fe796bbe1d7223c69e93cd5c91d,assets/cabinets-storage/chests/chs-0014-sage-corner-triangular-toy-chest.usdz,previews/cabinets-storage/chests/chs-0014-sage-corner-triangular-toy-chest.jpg
CHS-0015,chs-0015-olive-canvas-folding-campaign-chest,Olive-Canvas Folding Campaign Chest,cabinets-storage/chests,0.75,0.450007,0.9,2072,4076,2,212476,9344396a715268e22bf0bf3177126a995c128db07fd962ee1eef2cb57dad6abc,assets/cabinets-storage/chests/chs-0015-olive-canvas-folding-campaign-chest.usdz,previews/cabinets-storage/chests/chs-0015-olive-canvas-folding-campaign-chest.jpg
CHS-0016,chs-0016-oak-drum-tambour-chest,Oak Drum Tambour Chest,cabinets-storage/chests,0.82,0.82,0.72,28180,55764,2,2188891,ae4f2f1f2d2c93e23184072a5351f0715c75ee74b83000c304171993db54b7d2,assets/cabinets-storage/chests/chs-0016-oak-drum-tambour-chest.usdz,previews/cabinets-storage/chests/chs-0016-oak-drum-tambour-chest.jpg
CHS-0017,chs-0017-faceted-burl-walnut-diamond-chest,Faceted Burl-Walnut Diamond Chest,cabinets-storage/chests,1.05,0.55,0.7,512,1004,2,523773,a55cdde47a9de6fa79aefdf207f30a8f97ed482d5ce19ae08f9ebbeb6edb3107,assets/cabinets-storage/chests/chs-0017-faceted-burl-walnut-diamond-chest.usdz,previews/cabinets-storage/chests/chs-0017-faceted-burl-walnut-diamond-chest.jpg
CHS-0018,chs-0018-natural-rattan-oval-pod-chest,Natural-Rattan Oval Pod Chest,cabinets-storage/chests,1.1,0.58,0.68,7744,15372,2,1077405,8ba4c7f96c45a5be5afa1762f915863077bdbe548a4a41de94d3cbede132962f,assets/cabinets-storage/chests/chs-0018-natural-rattan-oval-pod-chest.usdz,previews/cabinets-storage/chests/chs-0018-natural-rattan-oval-pod-chest.jpg
CHS-0019,chs-0019-smoked-acrylic-four-drawer-stack-chest,Smoked-Acrylic Four-Drawer Stack Chest,cabinets-storage/chests,0.75,0.48,1.05,2288,4504,3,373396,931c7888af3b01cc3cb3d6d2c3bacaf29a6065a126bfcb1e0a9e262482e16a7d,assets/cabinets-storage/chests/chs-0019-smoked-acrylic-four-drawer-stack-chest.usdz,previews/cabinets-storage/chests/chs-0019-smoked-acrylic-four-drawer-stack-chest.jpg
CHS-0020,chs-0020-brutalist-concrete-trough-chest,Brutalist Concrete Trough Chest,cabinets-storage/chests,1.25,0.55,0.65,1120,2184,2,526372,4f8ece6dbbae8c418e3d4614719af8a33b28147b2a3bee8bccecd5159ed99f26,assets/cabinets-storage/chests/chs-0020-brutalist-concrete-trough-chest.usdz,previews/cabinets-storage/chests/chs-0020-brutalist-concrete-trough-chest.jpg
CRD-0001,crd-0001-georgian-mahogany-breakfront-credenza,Georgian Mahogany Breakfront Credenza,cabinets-storage/credenzas,1.8,0.48,0.88,3576,7000,2,846408,1973582215b3a2bb531d6d36baccc7a55679656fb514ae8b7b8dfe92fd2eb3a3,assets/cabinets-storage/credenzas/crd-0001-georgian-mahogany-breakfront-credenza.usdz,previews/cabinets-storage/credenzas/crd-0001-georgian-mahogany-breakfront-credenza.jpg
CRD-0002,crd-0002-french-provincial-painted-oak-enfilade,French Provincial Painted-Oak Enfilade,cabinets-storage/credenzas,1.9,0.5,0.86,3944,7748,2,676103,9a5fe870d8ce61f2b53f3536627fb06719dbff7096aed599b55f684ab2c16fd7,assets/cabinets-storage/credenzas/crd-0002-french-provincial-painted-oak-enfilade.usdz,previews/cabinets-storage/credenzas/crd-0002-french-provincial-painted-oak-enfilade.jpg
CRD-0003,crd-0003-spanish-colonial-chestnut-credenza,Spanish Colonial Chestnut Credenza,cabinets-storage/credenzas,1.7,0.52,0.9,2992,5856,2,716809,b2db25f65fcfc543bad8a0fa5bf74223b6541cb51d84c147cdcfe26037aa0e97,assets/cabinets-storage/credenzas/crd-0003-spanish-colonial-chestnut-credenza.usdz,previews/cabinets-storage/credenzas/crd-0003-spanish-colonial-chestnut-credenza.jpg
CRD-0004,crd-0004-art-deco-macassar-waterfall-credenza,Art Deco Macassar Waterfall Credenza,cabinets-storage/credenzas,1.75,0.47,0.78,1112,2184,3,916589,74b2ed9fd21cc342a4ef1f966d3a291a8e25a935eb5236e12b23571e6a58cec5,assets/cabinets-storage/credenzas/crd-0004-art-deco-macassar-waterfall-credenza.usdz,previews/cabinets-storage/credenzas/crd-0004-art-deco-macassar-waterfall-credenza.jpg
CRD-0005,crd-0005-danish-teak-tambour-credenza,Danish Teak Tambour Credenza,cabinets-storage/credenzas,1.65,0.45,0.76,4376,8572,2,561995,a1df330ab5fdac75c08204cb930cbcad39692fa590dd92ff402577aebc1e51e5,assets/cabinets-storage/credenzas/crd-0005-danish-teak-tambour-credenza.usdz,previews/cabinets-storage/credenzas/crd-0005-danish-teak-tambour-credenza.jpg
CRD-0006,crd-0006-minimal-white-oak-sliding-door-credenza,Minimal White-Oak Sliding-Door Credenza,cabinets-storage/credenzas,1.8,0.42,0.72,592,1160,2,560124,8f6ff3c480543941fe7ef6dfbaaa24f7ee903b6b3a67a68e79366846a0529b6e,assets/cabinets-storage/credenzas/crd-0006-minimal-white-oak-sliding-door-credenza.usdz,previews/cabinets-storage/credenzas/crd-0006-minimal-white-oak-sliding-door-credenza.jpg
CRD-0007,crd-0007-graphite-steel-perforated-media-credenza,Graphite-Steel Perforated Media Credenza,cabinets-storage/credenzas,1.6,0.45,0.64,21464,42524,2,463233,d9e55876c5fe450d5d00c18361cb19b962397241073be9d388d7ab6ef6b06143,assets/cabinets-storage/credenzas/crd-0007-graphite-steel-perforated-media-credenza.usdz,previews/cabinets-storage/credenzas/crd-0007-graphite-steel-perforated-media-credenza.jpg
CRD-0008,crd-0008-walnut-white-lacquer-offset-module-credenza,Walnut-and-White Offset Module Credenza,cabinets-storage/credenzas,1.75,0.43,0.75,920,1800,3,713962,dda5e12ffeeabf1fe45e2e1561e8212a97623808fe8f12cdf1f78e3d5e5ebb02,assets/cabinets-storage/credenzas/crd-0008-walnut-white-lacquer-offset-module-credenza.usdz,previews/cabinets-storage/credenzas/crd-0008-walnut-white-lacquer-offset-module-credenza.jpg
CRD-0009,crd-0009-fluted-oak-four-door-credenza,Fluted-Oak Four-Door Credenza,cabinets-storage/credenzas,1.9,0.44,0.8,3504,6856,2,580727,93140b0debbefc7a5b6c2b29c4fc7ae936e615201ae1db296b8708715f9b520e,assets/cabinets-storage/credenzas/crd-0009-fluted-oak-four-door-credenza.usdz,previews/cabinets-storage/credenzas/crd-0009-fluted-oak-four-door-credenza.jpg
CRD-0010,crd-0010-office-file-and-supply-credenza,Office File-and-Supply Credenza,cabinets-storage/credenzas,1.5,0.5,0.72,2264,4456,2,533916,b756c16d15cddf6c6ca0fe2f7b63b89cc39ec587b0496811e424b04b584185e9,assets/cabinets-storage/credenzas/crd-0010-office-file-and-supply-credenza.usdz,previews/cabinets-storage/credenzas/crd-0010-office-file-and-supply-credenza.jpg
CRD-0011,crd-0011-narrow-ash-entry-credenza,Narrow Ash Entry Credenza,cabinets-storage/credenzas,1.1,0.35,0.82,1560,3068,2,551681,25b3d9757b91dfa7faba1f639cf9e5247161057daa253eb66834667653c5e8e9,assets/cabinets-storage/credenzas/crd-0011-narrow-ash-entry-credenza.usdz,previews/cabinets-storage/credenzas/crd-0011-narrow-ash-entry-credenza.jpg
CRD-0012,crd-0012-birch-rolling-printer-credenza,Birch Rolling Printer Credenza,cabinets-storage/credenzas,1.05,0.5,0.72,1744,3436,2,539263,ab4873238f64360ec9044eb382b37501ea6b930318d851b45255fa4d964233ba,assets/cabinets-storage/credenzas/crd-0012-birch-rolling-printer-credenza.usdz,previews/cabinets-storage/credenzas/crd-0012-birch-rolling-printer-credenza.jpg
CRD-0013,crd-0013-sage-corner-wedge-credenza,Sage Corner Wedge Credenza,cabinets-storage/credenzas,1.0,0.7,0.78,1024,2012,2,500705,e92967371b6826f93c84729142ce93c1d420daaf6d08034183d9cd77cfd872f3,assets/cabinets-storage/credenzas/crd-0013-sage-corner-wedge-credenza.usdz,previews/cabinets-storage/credenzas/crd-0013-sage-corner-wedge-credenza.jpg
CRD-0014,crd-0014-walnut-drop-leaf-serving-credenza,Walnut Drop-Leaf Serving Credenza,cabinets-storage/credenzas,1.200151,0.45,0.8,2088,4112,2,884931,d23dad99b498cca7f985effa7e62b73761ce0a97c58a20f0aad2a717ddea7719,assets/cabinets-storage/credenzas/crd-0014-walnut-drop-leaf-serving-credenza.usdz,previews/cabinets-storage/credenzas/crd-0014-walnut-drop-leaf-serving-credenza.jpg
CRD-0015,crd-0015-stacked-plywood-cube-credenza,Stacked Plywood Cube Credenza,cabinets-storage/credenzas,1.2,0.4,0.8,688,1344,2,511955,ea6a4793689643a2a341dbf03394b3dc3df7b3d5e52c473d0013e5eff8f1fd6c,assets/cabinets-storage/credenzas/crd-0015-stacked-plywood-cube-credenza.usdz,previews/cabinets-storage/credenzas/crd-0015-stacked-plywood-cube-credenza.jpg
CRD-0016,crd-0016-crescent-walnut-radial-credenza,Crescent Walnut Radial Credenza,cabinets-storage/credenzas,1.8,0.55,0.78,3584,7076,2,611202,7838b97296272cec4aeeb91346b3bf1ceed62269e4dd3b78cd5d66f738f8d3e8,assets/cabinets-storage/credenzas/crd-0016-crescent-walnut-radial-credenza.usdz,previews/cabinets-storage/credenzas/crd-0016-crescent-walnut-radial-credenza.jpg
CRD-0017,crd-0017-ribbed-travertine-monolith-credenza,Ribbed Travertine Monolith Credenza,cabinets-storage/credenzas,1.7,0.5,0.75,3608,7068,2,617081,646b2daf8dc7e1dd61a5810fb9ce194a3ce4b5aae0c1e12598f696feea7d2a61,assets/cabinets-storage/credenzas/crd-0017-ribbed-travertine-monolith-credenza.usdz,previews/cabinets-storage/credenzas/crd-0017-ribbed-travertine-monolith-credenza.jpg
CRD-0018,crd-0018-natural-rattan-wave-credenza,Natural-Rattan Wave Credenza,cabinets-storage/credenzas,1.75,0.48,0.76,3704,7356,2,645836,6c2623b3ea1cd12ff701b973263bc66d1feb28790b02bdff629b987b58827dbf,assets/cabinets-storage/credenzas/crd-0018-natural-rattan-wave-credenza.usdz,previews/cabinets-storage/credenzas/crd-0018-natural-rattan-wave-credenza.jpg
CRD-0019,crd-0019-smoked-acrylic-bridge-credenza,Smoked-Acrylic Bridge Credenza,cabinets-storage/credenzas,1.5,0.42,0.72,1408,2692,3,384479,1002a795bf5ae533250a4c7ea820b1c5a80358facfb24574ec91832fd9379122,assets/cabinets-storage/credenzas/crd-0019-smoked-acrylic-bridge-credenza.usdz,previews/cabinets-storage/credenzas/crd-0019-smoked-acrylic-bridge-credenza.jpg
CRD-0020,crd-0020-brutalist-charcoal-concrete-staggered-credenza,Brutalist Charcoal-Concrete Staggered Credenza,cabinets-storage/credenzas,1.85,0.55,0.82,1152,2256,2,522684,7929fdd53e200f5421848934eb095b7700f286d3a9b14ddb72cba79d20c29889,assets/cabinets-storage/credenzas/crd-0020-brutalist-charcoal-concrete-staggered-credenza.usdz,previews/cabinets-storage/credenzas/crd-0020-brutalist-charcoal-concrete-staggered-credenza.jpg
DRS-0001,drs-0001-georgian-mahogany-bow-front-dresser,Georgian Mahogany Bow-Front Dresser,cabinets-storage/dressers,1.15,0.52,0.95,3204,6104,2,927027,79b7f0b55214a95cec77dbd8430cd95464fb37b3be7edcb08f20613afe586138,assets/cabinets-storage/dressers/drs-0001-georgian-mahogany-bow-front-dresser.usdz,previews/cabinets-storage/dressers/drs-0001-georgian-mahogany-bow-front-dresser.jpg
DRS-0002,drs-0002-french-provincial-painted-ash-serpentine-dresser,French Provincial Painted-Ash Serpentine Dresser,cabinets-storage/dressers,1.35,0.55,0.88,5172,10220,2,1059874,045350bdfd550f0dd4d2e6e8783cb11919192eee54268018d570cfcd281bc0d5,assets/cabinets-storage/dressers/drs-0002-french-provincial-painted-ash-serpentine-dresser.usdz,previews/cabinets-storage/dressers/drs-0002-french-provincial-painted-ash-serpentine-dresser.jpg
DRS-0003,drs-0003-campaign-teak-brass-bound-dresser,Campaign Teak Brass-Bound Dresser,cabinets-storage/dressers,1.2,0.5,0.92,3616,6960,3,991145,27175e585897d06151a978a6cac4900e5ea9b2b4bfb3c208fac308f6c7231675,assets/cabinets-storage/dressers/drs-0003-campaign-teak-brass-bound-dresser.usdz,previews/cabinets-storage/dressers/drs-0003-campaign-teak-brass-bound-dresser.jpg
DRS-0004,drs-0004-shaker-cherry-seven-drawer-dresser,Shaker Cherry Seven-Drawer Dresser,cabinets-storage/dressers,1.3,0.5,0.96,2872,5664,1,504376,74641c9177a97f34db428b0a8f9398f291a285df58f2507a86a4e66bee9400ea,assets/cabinets-storage/dressers/drs-0004-shaker-cherry-seven-drawer-dresser.usdz,previews/cabinets-storage/dressers/drs-0004-shaker-cherry-seven-drawer-dresser.jpg
DRS-0005,drs-0005-art-deco-walnut-waterfall-dresser,Art Deco Walnut Waterfall Dresser,cabinets-storage/dressers,1.4,0.52,0.82,1632,3208,3,920481,5f00b85a066dfbf52d37ed22b048317e6195e165a997b6404080640edf0c50e6,assets/cabinets-storage/dressers/drs-0005-art-deco-walnut-waterfall-dresser.usdz,previews/cabinets-storage/dressers/drs-0005-art-deco-walnut-waterfall-dresser.jpg
DRS-0006,drs-0006-scandinavian-white-oak-nine-drawer-dresser,Scandinavian White-Oak Nine-Drawer Dresser,cabinets-storage/dressers,1.55,0.47,0.78,2768,5444,2,571526,e958469deee0cf697d30feec861074e77169e34c73a740787509a4bbe568f4be,assets/cabinets-storage/dressers/drs-0006-scandinavian-white-oak-nine-drawer-dresser.usdz,previews/cabinets-storage/dressers/drs-0006-scandinavian-white-oak-nine-drawer-dresser.jpg
DRS-0007,drs-0007-graphite-steel-eight-drawer-flat-file-dresser,Graphite-Steel Eight-Drawer Flat-File Dresser,cabinets-storage/dressers,1.35,0.58,0.82,2192,4280,2,403880,81ce69f42b13609cf972f8e239d2f983d11e728b499982230914aafc6b618d5f,assets/cabinets-storage/dressers/drs-0007-graphite-steel-eight-drawer-flat-file-dresser.usdz,previews/cabinets-storage/dressers/drs-0007-graphite-steel-eight-drawer-flat-file-dresser.jpg
DRS-0008,drs-0008-white-lacquer-handleless-six-drawer-dresser,White-Lacquer Handleless Six-Drawer Dresser,cabinets-storage/dressers,1.6,0.48,0.72,1696,3336,2,292814,63fd67e5bd4c6f8918ccc64dc30b09e45255a8c3e210e981198d12787e6dc453,assets/cabinets-storage/dressers/drs-0008-white-lacquer-handleless-six-drawer-dresser.usdz,previews/cabinets-storage/dressers/drs-0008-white-lacquer-handleless-six-drawer-dresser.jpg
DRS-0009,drs-0009-walnut-black-steel-asymmetric-dresser,Walnut-and-Black-Steel Asymmetric Dresser,cabinets-storage/dressers,1.45,0.48,0.86,1688,3304,2,546203,f758282971118f6c15fb46f34b8364e148ce08d6952e0b92d1b0dd2e6f7ed17f,assets/cabinets-storage/dressers/drs-0009-walnut-black-steel-asymmetric-dresser.usdz,previews/cabinets-storage/dressers/drs-0009-walnut-black-steel-asymmetric-dresser.jpg
DRS-0010,drs-0010-color-blocked-steel-mobile-eight-drawer-dresser,Color-Blocked Steel Mobile Eight-Drawer Dresser,cabinets-storage/dressers,1.25,0.5,0.78,2840,5580,7,1365948,233949c33533d0c8012eee80a61907241cc2fafc4721ea72ce5b6f091a3619dc,assets/cabinets-storage/dressers/drs-0010-color-blocked-steel-mobile-eight-drawer-dresser.usdz,previews/cabinets-storage/dressers/drs-0010-color-blocked-steel-mobile-eight-drawer-dresser.jpg
DRS-0011,drs-0011-narrow-ash-six-drawer-lingerie-dresser,Narrow Ash Six-Drawer Lingerie Dresser,cabinets-storage/dressers,0.58,0.43,1.28,1688,3308,2,560680,7fccf794be535b70314093f37c24dd1f462943f6e39de0111b095511cdab2395,assets/cabinets-storage/dressers/drs-0011-narrow-ash-six-drawer-lingerie-dresser.usdz,previews/cabinets-storage/dressers/drs-0011-narrow-ash-six-drawer-lingerie-dresser.jpg
DRS-0012,drs-0012-birch-changing-dresser-with-open-shelf,Birch Changing Dresser with Open Shelf,cabinets-storage/dressers,1.05,0.55,0.92,2624,5164,2,575265,5217ac5e5e4510489a10d2d940ac5cd20acfd2adda4e3949f5692df990ec53e1,assets/cabinets-storage/dressers/drs-0012-birch-changing-dresser-with-open-shelf.usdz,previews/cabinets-storage/dressers/drs-0012-birch-changing-dresser-with-open-shelf.jpg
DRS-0013,drs-0013-sage-corner-wedge-four-drawer-dresser,Sage Corner-Wedge Four-Drawer Dresser,cabinets-storage/dressers,0.9,0.72,0.92,2000,3948,2,540225,e8404ea9b6ea184b6835e1247e1a0b5a5f93432c507a645d988dd10894c3f7c0,assets/cabinets-storage/dressers/drs-0013-sage-corner-wedge-four-drawer-dresser.usdz,previews/cabinets-storage/dressers/drs-0013-sage-corner-wedge-four-drawer-dresser.jpg
DRS-0014,drs-0014-birch-step-form-four-drawer-dresser,Birch Step-Form Four-Drawer Dresser,cabinets-storage/dressers,1.05,0.46,1.05,1248,2444,2,540573,3869cb4fc034c156902656c6de363699c80909700ffa77904008c7c8ef8c9f12,assets/cabinets-storage/dressers/drs-0014-birch-step-form-four-drawer-dresser.usdz,previews/cabinets-storage/dressers/drs-0014-birch-step-form-four-drawer-dresser.jpg
DRS-0015,drs-0015-olive-canvas-folding-campaign-dresser,Olive-Canvas Folding Campaign Dresser,cabinets-storage/dressers,0.82,0.45,0.92,3408,6700,3,575546,9ca70f02478526346faa4fad4e57024b003801d2bb669c663cf5e7f864766bf9,assets/cabinets-storage/dressers/drs-0015-olive-canvas-folding-campaign-dresser.usdz,previews/cabinets-storage/dressers/drs-0015-olive-canvas-folding-campaign-dresser.jpg
DRS-0016,drs-0016-oak-drum-five-drawer-radial-dresser,Oak Drum Five-Drawer Radial Dresser,cabinets-storage/dressers,0.92,0.78,0.88,4116,7940,2,761447,2032f8c747e8d33f372c4363c0dab5cb7e43ba25c570989b1621cfe0b37505d4,assets/cabinets-storage/dressers/drs-0016-oak-drum-five-drawer-radial-dresser.usdz,previews/cabinets-storage/dressers/drs-0016-oak-drum-five-drawer-radial-dresser.jpg
DRS-0017,drs-0017-ivory-plaster-ripple-front-six-drawer-dresser,Ivory-Plaster Ripple-Front Six-Drawer Dresser,cabinets-storage/dressers,1.5,0.52,0.82,2664,5292,1,649085,90268bee508d87075e391296c6cd5ad36c4e5cad81015b14c2813128fb8fc471,assets/cabinets-storage/dressers/drs-0017-ivory-plaster-ripple-front-six-drawer-dresser.usdz,previews/cabinets-storage/dressers/drs-0017-ivory-plaster-ripple-front-six-drawer-dresser.jpg
DRS-0018,drs-0018-natural-rattan-wave-four-drawer-dresser,Natural-Rattan Wave Four-Drawer Dresser,cabinets-storage/dressers,1.38,0.5,0.8,2008,3996,1,605082,320e3e7b7c3195b6128e0b1c2f128cbab3679ad59aac18a0461d767e9a3c27c7,assets/cabinets-storage/dressers/drs-0018-natural-rattan-wave-four-drawer-dresser.usdz,previews/cabinets-storage/dressers/drs-0018-natural-rattan-wave-four-drawer-dresser.jpg
DRS-0019,drs-0019-smoked-acrylic-staggered-five-drawer-dresser,Smoked-Acrylic Staggered Five-Drawer Dresser,cabinets-storage/dressers,1.2,0.46,1.0,2328,4580,2,312947,8cafad83ecb3c19c3b4a651d1f8740535c2a534a68c7fb79e55fc848a8ab4ac0,assets/cabinets-storage/dressers/drs-0019-smoked-acrylic-staggered-five-drawer-dresser.usdz,previews/cabinets-storage/dressers/drs-0019-smoked-acrylic-staggered-five-drawer-dresser.jpg
DRS-0020,drs-0020-brutalist-concrete-cantilever-four-drawer-dresser,Brutalist Concrete Cantilever Four-Drawer Dresser,cabinets-storage/dressers,1.55,0.56,0.88,1440,2820,2,559739,ab98a521fd473e8ff66bf850d9eb6f65947a14540adadfdd67f95b30ca9e2a73,assets/cabinets-storage/dressers/drs-0020-brutalist-concrete-cantilever-four-drawer-dresser.usdz,previews/cabinets-storage/dressers/drs-0020-brutalist-concrete-cantilever-four-drawer-dresser.jpg
WRD-0001,wrd-0001-georgian-mahogany-double-door-wardrobe,Georgian Mahogany Double-Door Wardrobe,cabinets-storage/wardrobes,1.35,0.58,1.95,2272,4456,2,851865,5b895322e83c2a19c39f459f962c5e2ad56bc04c105a12534f9d2257b3108f07,assets/cabinets-storage/wardrobes/wrd-0001-georgian-mahogany-double-door-wardrobe.usdz,previews/cabinets-storage/wardrobes/wrd-0001-georgian-mahogany-double-door-wardrobe.jpg
WRD-0002,wrd-0002-french-provincial-painted-ash-triple-door-wardrobe,French Provincial Painted-Ash Triple-Door Wardrobe,cabinets-storage/wardrobes,1.65,0.6,1.9,6268,12376,2,1147055,7169439a5278b8b3f617267b826269a14ae9b62e22083bdc7e6db4822bc40cba,assets/cabinets-storage/wardrobes/wrd-0002-french-provincial-painted-ash-triple-door-wardrobe.usdz,previews/cabinets-storage/wardrobes/wrd-0002-french-provincial-painted-ash-triple-door-wardrobe.jpg
WRD-0003,wrd-0003-arts-and-crafts-quarter-sawn-oak-wardrobe,Arts-and-Crafts Quarter-Sawn-Oak Wardrobe,cabinets-storage/wardrobes,1.4,0.58,1.88,3384,6652,2,602152,98b90761c40600bf4bb8d247590fa6586b915fa9f03e48ea8d0bf6ce357277b7,assets/cabinets-storage/wardrobes/wrd-0003-arts-and-crafts-quarter-sawn-oak-wardrobe.usdz,previews/cabinets-storage/wardrobes/wrd-0003-arts-and-crafts-quarter-sawn-oak-wardrobe.jpg
WRD-0004,wrd-0004-campaign-teak-brass-bound-wardrobe,Campaign Teak Brass-Bound Wardrobe,cabinets-storage/wardrobes,1.45,0.62,1.92,3136,6020,3,998362,80c4099ed8a37cd4a66a678fb5963fb1e528630b389d1c7e0f32ff1f7e8c9e0d,assets/cabinets-storage/wardrobes/wrd-0004-campaign-teak-brass-bound-wardrobe.usdz,previews/cabinets-storage/wardrobes/wrd-0004-campaign-teak-brass-bound-wardrobe.jpg
WRD-0005,wrd-0005-art-deco-walnut-waterfall-three-door-wardrobe,Art Deco Walnut Waterfall Three-Door Wardrobe,cabinets-storage/wardrobes,1.7,0.6,1.85,1544,3040,3,942668,428954c4c721b9b35e116c6f86bb27978582e7c0861dfb1395aaaea7805e386b,assets/cabinets-storage/wardrobes/wrd-0005-art-deco-walnut-waterfall-three-door-wardrobe.usdz,previews/cabinets-storage/wardrobes/wrd-0005-art-deco-walnut-waterfall-three-door-wardrobe.jpg
WRD-0006,wrd-0006-scandinavian-white-oak-three-door-wardrobe,Scandinavian White-Oak Three-Door Wardrobe,cabinets-storage/wardrobes,1.6,0.56,1.85,1456,2852,2,577081,177a45b9ee72eae85e110a618894cecf42a193ec6ecde566f4115a8bcf949042,assets/cabinets-storage/wardrobes/wrd-0006-scandinavian-white-oak-three-door-wardrobe.usdz,previews/cabinets-storage/wardrobes/wrd-0006-scandinavian-white-oak-three-door-wardrobe.jpg
WRD-0007,wrd-0007-graphite-steel-four-door-locker-wardrobe,Graphite-Steel Four-Door Locker Wardrobe,cabinets-storage/wardrobes,1.4,0.55,1.9,2320,4504,2,405464,093f13a47c53083b91ec68d022222fffe9c36810756cb6a2924ac49603dc4704,assets/cabinets-storage/wardrobes/wrd-0007-graphite-steel-four-door-locker-wardrobe.usdz,previews/cabinets-storage/wardrobes/wrd-0007-graphite-steel-four-door-locker-wardrobe.jpg
WRD-0008,wrd-0008-white-lacquer-two-panel-sliding-wardrobe,White-Lacquer Two-Panel Sliding Wardrobe,cabinets-storage/wardrobes,1.8,0.58,1.82,784,1540,2,288005,063a9f9ddc62480698a44395d1960eaf84bc4b2cb14bbe05d60e025016999a31,assets/cabinets-storage/wardrobes/wrd-0008-white-lacquer-two-panel-sliding-wardrobe.usdz,previews/cabinets-storage/wardrobes/wrd-0008-white-lacquer-two-panel-sliding-wardrobe.jpg
WRD-0009,wrd-0009-walnut-black-steel-asymmetric-wardrobe,Walnut-Black-Steel Asymmetric Wardrobe,cabinets-storage/wardrobes,1.6,0.6,1.9,1664,3260,2,545830,223dbcb84c90c5724c6f1f8bf40fbcb00fcf4440a4b5995c52819bbb3b970dbd,assets/cabinets-storage/wardrobes/wrd-0009-walnut-black-steel-asymmetric-wardrobe.usdz,previews/cabinets-storage/wardrobes/wrd-0009-walnut-black-steel-asymmetric-wardrobe.jpg
WRD-0010,wrd-0010-color-blocked-steel-mobile-wardrobe,Color-Blocked Steel Mobile Wardrobe,cabinets-storage/wardrobes,1.45,0.58,1.78,2456,4828,6,1211132,0a58eafd50f6264b91a9f45015d16c59066c15841543bb43445ad4f1115d04cb,assets/cabinets-storage/wardrobes/wrd-0010-color-blocked-steel-mobile-wardrobe.usdz,previews/cabinets-storage/wardrobes/wrd-0010-color-blocked-steel-mobile-wardrobe.jpg
WRD-0011,wrd-0011-narrow-ash-single-door-wardrobe,Narrow Ash Single-Door Wardrobe,cabinets-storage/wardrobes,0.72,0.52,1.92,1112,2180,2,539434,944d186d7da7c135845c29e9247630f8877b00cb50f6e05225ce457fa53cd8d3,assets/cabinets-storage/wardrobes/wrd-0011-narrow-ash-single-door-wardrobe.usdz,previews/cabinets-storage/wardrobes/wrd-0011-narrow-ash-single-door-wardrobe.jpg
WRD-0012,wrd-0012-birch-corner-wedge-double-door-wardrobe,Birch Corner-Wedge Double-Door Wardrobe,cabinets-storage/wardrobes,1.1,0.820375,1.88,1528,3012,2,541424,68a836eda58ce6b95188dda16cec72adf03c63a23a33aa0899fd03459bfe5e2f,assets/cabinets-storage/wardrobes/wrd-0012-birch-corner-wedge-double-door-wardrobe.usdz,previews/cabinets-storage/wardrobes/wrd-0012-birch-corner-wedge-double-door-wardrobe.jpg
WRD-0013,wrd-0013-birch-step-form-three-compartment-wardrobe,Birch Step-Form Three-Compartment Wardrobe,cabinets-storage/wardrobes,1.45,0.55,1.9,1728,3384,2,574370,6280ef4f9b5317c2bf8790c3b1976ffae186feec99eb7d765aff62563f554bba,assets/cabinets-storage/wardrobes/wrd-0013-birch-step-form-three-compartment-wardrobe.usdz,previews/cabinets-storage/wardrobes/wrd-0013-birch-step-form-three-compartment-wardrobe.jpg
WRD-0014,wrd-0014-olive-canvas-folding-wardrobe,Olive-Canvas Folding Wardrobe,cabinets-storage/wardrobes,1.1,0.56015,1.749956,2792,5496,3,571336,45477ff96f070a154bc4dfdb162443b50447864878867893846cc13fdb7938fd,assets/cabinets-storage/wardrobes/wrd-0014-olive-canvas-folding-wardrobe.usdz,previews/cabinets-storage/wardrobes/wrd-0014-olive-canvas-folding-wardrobe.jpg
WRD-0015,wrd-0015-sage-rolling-wardrobe-open-shoe-shelf,Sage Rolling Wardrobe with Open Shoe Shelf,cabinets-storage/wardrobes,1.1,0.55,1.65,2588,5048,2,569100,b6a39004eb16eb470e952ce29c6aa61c62f20c307ba42ff6000a2afd1b080265,assets/cabinets-storage/wardrobes/wrd-0015-sage-rolling-wardrobe-open-shoe-shelf.usdz,previews/cabinets-storage/wardrobes/wrd-0015-sage-rolling-wardrobe-open-shoe-shelf.jpg
WRD-0016,wrd-0016-oak-drum-two-door-radial-wardrobe,Oak Drum Two-Door Radial Wardrobe,cabinets-storage/wardrobes,0.98,0.88,1.78,3084,5988,2,715847,ca526ddfdb99d71578aa5d32ea88f103e26dc9b2736b02ac4300c34fee154285,assets/cabinets-storage/wardrobes/wrd-0016-oak-drum-two-door-radial-wardrobe.usdz,previews/cabinets-storage/wardrobes/wrd-0016-oak-drum-two-door-radial-wardrobe.jpg
WRD-0017,wrd-0017-ivory-plaster-ripple-front-four-door-wardrobe,Ivory-Plaster Ripple-Front Four-Door Wardrobe,cabinets-storage/wardrobes,1.55,0.6,1.8,4944,9784,1,558453,d217811f77d64c05305a28b2de73c518397558feda668f686c03112029a52640,assets/cabinets-storage/wardrobes/wrd-0017-ivory-plaster-ripple-front-four-door-wardrobe.usdz,previews/cabinets-storage/wardrobes/wrd-0017-ivory-plaster-ripple-front-four-door-wardrobe.jpg
WRD-0018,wrd-0018-natural-rattan-wave-three-door-wardrobe,Natural-Rattan Wave Three-Door Wardrobe,cabinets-storage/wardrobes,1.5,0.58,1.78,9728,19336,1,1102281,4783dc57395dfe04745d456437014af5e752c0ea8d211011361f1780d65370d5,assets/cabinets-storage/wardrobes/wrd-0018-natural-rattan-wave-three-door-wardrobe.usdz,previews/cabinets-storage/wardrobes/wrd-0018-natural-rattan-wave-three-door-wardrobe.jpg
WRD-0019,wrd-0019-smoked-acrylic-staggered-three-bay-wardrobe,Smoked-Acrylic Staggered Three-Bay Wardrobe,cabinets-storage/wardrobes,1.45,0.58,1.9,1640,3228,3,406891,835887631e1d4de4e02ecd8871f12ae6fd5f8f995153242d4d78cad31df5c174,assets/cabinets-storage/wardrobes/wrd-0019-smoked-acrylic-staggered-three-bay-wardrobe.usdz,previews/cabinets-storage/wardrobes/wrd-0019-smoked-acrylic-staggered-three-bay-wardrobe.jpg
WRD-0020,wrd-0020-brutalist-concrete-cantilever-three-volume-wardrobe,Brutalist Concrete Cantilever Three-Volume Wardrobe,cabinets-storage/wardrobes,1.65,0.62,1.82,1152,2256,2,539042,4e39603ea373bc5b8539723bf7ff8e5b56883fcb4601902b6fa28e2d829a469f,assets/cabinets-storage/wardrobes/wrd-0020-brutalist-concrete-cantilever-three-volume-wardrobe.usdz,previews/cabinets-storage/wardrobes/wrd-0020-brutalist-concrete-cantilever-three-volume-wardrobe.jpg
ART-0001,art-0001-honed-travertine-mobius-loop-sculpture,Honed-Travertine Mobius Loop Sculpture,decor/art-objects,0.42,0.2,0.55,9728,19448,1,1158125,d8403cd4a0ca3d6b56bc6b8e070976ff6b643221275ec8e78cc8c00cf0f7910c,assets/decor/art-objects/art-0001-honed-travertine-mobius-loop-sculpture.usdz,previews/decor/art-objects/art-0001-honed-travertine-mobius-loop-sculpture.jpg
ART-0002,art-0002-blackened-steel-triple-interlocking-ring-sculpture,Blackened-Steel Triple Interlocking-Ring Sculpture,decor/art-objects,0.5,0.24,0.62,2256,4496,1,197336,984839efb74969f264978b5f045e9258b6b35dce02013b23ab04c7ac588882ef,assets/decor/art-objects/art-0002-blackened-steel-triple-interlocking-ring-sculpture.usdz,previews/decor/art-objects/art-0002-blackened-steel-triple-interlocking-ring-sculpture.jpg
ART-0003,art-0003-frosted-glass-twisted-ribbon-sculpture,Frosted-Glass Twisted-Ribbon Sculpture,decor/art-objects,0.32,0.22,0.72,1328,2644,3,860474,88060116b761c9675190e2593344f0230aebcee05d8ef87e0f7e2329a6a89b74,assets/decor/art-objects/art-0003-frosted-glass-twisted-ribbon-sculpture.usdz,previews/decor/art-objects/art-0003-frosted-glass-twisted-ribbon-sculpture.jpg
ART-0004,art-0004-white-ceramic-folded-arc-sculpture,White-Ceramic Folded-Arc Sculpture,decor/art-objects,0.4,0.22,0.5,1280,2540,1,287050,fa8b068fcd389fc6f2f86160890ff308e906eba97a7c15967e2c4d50bc7ad11c,assets/decor/art-objects/art-0004-white-ceramic-folded-arc-sculpture.usdz,previews/decor/art-objects/art-0004-white-ceramic-folded-arc-sculpture.jpg
ART-0005,art-0005-cast-brass-five-pebble-balance-sculpture,Cast-Brass Five-Pebble Balance Sculpture,decor/art-objects,0.32,0.28,0.66,3710,7392,2,870281,ab9936413f22958e6d503d0aaffad003c8dfda47e7094247fa05e1548f49afbe,assets/decor/art-objects/art-0005-cast-brass-five-pebble-balance-sculpture.usdz,previews/decor/art-objects/art-0005-cast-brass-five-pebble-balance-sculpture.jpg
ART-0006,art-0006-natural-oak-abstract-standing-figure,Natural-Oak Abstract Standing Figure,decor/art-objects,0.300087,0.22,0.76,2220,4412,1,581342,c3838989b92f7191d7d22800319b79208291369abd5789bea57a3e4b76d5119e,assets/decor/art-objects/art-0006-natural-oak-abstract-standing-figure.usdz,previews/decor/art-objects/art-0006-natural-oak-abstract-standing-figure.jpg
ART-0007,art-0007-verdigris-bronze-crane-sculpture,Verdigris-Bronze Crane Sculpture,decor/art-objects,0.46,0.28,0.9,3484,6884,1,565616,a45c7371a4486cfcf11ba399283a94e59983319d1d8123243b28405204494d78,assets/decor/art-objects/art-0007-verdigris-bronze-crane-sculpture.usdz,previews/decor/art-objects/art-0007-verdigris-bronze-crane-sculpture.jpg
ART-0008,art-0008-white-porcelain-embracing-figures-sculpture,White-Porcelain Embracing-Figures Sculpture,decor/art-objects,0.4,0.26,0.6,3456,6788,1,366849,fdd88f962e60b925869a0e296982d43bb0200e908205f8e0a24336bdc03f251f,assets/decor/art-objects/art-0008-white-porcelain-embracing-figures-sculpture.usdz,previews/decor/art-objects/art-0008-white-porcelain-embracing-figures-sculpture.jpg
ART-0009,art-0009-sandstone-seated-torso-sculpture,Sandstone Seated-Torso Sculpture,decor/art-objects,0.36,0.3,0.64,1702,3280,1,580708,821f82da92f5663c4886b6d43f4055fc4e1ca5e274f5a841e07e2d410bf66dde,assets/decor/art-objects/art-0009-sandstone-seated-torso-sculpture.usdz,previews/decor/art-objects/art-0009-sandstone-seated-torso-sculpture.jpg
ART-0010,art-0010-dark-walnut-abstract-horse-sculpture,Dark-Walnut Abstract Horse Sculpture,decor/art-objects,0.58,0.22,0.55,1988,3844,1,517619,5a6ae69c4deea7a6f89930ef3e64498b31324a9fd0396eea98c670da1e5a767e,assets/decor/art-objects/art-0010-dark-walnut-abstract-horse-sculpture.usdz,previews/decor/art-objects/art-0010-dark-walnut-abstract-horse-sculpture.jpg
ART-0011,art-0011-brass-five-arm-counterbalanced-mobile,Brass Five-Arm Counterbalanced Mobile,decor/art-objects,0.74,0.38,0.92,5682,11276,2,718623,2edee2378b574f2a0da9579605d909b25969aa0fd4de244511f7c5dac798884e,assets/decor/art-objects/art-0011-brass-five-arm-counterbalanced-mobile.usdz,previews/decor/art-objects/art-0011-brass-five-arm-counterbalanced-mobile.jpg
ART-0012,art-0012-polished-chrome-three-orbit-armillary,Polished-Chrome Three-Orbit Armillary,decor/art-objects,0.5,0.5,0.68,3738,7408,2,921876,fa75ad7c7faa074f68095d8d5a5825fe89f196c32eca9e1c8c2f1c48cdafc15e,assets/decor/art-objects/art-0012-polished-chrome-three-orbit-armillary.usdz,previews/decor/art-objects/art-0012-polished-chrome-three-orbit-armillary.jpg
ART-0013,art-0013-color-block-seven-cube-totem,Color-Block Seven-Cube Totem,decor/art-objects,0.36,0.32,0.88,1104,2152,4,568311,2d01ef5c318747d9e5f88be8a5f322f0009e687e1a52475598a0591c1a5fe84c,assets/decor/art-objects/art-0013-color-block-seven-cube-totem.usdz,previews/decor/art-objects/art-0013-color-block-seven-cube-totem.jpg
ART-0014,art-0014-black-steel-three-disc-balance-sculpture,Black-Steel Three-Disc Balance Sculpture,decor/art-objects,0.68,0.24,0.74,2016,3992,2,630297,ad21f61c0a5f26ec2afce86c08010678f893bc12b13f0e11ec7f63f195ca00c6,assets/decor/art-objects/art-0014-black-steel-three-disc-balance-sculpture.usdz,previews/decor/art-objects/art-0014-black-steel-three-disc-balance-sculpture.jpg
ART-0015,art-0015-opalescent-acrylic-six-vane-spiral-column,Opalescent-Acrylic Six-Vane Spiral Column,decor/art-objects,0.32,0.32,0.84,1640,3244,2,731720,beeaaac624f89bf893acd7498d0d5ddd917720302e8efa01e9ea93987ad8d4ef,assets/decor/art-objects/art-0015-opalescent-acrylic-six-vane-spiral-column.usdz,previews/decor/art-objects/art-0015-opalescent-acrylic-six-vane-spiral-column.jpg
ART-0016,art-0016-limestone-three-arch-architectural-maquette,Limestone Three-Arch Architectural Maquette,decor/art-objects,0.58,0.24,0.44,7404,14636,1,957882,acdaae5f1e57f7a83cba5794b3d535f0b73226ceab289d5f9b3dc26f548cd6d0,assets/decor/art-objects/art-0016-limestone-three-arch-architectural-maquette.usdz,previews/decor/art-objects/art-0016-limestone-three-arch-architectural-maquette.jpg
ART-0017,art-0017-oak-and-brass-nine-tread-stair-sculpture,Oak-and-Brass Nine-Tread Stair Sculpture,decor/art-objects,0.5,0.282387,0.56,856,1664,3,910599,d97b8ca45d4a95a2e8e04109ea35e25273f40ebbdf3098d11f6c88840b27c31e,assets/decor/art-objects/art-0017-oak-and-brass-nine-tread-stair-sculpture.usdz,previews/decor/art-objects/art-0017-oak-and-brass-nine-tread-stair-sculpture.jpg
ART-0018,art-0018-black-marble-offset-portal-pair-sculpture,Black-Marble Offset Portal-Pair Sculpture,decor/art-objects,0.540001,0.22,0.66,1264,2488,2,655476,10da35ebb945b28e95a26241fa1f185179a47d91164fb39ba79ceccda38a0263,assets/decor/art-objects/art-0018-black-marble-offset-portal-pair-sculpture.usdz,previews/decor/art-objects/art-0018-black-marble-offset-portal-pair-sculpture.jpg
ART-0019,art-0019-river-stone-seven-rock-cairn-sculpture,River-Stone Seven-Rock Cairn Sculpture,decor/art-objects,0.36,0.32,0.74,2978,5924,2,1020660,83bb1649af88bfbbd82a6878519b6a0b93e5078b49b71170c24e3e85bae1070c,assets/decor/art-objects/art-0019-river-stone-seven-rock-cairn-sculpture.usdz,previews/decor/art-objects/art-0019-river-stone-seven-rock-cairn-sculpture.jpg
ART-0020,art-0020-mixed-metal-twelve-ray-sunburst-object,Mixed-Metal Twelve-Ray Sunburst Object,decor/art-objects,0.639998,0.22,0.78,1936,3808,3,858588,18791287081abbd465c4211826092d0e6fb6f7db486ff659a54205dbc1928465,assets/decor/art-objects/art-0020-mixed-metal-twelve-ray-sunburst-object.usdz,previews/decor/art-objects/art-0020-mixed-metal-twelve-ray-sunburst-object.jpg
CLK-0001,clk-0001-brushed-brass-arched-mantel-clock,Brushed-Brass Arched Mantel Clock,decor/clocks,0.42,0.16,0.34,8304,16516,3,1087598,3fc413c3bff01c38769be2925d384eb80441ef5e22bccc7f0292ca3e6fd78095,assets/decor/clocks/clk-0001-brushed-brass-arched-mantel-clock.usdz,previews/decor/clocks/clk-0001-brushed-brass-arched-mantel-clock.jpg
CLK-0002,clk-0002-walnut-tambour-mantel-clock,Walnut Tambour Mantel Clock,decor/clocks,0.46,0.18,0.32,3696,7272,3,1199591,324cbc34129aa1a8af02fce296b59b5f06f3da049c29b30d56041aa776da1b58,assets/decor/clocks/clk-0002-walnut-tambour-mantel-clock.usdz,previews/decor/clocks/clk-0002-walnut-tambour-mantel-clock.jpg
CLK-0003,clk-0003-honed-travertine-drum-desk-clock,Honed-Travertine Drum Desk Clock,decor/clocks,0.3,0.14,0.28,3328,6576,2,1068189,818fcfa1bec58efa30c98d5da60fc1eb8709312b7f45ddafa846ef23d163b7ce,assets/decor/clocks/clk-0003-honed-travertine-drum-desk-clock.usdz,previews/decor/clocks/clk-0003-honed-travertine-drum-desk-clock.jpg
CLK-0004,clk-0004-frosted-glass-skeleton-table-clock,Frosted-Glass Skeleton Table Clock,decor/clocks,0.34,0.16,0.4,11008,21784,3,1350840,46c5fe46fbd41e86194af0cc574eb5291f421f6028c98cd4cab190c3f9d294a7,assets/decor/clocks/clk-0004-frosted-glass-skeleton-table-clock.usdz,previews/decor/clocks/clk-0004-frosted-glass-skeleton-table-clock.jpg
CLK-0005,clk-0005-sage-ceramic-twin-bell-alarm-clock,Sage-Ceramic Twin-Bell Alarm Clock,decor/clocks,0.299998,0.16,0.320001,9080,18024,3,755895,cb37525e01e62ba1ba42751a5e4fc40406b90ffe609652cebe6dd8efe2a94f5f,assets/decor/clocks/clk-0005-sage-ceramic-twin-bell-alarm-clock.usdz,previews/decor/clocks/clk-0005-sage-ceramic-twin-bell-alarm-clock.jpg
CLK-0006,clk-0006-natural-oak-arched-grandfather-clock,Natural-Oak Arched Grandfather Clock,decor/clocks,0.55,0.34,1.9,9216,18328,4,1526194,83a64ab5dbaff6caebd453cb7f6dcc4757b8380b85a2a7a2ede84b17ac13ed15,assets/decor/clocks/clk-0006-natural-oak-arched-grandfather-clock.usdz,previews/decor/clocks/clk-0006-natural-oak-arched-grandfather-clock.jpg
CLK-0007,clk-0007-matte-black-railway-regulator-floor-clock,Matte-Black Railway Regulator Floor Clock,decor/clocks,0.42,0.26,1.65,3168,6256,4,994555,291ce4a03f064efebe69e6d1a74420716e348be8ad69eab7199b1bc31be58f9f,assets/decor/clocks/clk-0007-matte-black-railway-regulator-floor-clock.usdz,previews/decor/clocks/clk-0007-matte-black-railway-regulator-floor-clock.jpg
CLK-0008,clk-0008-aged-brass-tripod-floor-clock,Aged-Brass Tripod Floor Clock,decor/clocks,0.76,0.519717,1.450027,8560,17028,3,998714,5b4a0c9e3ca7153f96046b2b4bdbab59725f14a0d39116823dae03880d3a21ab,assets/decor/clocks/clk-0008-aged-brass-tripod-floor-clock.usdz,previews/decor/clocks/clk-0008-aged-brass-tripod-floor-clock.jpg
CLK-0009,clk-0009-white-oak-glass-front-column-clock,White-Oak Glass-Front Column Clock,decor/clocks,0.46,0.3,1.75,3416,6736,4,1364791,a259786de73349e3568b67bccfdf9a60879d63a69e00cda9369235ec5b6d26db,assets/decor/clocks/clk-0009-white-oak-glass-front-column-clock.usdz,previews/decor/clocks/clk-0009-white-oak-glass-front-column-clock.jpg
CLK-0010,clk-0010-blackened-steel-open-frame-tower-clock,Blackened-Steel Open-Frame Tower Clock,decor/clocks,0.5,0.3,1.6,13456,26720,4,1491113,9179124321f20ca68e80512af65aada578c29b91ba866f46ef8bd4cb4b9de987,assets/decor/clocks/clk-0010-blackened-steel-open-frame-tower-clock.usdz,previews/decor/clocks/clk-0010-blackened-steel-open-frame-tower-clock.jpg
CLK-0011,clk-0011-polished-chrome-three-ring-armillary-clock,Polished-Chrome Three-Ring Armillary Clock,decor/clocks,0.36,0.24,0.44,10148,20168,4,1387198,4f0826677b1d2ac94db4184aa1e9123de35daf3f92ad929615b58d6cd68e506c,assets/decor/clocks/clk-0011-polished-chrome-three-ring-armillary-clock.usdz,previews/decor/clocks/clk-0011-polished-chrome-three-ring-armillary-clock.jpg
CLK-0012,clk-0012-brass-five-gear-skeleton-mantel-clock,Brass Five-Gear Skeleton Mantel Clock,decor/clocks,0.4,0.18,0.46,13380,26484,4,1626910,e261cd12e74f05f424ce44d20f0ba619fe958197712f0ec50f54f41bbcd5ba81,assets/decor/clocks/clk-0012-brass-five-gear-skeleton-mantel-clock.usdz,previews/decor/clocks/clk-0012-brass-five-gear-skeleton-mantel-clock.jpg
CLK-0013,clk-0013-black-steel-escapement-regulator-table-clock,Black-Steel Escapement Regulator Table Clock,decor/clocks,0.32,0.18,0.52,9712,19304,2,838368,c991887e435082edc3f932d884c93b504dfe45b2df4964ff2ae65d655b952900,assets/decor/clocks/clk-0013-black-steel-escapement-regulator-table-clock.usdz,previews/decor/clocks/clk-0013-black-steel-escapement-regulator-table-clock.jpg
CLK-0014,clk-0014-glass-dome-four-ball-anniversary-clock,Glass-Dome Four-Ball Anniversary Clock,decor/clocks,0.34,0.34,0.48,10874,21640,4,1288862,72237cfe7523a9b1f15abd804c0182222f687590ae30e9f113cf8dcd017d5116,assets/decor/clocks/clk-0014-glass-dome-four-ball-anniversary-clock.usdz,previews/decor/clocks/clk-0014-glass-dome-four-ball-anniversary-clock.jpg
CLK-0015,clk-0015-mahogany-gimbal-box-marine-chronometer,Mahogany Gimbal-Box Marine Chronometer,decor/clocks,0.38,0.299977,0.280052,4304,8504,4,1402064,a5761c0d9e4c8ce84aa9252acf4022ca622af8ff6c9f9f480e7290f8da5c79e6,assets/decor/clocks/clk-0015-mahogany-gimbal-box-marine-chronometer.usdz,previews/decor/clocks/clk-0015-mahogany-gimbal-box-marine-chronometer.jpg
CLK-0016,clk-0016-limestone-portal-suspended-clock,Limestone Portal-Suspended Clock,decor/clocks,0.46,0.18,0.54,9812,19492,2,1243182,575354186a1c0029c82478e60ee8ef9f1c0c90f5f6008623cb17e1c79f408f1c,assets/decor/clocks/clk-0016-limestone-portal-suspended-clock.usdz,previews/decor/clocks/clk-0016-limestone-portal-suspended-clock.jpg
CLK-0017,clk-0017-color-block-three-cube-stack-clock,Color-Block Three-Cube Stack Clock,decor/clocks,0.34,0.28,0.66,7584,15080,4,688568,f7ad57f68b6ee87616c9cc4e3d0199fde2436d56de7dc4e77860acf45aa1260f,assets/decor/clocks/clk-0017-color-block-three-cube-stack-clock.usdz,previews/decor/clocks/clk-0017-color-block-three-cube-stack-clock.jpg
CLK-0018,clk-0018-mixed-metal-triple-orbit-clock,Mixed-Metal Triple-Orbit Clock,decor/clocks,0.48,0.22,0.58,19100,37968,3,1698651,17d2ee0b26faf1400df302d9b7495a6c86aab80a352064fc740c59da72cc063e,assets/decor/clocks/clk-0018-mixed-metal-triple-orbit-clock.usdz,previews/decor/clocks/clk-0018-mixed-metal-triple-orbit-clock.jpg
CLK-0019,clk-0019-white-porcelain-pebble-pair-clock,White-Porcelain Pebble-Pair Clock,decor/clocks,0.34,0.2,0.48,8612,17144,2,810835,52d2f1527f6de135f7500e87ef88dc9ed7c503550a15a63eb5d984936b656729,assets/decor/clocks/clk-0019-white-porcelain-pebble-pair-clock.usdz,previews/decor/clocks/clk-0019-white-porcelain-pebble-pair-clock.jpg
CLK-0020,clk-0020-art-deco-seven-panel-fan-mantel-clock,Art-Deco Seven-Panel Fan Mantel Clock,decor/clocks,0.54,0.18,0.4,4068,8020,3,878546,4769fea28e64669917f71752274f918446cf7bd869a6f12e126d17f41ed55505,assets/decor/clocks/clk-0020-art-deco-seven-panel-fan-mantel-clock.usdz,previews/decor/clocks/clk-0020-art-deco-seven-panel-fan-mantel-clock.jpg
MIR-0001,mir-0001-thin-brass-round-halo-mirror,Thin-Brass Round Halo Mirror,decor/mirrors,0.72,0.06,0.72,1952,3884,3,715549,3b062b5eab8bbb4d38114f2ad33d1c4393900f26cad151d5de6e9b69b0097f20,assets/decor/mirrors/mir-0001-thin-brass-round-halo-mirror.usdz,previews/decor/mirrors/mir-0001-thin-brass-round-halo-mirror.jpg
MIR-0002,mir-0002-matte-black-capsule-mirror,Matte-Black Capsule Mirror,decor/mirrors,0.5,0.07,0.96,1536,3056,3,430224,cc68495ca49e287ec6e512c8c76c7d0c7e23cff0a53396e857e791bf6b4cbe78,assets/decor/mirrors/mir-0002-matte-black-capsule-mirror.usdz,previews/decor/mirrors/mir-0002-matte-black-capsule-mirror.jpg
MIR-0003,mir-0003-white-oak-rounded-rectangle-mirror,White-Oak Rounded-Rectangle Mirror,decor/mirrors,0.68,0.08,0.94,1984,3928,3,671120,b77375e95a19651ddae19546f65a8f2b4e8b9f3ebc546e9f385b27b8df2416b5,assets/decor/mirrors/mir-0003-white-oak-rounded-rectangle-mirror.usdz,previews/decor/mirrors/mir-0003-white-oak-rounded-rectangle-mirror.jpg
MIR-0004,mir-0004-travertine-eight-block-octagonal-mirror,Travertine Eight-Block Octagonal Mirror,decor/mirrors,0.76,0.1,0.76,1152,2264,3,772767,46f772ad73265472675afdbbe88883e37d88a5fff6e438b8d1babd02b208140e,assets/decor/mirrors/mir-0004-travertine-eight-block-octagonal-mirror.usdz,previews/decor/mirrors/mir-0004-travertine-eight-block-octagonal-mirror.jpg
MIR-0005,mir-0005-smoked-chrome-three-panel-triptych-mirror,Smoked-Chrome Three-Panel Triptych Mirror,decor/mirrors,1.2,0.08,0.7,2592,5140,3,709730,005b4160ef17f0571ae778f654e303985dbf2c0bd1841e28308c5da3a353d8b2,assets/decor/mirrors/mir-0005-smoked-chrome-three-panel-triptych-mirror.usdz,previews/decor/mirrors/mir-0005-smoked-chrome-three-panel-triptych-mirror.jpg
MIR-0006,mir-0006-dark-walnut-asymmetric-pebble-mirror,Dark-Walnut Asymmetric Pebble Mirror,decor/mirrors,0.72,0.09,0.92,2304,4596,3,848001,1bafe0c5ccff9a8cb9a42844de6bc5002bf04346a7c97df0d98c987f5f99de51,assets/decor/mirrors/mir-0006-dark-walnut-asymmetric-pebble-mirror.usdz,previews/decor/mirrors/mir-0006-dark-walnut-asymmetric-pebble-mirror.jpg
MIR-0007,mir-0007-natural-rattan-twenty-four-ray-sunburst-mirror,Natural-Rattan Twenty-Four-Ray Sunburst Mirror,decor/mirrors,0.92,0.1,0.92,6272,12440,3,1031048,da3dd1db418a90e5ea49a6cef9b3d15f4b8e18906e20d4c1d77226f3318874f8,assets/decor/mirrors/mir-0007-natural-rattan-twenty-four-ray-sunburst-mirror.usdz,previews/decor/mirrors/mir-0007-natural-rattan-twenty-four-ray-sunburst-mirror.jpg
MIR-0008,mir-0008-brushed-brass-twelve-lobe-scallop-mirror,Brushed-Brass Twelve-Lobe Scallop Mirror,decor/mirrors,0.76,0.08,0.76,7744,15384,3,816038,d982e768eb7f7fffa33b78173eb30c0b500ba2aa1bb7b599699ea64e44bb9d6e,assets/decor/mirrors/mir-0008-brushed-brass-twelve-lobe-scallop-mirror.usdz,previews/decor/mirrors/mir-0008-brushed-brass-twelve-lobe-scallop-mirror.jpg
MIR-0009,mir-0009-chalk-plaster-eight-wave-mirror,Chalk-Plaster Eight-Wave Mirror,decor/mirrors,0.68,0.1,0.9,2304,4596,3,807305,57db54dfc4807c977174e2a6d6bcedbb919e1a59552fd055f356b756c73a7762,assets/decor/mirrors/mir-0009-chalk-plaster-eight-wave-mirror.usdz,previews/decor/mirrors/mir-0009-chalk-plaster-eight-wave-mirror.jpg
MIR-0010,mir-0010-blackened-steel-teardrop-mirror,Blackened-Steel Teardrop Mirror,decor/mirrors,0.62,0.07,1.0,1344,2672,3,411961,d69048217794c0128ab79a444272c74ee6141f018df340fed46422a39dc24cf7,assets/decor/mirrors/mir-0010-blackened-steel-teardrop-mirror.usdz,previews/decor/mirrors/mir-0010-blackened-steel-teardrop-mirror.jpg
MIR-0011,mir-0011-clear-glass-twelve-petal-venetian-mirror,Clear-Glass Twelve-Petal Venetian Mirror,decor/mirrors,0.92,0.08,0.92,7336,14568,4,1055498,ab6b84697939fdc3d24202c0d59d7cde4f288f473f2e836f149b368bc31f1139,assets/decor/mirrors/mir-0011-clear-glass-twelve-petal-venetian-mirror.usdz,previews/decor/mirrors/mir-0011-clear-glass-twelve-petal-venetian-mirror.jpg
MIR-0012,mir-0012-black-and-brass-five-step-art-deco-fan-mirror,Black-and-Brass Five-Step Art-Deco Fan Mirror,decor/mirrors,0.899932,0.090402,0.780039,1920,3784,4,818962,9df2a0667f1c928d2c69ef44d59362b3c9f67791b70dd4a5ffe448082128dd7b,assets/decor/mirrors/mir-0012-black-and-brass-five-step-art-deco-fan-mirror.usdz,previews/decor/mirrors/mir-0012-black-and-brass-five-step-art-deco-fan-mirror.jpg
MIR-0013,mir-0013-antique-silver-thirty-bead-oval-mirror,Antique-Silver Thirty-Bead Oval Mirror,decor/mirrors,0.68,0.08,0.96,7764,15396,3,782567,8ceb23a0fe8aac42c1c26f5cb214a69fd227889b7a77ac2e93709521577b170b,assets/decor/mirrors/mir-0013-antique-silver-thirty-bead-oval-mirror.usdz,previews/decor/mirrors/mir-0013-antique-silver-thirty-bead-oval-mirror.jpg
MIR-0014,mir-0014-rose-gold-triple-arch-mirror,Rose-Gold Triple-Arch Mirror,decor/mirrors,0.9,0.08,0.84,2112,4184,3,702628,fa1c918e22d5a04ba27b8a469564e213bc8b42d385645ac3228dce0a822da036,assets/decor/mirrors/mir-0014-rose-gold-triple-arch-mirror.usdz,previews/decor/mirrors/mir-0014-rose-gold-triple-arch-mirror.jpg
MIR-0015,mir-0015-cobalt-ceramic-twenty-tile-frame-mirror,Cobalt-Ceramic Twenty-Tile Frame Mirror,decor/mirrors,0.7,0.1,0.9,2304,4520,4,457926,ed347157a73c4d15cd523dc08399aae65871b11fec2dd52138b522bc3bda77e9,assets/decor/mirrors/mir-0015-cobalt-ceramic-twenty-tile-frame-mirror.usdz,previews/decor/mirrors/mir-0015-cobalt-ceramic-twenty-tile-frame-mirror.jpg
MIR-0016,mir-0016-aged-bronze-pivot-bar-mirror,Aged-Bronze Pivot-Bar Mirror,decor/mirrors,0.64,0.16,1.1,1536,3028,3,626524,67527972d8b331bc31781a56a8688c4031b6ea817d04ef2f35b0115c4f57d9b2,assets/decor/mirrors/mir-0016-aged-bronze-pivot-bar-mirror.usdz,previews/decor/mirrors/mir-0016-aged-bronze-pivot-bar-mirror.jpg
MIR-0017,mir-0017-matte-black-shelf-and-two-peg-mirror,Matte-Black Shelf-and-Two-Peg Mirror,decor/mirrors,0.72,0.18,0.88,1408,2792,3,419320,8d4ab5c33fd55f7e06c142b534dfaddf5625cfd318d161f1c40c859a8c790bbf,assets/decor/mirrors/mir-0017-matte-black-shelf-and-two-peg-mirror.usdz,previews/decor/mirrors/mir-0017-matte-black-shelf-and-two-peg-mirror.jpg
MIR-0018,mir-0018-oak-and-leather-strap-round-mirror,Oak-and-Leather Strap Round Mirror,decor/mirrors,0.78,0.12,1.02,2952,5784,5,1657910,a55e7262729f0f7102f0842475b3c8b3cc00347b4a44a3bb5ebd147e92b42c0b,assets/decor/mirrors/mir-0018-oak-and-leather-strap-round-mirror.usdz,previews/decor/mirrors/mir-0018-oak-and-leather-strap-round-mirror.jpg
MIR-0019,mir-0019-frameless-four-clip-beveled-mirror,Frameless Four-Clip Beveled Mirror,decor/mirrors,0.62,0.05,0.92,1344,2648,4,862945,55fc449ca4f91257c05de4e03d1921cd29ad1e5c443bb36565a92dae8f8b70ae,assets/decor/mirrors/mir-0019-frameless-four-clip-beveled-mirror.usdz,previews/decor/mirrors/mir-0019-frameless-four-clip-beveled-mirror.jpg
MIR-0020,mir-0020-backlit-double-ring-arch-mirror,Backlit Double-Ring Arch Mirror,decor/mirrors,0.72,0.08,1.02,1768,3516,4,647853,699fe2132a596ffe0d96ca34adbd4d60237c4835beb950a897d1e4e1e0c4780a,assets/decor/mirrors/mir-0020-backlit-double-ring-arch-mirror.usdz,previews/decor/mirrors/mir-0020-backlit-double-ring-arch-mirror.jpg
VAS-0001,vas-0001-cobalt-double-gourd-porcelain-vase,Cobalt Double-Gourd Porcelain Vase,decor/vases,0.28,0.28,0.52,3156,6292,2,360213,23f7c23f6c286180adb6b74d21aa5694f9f63c595bb580b52987863b6e375cc9,assets/decor/vases/vas-0001-cobalt-double-gourd-porcelain-vase.usdz,previews/decor/vases/vas-0001-cobalt-double-gourd-porcelain-vase.jpg
VAS-0002,vas-0002-speckled-stoneware-two-handle-amphora-vase,Speckled-Stoneware Two-Handle Amphora Vase,decor/vases,0.36,0.3,0.46,3322,6524,2,732346,1b7392c21fa7a30fbdd966246eeec3efcf2c3d7b8f673101fc04fa47720265bc,assets/decor/vases/vas-0002-speckled-stoneware-two-handle-amphora-vase.usdz,previews/decor/vases/vas-0002-speckled-stoneware-two-handle-amphora-vase.jpg
VAS-0003,vas-0003-white-porcelain-sixteen-rib-trumpet-vase,White-Porcelain Sixteen-Rib Trumpet Vase,decor/vases,0.32,0.32,0.58,6432,12024,2,570336,a175d6b547753d78944335d070bac6bf50e0746f925a216bfa16360582c85397,assets/decor/vases/vas-0003-white-porcelain-sixteen-rib-trumpet-vase.usdz,previews/decor/vases/vas-0003-white-porcelain-sixteen-rib-trumpet-vase.jpg
VAS-0004,vas-0004-sage-ceramic-five-band-ring-vase,Sage-Ceramic Five-Band Ring Vase,decor/vases,0.34,0.34,0.44,4816,9616,2,293271,80b61c137155c09742f8eaf6846e30b002522f2db588b0f722c8bf05bfeed68d,assets/decor/vases/vas-0004-sage-ceramic-five-band-ring-vase.usdz,previews/decor/vases/vas-0004-sage-ceramic-five-band-ring-vase.jpg
VAS-0005,vas-0005-black-and-ivory-three-panel-slab-vase,Black-and-Ivory Three-Panel Slab Vase,decor/vases,0.38,0.16,0.5,1096,2160,3,315861,ddfde4b03521a36315367053c1be135fa111b99d60d5d5b1e9cca4b3c80f6135,assets/decor/vases/vas-0005-black-and-ivory-three-panel-slab-vase.usdz,previews/decor/vases/vas-0005-black-and-ivory-three-panel-slab-vase.jpg
VAS-0006,vas-0006-smoked-glass-long-neck-teardrop-vase,Smoked-Glass Long-Neck Teardrop Vase,decor/vases,0.3,0.3,0.55,2488,4960,2,272454,b646042d6531e2915f7f5cc23d4d2735ba6541eda2899043c793509aacfbac11,assets/decor/vases/vas-0006-smoked-glass-long-neck-teardrop-vase.usdz,previews/decor/vases/vas-0006-smoked-glass-long-neck-teardrop-vase.jpg
VAS-0007,vas-0007-amber-glass-three-bubble-vase,Amber-Glass Three-Bubble Vase,decor/vases,0.26,0.26,0.6,3142,6260,2,380788,79c6b1b05096fb521e43e30daf094ba647e4e0b7b987fd0e4313a7ee7c3b6f97,assets/decor/vases/vas-0007-amber-glass-three-bubble-vase.usdz,previews/decor/vases/vas-0007-amber-glass-three-bubble-vase.jpg
VAS-0008,vas-0008-clear-glass-twenty-four-rib-cylinder-vase,Clear-Glass Twenty-Four-Rib Cylinder Vase,decor/vases,0.3,0.3,0.48,5136,10164,2,434359,029ee2b68a2648c47814f6aeee2db2ce99f015e0cc1a8a89d5dc5ae1114a7291,assets/decor/vases/vas-0008-clear-glass-twenty-four-rib-cylinder-vase.usdz,previews/decor/vases/vas-0008-clear-glass-twenty-four-rib-cylinder-vase.jpg
VAS-0009,vas-0009-emerald-glass-seven-pleat-fan-vase,Emerald-Glass Seven-Pleat Fan Vase,decor/vases,0.42,0.18,0.38,1892,3692,2,201366,f5d52e9a966a001b3fcbb79f6b08d3b529d80d239b6496909da5bb1b777682c8,assets/decor/vases/vas-0009-emerald-glass-seven-pleat-fan-vase.usdz,previews/decor/vases/vas-0009-emerald-glass-seven-pleat-fan-vase.jpg
VAS-0010,vas-0010-frosted-opal-oval-loop-vase,Frosted-Opal Oval-Loop Vase,decor/vases,0.38,0.16,0.5,6130,12248,2,613652,15752743d6f149e77aa46f0e8e2827b04ef7ed30ec97380802740840a5c0b86d,assets/decor/vases/vas-0010-frosted-opal-oval-loop-vase.usdz,previews/decor/vases/vas-0010-frosted-opal-oval-loop-vase.jpg
VAS-0011,vas-0011-hammered-brass-two-ring-handle-urn-vase,Hammered-Brass Two-Ring-Handle Urn Vase,decor/vases,0.38,0.38,0.52,3384,6744,2,614098,fb0c612abcba5d970406ab50418aed2120d36660206ee6c7c3671e1bf377398b,assets/decor/vases/vas-0011-hammered-brass-two-ring-handle-urn-vase.usdz,previews/decor/vases/vas-0011-hammered-brass-two-ring-handle-urn-vase.jpg
VAS-0012,vas-0012-blackened-steel-six-facet-folded-vase,Blackened-Steel Six-Facet Folded Vase,decor/vases,0.3,0.24,0.66,278,540,2,174283,831f25737233dd677046b4012782616b6a8b0e87fea68fa347fcd9ae7f1b0850,assets/decor/vases/vas-0012-blackened-steel-six-facet-folded-vase.usdz,previews/decor/vases/vas-0012-blackened-steel-six-facet-folded-vase.jpg
VAS-0013,vas-0013-verdigris-copper-crescent-vase,Verdigris-Copper Crescent Vase,decor/vases,0.42,0.18,0.48,2210,4304,2,526230,45187031d758adef799ed096e2f4fc96c08b05ac39c8e2ada2d56392c1386fdd,assets/decor/vases/vas-0013-verdigris-copper-crescent-vase.usdz,previews/decor/vases/vas-0013-verdigris-copper-crescent-vase.jpg
VAS-0014,vas-0014-travertine-four-chamfer-block-vase,Travertine Four-Chamfer Block Vase,decor/vases,0.36,0.28,0.46,1024,2036,2,586440,37fec476392e41ec2571a1fb42b1949bd536d2a878fe142784c434383fb4376d,assets/decor/vases/vas-0014-travertine-four-chamfer-block-vase.usdz,previews/decor/vases/vas-0014-travertine-four-chamfer-block-vase.jpg
VAS-0015,vas-0015-alabaster-six-disc-floor-vase,Alabaster Six-Disc Floor Vase,decor/vases,0.38,0.38,0.72,4348,8660,2,826838,f3bc994540a895e15da9622b21c27b336f54181932470cacce18a0dd64112b43,assets/decor/vases/vas-0015-alabaster-six-disc-floor-vase.usdz,previews/decor/vases/vas-0015-alabaster-six-disc-floor-vase.jpg
VAS-0016,vas-0016-raku-offset-slit-mouth-vase,Raku Offset-Slit-Mouth Vase,decor/vases,0.36,0.34,0.46,2018,4008,3,548863,61a26dd7f33a6386b2218e3b9ee2f27374ebd89ed3d68b46618d01e6a6280c6d,assets/decor/vases/vas-0016-raku-offset-slit-mouth-vase.usdz,previews/decor/vases/vas-0016-raku-offset-slit-mouth-vase.jpg
VAS-0017,vas-0017-terracotta-nine-coil-two-handle-vase,Terracotta Nine-Coil Two-Handle Vase,decor/vases,0.34,0.34,0.54,7160,14204,2,728142,510e1ac682221069d235ddc187d19f48ed36de5e7c16b11e36cf68b8d4eb252f,assets/decor/vases/vas-0017-terracotta-nine-coil-two-handle-vase.usdz,previews/decor/vases/vas-0017-terracotta-nine-coil-two-handle-vase.jpg
VAS-0018,vas-0018-rattan-twelve-rib-three-ring-cage-vase,Rattan Twelve-Rib Three-Ring Cage Vase,decor/vases,0.42,0.42,0.56,9328,18024,3,1280577,457c06004fc3993756a430d3455d0e4a73eabbb06620e0d48b45ea0064c0e411,assets/decor/vases/vas-0018-rattan-twelve-rib-three-ring-cage-vase.usdz,previews/decor/vases/vas-0018-rattan-twelve-rib-three-ring-cage-vase.jpg
VAS-0019,vas-0019-recycled-glass-five-lobe-twist-vase,Recycled-Glass Five-Lobe Twist Vase,decor/vases,0.3,0.3,0.62,7988,15704,2,713629,231feb5489804b3f70ca0cf5b3ee61dc81324bd5da144871a10448065eb38fe5,assets/decor/vases/vas-0019-recycled-glass-five-lobe-twist-vase.usdz,previews/decor/vases/vas-0019-recycled-glass-five-lobe-twist-vase.jpg
VAS-0020,vas-0020-ivory-plaster-double-neck-bridge-vase,Ivory-Plaster Double-Neck Bridge Vase,decor/vases,0.46,0.2,0.52,3292,6508,2,655970,9426d2070bae89922a76c4f974b48d1c6af0e3f48070d4eac7dca2488d61609c,assets/decor/vases/vas-0020-ivory-plaster-double-neck-bridge-vase.usdz,previews/decor/vases/vas-0020-ivory-plaster-double-neck-bridge-vase.jpg
CRK-0001,crk-0001-georgian-mahogany-eight-hook-mirror-hall-tree,Georgian Mahogany Eight-Hook Mirror Hall Tree,entryway/coat-racks,0.82,0.42,1.88,4432,8404,3,1226194,42933088f5309eb95dcdfeba3e65dcf766c23c298c13104020ee83b4ffa76260,assets/entryway/coat-racks/crk-0001-georgian-mahogany-eight-hook-mirror-hall-tree.usdz,previews/entryway/coat-racks/crk-0001-georgian-mahogany-eight-hook-mirror-hall-tree.jpg
CRK-0002,crk-0002-french-provincial-painted-ash-six-scroll-hook-coat-tree,French Provincial Painted-Ash Six-Scroll-Hook Coat Tree,entryway/coat-racks,0.62,0.62,1.82,3204,5936,2,1027127,952f2f135879a0a532c2071df7b1c67e478a1af5e963bd362208d155d35d6f2b,assets/entryway/coat-racks/crk-0002-french-provincial-painted-ash-six-scroll-hook-coat-tree.usdz,previews/entryway/coat-racks/crk-0002-french-provincial-painted-ash-six-scroll-hook-coat-tree.jpg
CRK-0003,crk-0003-arts-and-crafts-oak-five-hook-slat-hall-rack,Arts-and-Crafts Oak Five-Hook Slat Hall Rack,entryway/coat-racks,0.9,0.36,1.78,2772,5236,2,948876,4d1c585f16e19459fb20e775451b73152fea2370862831b83a0b12bfc8c39360,assets/entryway/coat-racks/crk-0003-arts-and-crafts-oak-five-hook-slat-hall-rack.usdz,previews/entryway/coat-racks/crk-0003-arts-and-crafts-oak-five-hook-slat-hall-rack.jpg
CRK-0004,crk-0004-shaker-maple-eight-peg-two-tier-coat-tree,Shaker Maple Eight-Peg Two-Tier Coat Tree,entryway/coat-racks,0.679991,0.679991,1.760026,3840,7624,1,623066,82d277bb16d39a4eccc59b18727dcbb5e49e2839f7b47ad4bff9fa797e219f57,assets/entryway/coat-racks/crk-0004-shaker-maple-eight-peg-two-tier-coat-tree.usdz,previews/entryway/coat-racks/crk-0004-shaker-maple-eight-peg-two-tier-coat-tree.jpg
CRK-0005,crk-0005-campaign-teak-folding-six-hook-coat-stand,Campaign Teak Folding Six-Hook Coat Stand,entryway/coat-racks,0.72,0.58,1.74,3544,6728,3,1429251,44f11ae46faeaf278df1dede705b7778ce475f37a330f2e5f8cc52a8e9b39221,assets/entryway/coat-racks/crk-0005-campaign-teak-folding-six-hook-coat-stand.usdz,previews/entryway/coat-racks/crk-0005-campaign-teak-folding-six-hook-coat-stand.jpg
CRK-0006,crk-0006-black-steel-six-slider-t-frame-garment-rack,Black-Steel Six-Slider T-Frame Garment Rack,entryway/coat-racks,1.12,0.46,1.72,3656,6952,2,379199,80ac23c617204ecc31ff54e5a9284eeb6718a5fe7af9eab22dc58a6272e9746d,assets/entryway/coat-racks/crk-0006-black-steel-six-slider-t-frame-garment-rack.usdz,previews/entryway/coat-racks/crk-0006-black-steel-six-slider-t-frame-garment-rack.jpg
CRK-0007,crk-0007-white-oak-five-rung-ladder-coat-rack,White-Oak Five-Rung Ladder Coat Rack,entryway/coat-racks,0.7,0.450379,1.739983,3712,7364,2,647430,2d0fede28bdaa73a2497602b14c270218fac9baa5b50a75f9e90ba8319f16f9f,assets/entryway/coat-racks/crk-0007-white-oak-five-rung-ladder-coat-rack.usdz,previews/entryway/coat-racks/crk-0007-white-oak-five-rung-ladder-coat-rack.jpg
CRK-0008,crk-0008-graphite-perforated-spine-ten-peg-coat-stand,Graphite Perforated-Spine Ten-Peg Coat Stand,entryway/coat-racks,0.48,0.46,1.8,6456,12808,2,492973,c9f875591b10cb6967ddb178defc6adf7011ed77c8bfc7169944f3412cdf8808,assets/entryway/coat-racks/crk-0008-graphite-perforated-spine-ten-peg-coat-stand.usdz,previews/entryway/coat-racks/crk-0008-graphite-perforated-spine-ten-peg-coat-stand.jpg
CRK-0009,crk-0009-white-polymer-eight-hook-rotating-crown-coat-tree,White-Polymer Eight-Hook Rotating-Crown Coat Tree,entryway/coat-racks,0.68,0.68,1.75,5024,9588,2,515083,cbaa387aa8ce9bd4ee9155f7144529c7df2b2800c0c99f6948a558c7c733c8b5,assets/entryway/coat-racks/crk-0009-white-polymer-eight-hook-rotating-crown-coat-tree.usdz,previews/entryway/coat-racks/crk-0009-white-polymer-eight-hook-rotating-crown-coat-tree.jpg
CRK-0010,crk-0010-color-blocked-five-peg-modular-hall-rack,Color-Blocked Five-Peg Modular Hall Rack,entryway/coat-racks,0.88,0.441835,1.699864,2552,5056,6,1358062,ff50cb66b0f13ef774a0d611fd04dbedcd479d47efc2b381601b760cdb71cf2e,assets/entryway/coat-racks/crk-0010-color-blocked-five-peg-modular-hall-rack.usdz,previews/entryway/coat-racks/crk-0010-color-blocked-five-peg-modular-hall-rack.jpg
CRK-0011,crk-0011-narrow-ash-tri-post-corner-coat-tree,Narrow Ash Tri-Post Corner Coat Tree,entryway/coat-racks,0.460003,0.46,1.72,3840,7620,2,651842,ad6518a7e633369ce29919bc2da8a30102dc34a05990a11fc613492831a34f62,assets/entryway/coat-racks/crk-0011-narrow-ash-tri-post-corner-coat-tree.usdz,previews/entryway/coat-racks/crk-0011-narrow-ash-tri-post-corner-coat-tree.jpg
CRK-0012,crk-0012-birch-three-panel-nine-peg-folding-screen-rack,Birch Three-Panel Nine-Peg Folding-Screen Rack,entryway/coat-racks,1.18,0.38,1.66,6400,12636,2,944004,cdaca780bda39011978f1b46168f515384130cea7e637588ca027105ab1a6060,assets/entryway/coat-racks/crk-0012-birch-three-panel-nine-peg-folding-screen-rack.usdz,previews/entryway/coat-racks/crk-0012-birch-three-panel-nine-peg-folding-screen-rack.jpg
CRK-0013,crk-0013-sage-mobile-four-hook-garment-rail,Sage Mobile Four-Hook Garment Rail,entryway/coat-racks,1.02,0.5,1.68,4840,9408,2,673162,2be20b0947e5122876b278eec5d967d399d6ffa2d51ca1734b5ef841cc2aeba4,assets/entryway/coat-racks/crk-0013-sage-mobile-four-hook-garment-rail.usdz,previews/entryway/coat-racks/crk-0013-sage-mobile-four-hook-garment-rail.jpg
CRK-0014,crk-0014-telescoping-aluminum-two-arm-valet-rack,Telescoping Aluminum Two-Arm Valet Rack,entryway/coat-racks,0.52,0.52,1.82,4180,8052,2,744566,86823da50485e44b3c1df296aed5f2be3138450575c20934156d4dfa6a239232,assets/entryway/coat-racks/crk-0014-telescoping-aluminum-two-arm-valet-rack.usdz,previews/entryway/coat-racks/crk-0014-telescoping-aluminum-two-arm-valet-rack.jpg
CRK-0015,crk-0015-black-steel-twin-column-six-hook-nesting-rack,Black-Steel Twin-Column Six-Hook Nesting Rack,entryway/coat-racks,0.66,0.44,1.72,3472,6592,3,762116,9e647a71d8299832a7d5ba3a145f4cb4f17432c74613cecf9088defcd41152fc,assets/entryway/coat-racks/crk-0015-black-steel-twin-column-six-hook-nesting-rack.usdz,previews/entryway/coat-racks/crk-0015-black-steel-twin-column-six-hook-nesting-rack.jpg
CRK-0016,crk-0016-oak-drum-twelve-peg-crown-coat-tree,Oak Drum Twelve-Peg Crown Coat Tree,entryway/coat-racks,0.64,0.64,1.76,5824,11584,2,829812,85e29c7f605ad32a74fd7488319189f3b523cbfdb842f10adf6e83d96f66036d,assets/entryway/coat-racks/crk-0016-oak-drum-twelve-peg-crown-coat-tree.usdz,previews/entryway/coat-racks/crk-0016-oak-drum-twelve-peg-crown-coat-tree.jpg
CRK-0017,crk-0017-ivory-plaster-seven-rib-wave-coat-rack,Ivory-Plaster Seven-Rib Wave Coat Rack,entryway/coat-racks,0.84,0.48,1.7,3468,6560,2,765030,4329bc4f6eaaf2c06146d9e6f62118953d4d7bb295d86598113ce83611357dc6,assets/entryway/coat-racks/crk-0017-ivory-plaster-seven-rib-wave-coat-rack.usdz,previews/entryway/coat-racks/crk-0017-ivory-plaster-seven-rib-wave-coat-rack.jpg
CRK-0018,crk-0018-natural-rattan-six-loop-arch-coat-rack,Natural-Rattan Six-Loop Arch Coat Rack,entryway/coat-racks,0.86,0.48,1.74,15172,30152,3,1936852,5b9ffe64432de34cf7e8ee1db799ef26bf130f43c12aa03be502ddbc5270da59,assets/entryway/coat-racks/crk-0018-natural-rattan-six-loop-arch-coat-rack.usdz,previews/entryway/coat-racks/crk-0018-natural-rattan-six-loop-arch-coat-rack.jpg
CRK-0019,crk-0019-smoked-acrylic-five-plane-staggered-coat-rack,Smoked-Acrylic Five-Plane Staggered Coat Rack,entryway/coat-racks,0.72,0.46,1.78,1512,2968,2,297843,860d9614dd455f367c1f304ec31ab4038a530debf4c59930a77e82f24ed0826c,assets/entryway/coat-racks/crk-0019-smoked-acrylic-five-plane-staggered-coat-rack.usdz,previews/entryway/coat-racks/crk-0019-smoked-acrylic-five-plane-staggered-coat-rack.jpg
CRK-0020,crk-0020-brutalist-cork-steel-six-peg-slab-coat-rack,Brutalist Cork-and-Steel Six-Peg Slab Coat Rack,entryway/coat-racks,0.78,0.5,1.72,2592,5132,2,475210,14bc3750a277bf9c7a4cf59b089961ca61151b4d13ade01a9cd1838cdf6817c1,assets/entryway/coat-racks/crk-0020-brutalist-cork-steel-six-peg-slab-coat-rack.usdz,previews/entryway/coat-racks/crk-0020-brutalist-cork-steel-six-peg-slab-coat-rack.jpg
SHS-0001,shs-0001-georgian-mahogany-twelve-cubby-shoe-bench,Georgian Mahogany Twelve-Cubby Shoe Bench,entryway/shoe-storage,1.18,0.42,0.72,3832,7524,4,1285187,e85394d507c43f507246ba631f74c11568ecb3221f6c18af39a841365149c56d,assets/entryway/shoe-storage/shs-0001-georgian-mahogany-twelve-cubby-shoe-bench.usdz,previews/entryway/shoe-storage/shs-0001-georgian-mahogany-twelve-cubby-shoe-bench.jpg
SHS-0002,shs-0002-french-provincial-painted-ash-eight-compartment-louver-door-shoe-cabinet,French Provincial Painted-Ash Eight-Compartment Louver-Door Shoe Cabinet,entryway/shoe-storage,0.919997,0.400004,1.12,5828,11392,2,1057399,da2977af88dffd2d112312b23263d887d914223fa7780d0907e2dc3549637967,assets/entryway/shoe-storage/shs-0002-french-provincial-painted-ash-eight-compartment-louver-door-shoe-cabinet.usdz,previews/entryway/shoe-storage/shs-0002-french-provincial-painted-ash-eight-compartment-louver-door-shoe-cabinet.jpg
SHS-0003,shs-0003-campaign-teak-six-drawer-shoe-chest,Campaign Teak Six-Drawer Shoe Chest,entryway/shoe-storage,1.02,0.44,0.78,5080,9896,3,970231,472ff00cfff21be4f200caf92c2ba44afabf685db212cc76059038b3d5b4a3f6,assets/entryway/shoe-storage/shs-0003-campaign-teak-six-drawer-shoe-chest.usdz,previews/entryway/shoe-storage/shs-0003-campaign-teak-six-drawer-shoe-chest.jpg
SHS-0004,shs-0004-arts-and-crafts-oak-ten-slot-slat-shoe-bench,Arts-and-Crafts Oak Ten-Slot Slat Shoe Bench,entryway/shoe-storage,1.16,0.43,0.66,1656,3228,1,483828,444d9700875e5e8d0b033d56c5dd5b60abc65f34baa0bfbaf60dc18b7c3e080f,assets/entryway/shoe-storage/shs-0004-arts-and-crafts-oak-ten-slot-slat-shoe-bench.usdz,previews/entryway/shoe-storage/shs-0004-arts-and-crafts-oak-ten-slot-slat-shoe-bench.jpg
SHS-0005,shs-0005-art-deco-walnut-eight-tilt-bin-waterfall-shoe-cabinet,Art Deco Walnut Eight-Tilt-Bin Waterfall Shoe Cabinet,entryway/shoe-storage,1.08,0.42,0.92,2784,5464,3,933393,9bfc5be3075ec0abf3b9a134fd74afc9b4794d2096d7c76f043a726f8b9efc41,assets/entryway/shoe-storage/shs-0005-art-deco-walnut-eight-tilt-bin-waterfall-shoe-cabinet.usdz,previews/entryway/shoe-storage/shs-0005-art-deco-walnut-eight-tilt-bin-waterfall-shoe-cabinet.jpg
SHS-0006,shs-0006-scandinavian-white-oak-three-shelf-open-shoe-bench,Scandinavian White-Oak Three-Shelf Open Shoe Bench,entryway/shoe-storage,1.1,0.38,0.62,2208,4324,1,489121,09bce0bb3b56e666645b98ca847f48f33dde15235dc1fd2a814e207acb50171b,assets/entryway/shoe-storage/shs-0006-scandinavian-white-oak-three-shelf-open-shoe-bench.usdz,previews/entryway/shoe-storage/shs-0006-scandinavian-white-oak-three-shelf-open-shoe-bench.jpg
SHS-0007,shs-0007-graphite-steel-four-tilt-bin-shoe-cabinet,Graphite-Steel Four-Tilt-Bin Shoe Cabinet,entryway/shoe-storage,0.76,0.3,1.18,2832,5496,2,414508,a16e41a2427e915c3f9914bbc6f2467a05919b69df0b962dbf6541cf6401f1a5,assets/entryway/shoe-storage/shs-0007-graphite-steel-four-tilt-bin-shoe-cabinet.usdz,previews/entryway/shoe-storage/shs-0007-graphite-steel-four-tilt-bin-shoe-cabinet.jpg
SHS-0008,shs-0008-white-lacquer-six-shelf-perforated-door-shoe-console,White-Lacquer Six-Shelf Perforated-Door Shoe Console,entryway/shoe-storage,1.08,0.38,0.88,14944,29568,2,359106,eac670505cd1d931c88a782e030070d3655e3175e081344b4f25822d1f2c6fc3,assets/entryway/shoe-storage/shs-0008-white-lacquer-six-shelf-perforated-door-shoe-console.usdz,previews/entryway/shoe-storage/shs-0008-white-lacquer-six-shelf-perforated-door-shoe-console.jpg
SHS-0009,shs-0009-walnut-black-steel-nine-cubby-boot-bay-shoe-rack,Walnut-and-Black-Steel Nine-Cubby Boot-Bay Shoe Rack,entryway/shoe-storage,1.2,0.42,1.06,1416,2768,2,586259,dd1d2f8dfc672253b554ace1f128f581ef4e7ac0f01a89b3b00119e3c771dbeb,assets/entryway/shoe-storage/shs-0009-walnut-black-steel-nine-cubby-boot-bay-shoe-rack.usdz,previews/entryway/shoe-storage/shs-0009-walnut-black-steel-nine-cubby-boot-bay-shoe-rack.jpg
SHS-0010,shs-0010-color-blocked-six-crate-mobile-shoe-cart,Color-Blocked Six-Crate Mobile Shoe Cart,entryway/shoe-storage,1.0,0.44,0.82,5056,9884,7,1398133,99ccb7127ad35ec8d1e0aeda9393663f55b2e2f607022950198f831dbe08c079,assets/entryway/shoe-storage/shs-0010-color-blocked-six-crate-mobile-shoe-cart.usdz,previews/entryway/shoe-storage/shs-0010-color-blocked-six-crate-mobile-shoe-cart.jpg
SHS-0011,shs-0011-narrow-ash-ten-slot-vertical-shoe-tower,Narrow Ash Ten-Slot Vertical Shoe Tower,entryway/shoe-storage,0.38,0.36,1.58,1976,3852,2,530573,15d1c52e096d4211a2f91cb99b48b6d680fb8ba07440a5ee6f54a604a3e482be,assets/entryway/shoe-storage/shs-0011-narrow-ash-ten-slot-vertical-shoe-tower.usdz,previews/entryway/shoe-storage/shs-0011-narrow-ash-ten-slot-vertical-shoe-tower.jpg
SHS-0012,shs-0012-birch-corner-wedge-six-tray-shoe-tower,Birch Corner-Wedge Six-Tray Shoe Tower,entryway/shoe-storage,0.66,0.66,1.22,1704,3332,2,545345,d519aff93af4c16df1f5e5d6a797c0b926d87a214c5a357c571b828c49302983,assets/entryway/shoe-storage/shs-0012-birch-corner-wedge-six-tray-shoe-tower.usdz,previews/entryway/shoe-storage/shs-0012-birch-corner-wedge-six-tray-shoe-tower.jpg
SHS-0013,shs-0013-telescoping-aluminum-five-tier-expandable-shoe-rack,Telescoping Aluminum Five-Tier Expandable Shoe Rack,entryway/shoe-storage,0.98,0.36,0.96,6784,13448,2,579893,1d471496425ddbd0b01b84da4e660ea04810c684a347cde67dcae026f86591a5,assets/entryway/shoe-storage/shs-0013-telescoping-aluminum-five-tier-expandable-shoe-rack.usdz,previews/entryway/shoe-storage/shs-0013-telescoping-aluminum-five-tier-expandable-shoe-rack.jpg
SHS-0014,shs-0014-olive-canvas-eight-pocket-folding-shoe-organizer,Olive-Canvas Eight-Pocket Folding Shoe Organizer,entryway/shoe-storage,0.74,0.42,1.08,3648,7168,3,748205,8891081a92e7f9a535a69712bf29900238385b19dd864aeb7ddf173b41d37f1f,assets/entryway/shoe-storage/shs-0014-olive-canvas-eight-pocket-folding-shoe-organizer.usdz,previews/entryway/shoe-storage/shs-0014-olive-canvas-eight-pocket-folding-shoe-organizer.jpg
SHS-0015,shs-0015-sage-rotating-twelve-cubby-shoe-carousel,Sage Rotating Twelve-Cubby Shoe Carousel,entryway/shoe-storage,0.72,0.72,1.3,4992,9904,2,562977,7a6f931141035bc942fdc82889371b98346532c1bca5023c392fddb0229da792,assets/entryway/shoe-storage/shs-0015-sage-rotating-twelve-cubby-shoe-carousel.usdz,previews/entryway/shoe-storage/shs-0015-sage-rotating-twelve-cubby-shoe-carousel.jpg
SHS-0016,shs-0016-oak-drum-eight-bay-radial-shoe-cabinet,Oak Drum Eight-Bay Radial Shoe Cabinet,entryway/shoe-storage,0.86,0.8,0.92,2624,5200,2,657277,dd0880a0ee0c602e1ac8b2025ba932b874c72fa49df7b5e5d12ed9fb4d2d66cd,assets/entryway/shoe-storage/shs-0016-oak-drum-eight-bay-radial-shoe-cabinet.usdz,previews/entryway/shoe-storage/shs-0016-oak-drum-eight-bay-radial-shoe-cabinet.jpg
SHS-0017,shs-0017-ivory-plaster-seven-wave-shelf-shoe-rack,Ivory-Plaster Seven-Wave-Shelf Shoe Rack,entryway/shoe-storage,1.04,0.42,0.96,2576,5112,1,652412,c40babaf0ecc7ef8e8983e3b03271bbf2276722acac5b2f5a6e7d10d6976b884,assets/entryway/shoe-storage/shs-0017-ivory-plaster-seven-wave-shelf-shoe-rack.usdz,previews/entryway/shoe-storage/shs-0017-ivory-plaster-seven-wave-shelf-shoe-rack.jpg
SHS-0018,shs-0018-natural-rattan-six-basket-arch-shoe-cabinet,Natural-Rattan Six-Basket Arch Shoe Cabinet,entryway/shoe-storage,1.1,0.44,1.02,9528,18868,1,956722,08f5fb66c9b7365178e2ee4e28f5029638098a5ba56cfec89af06fa030e74bfc,assets/entryway/shoe-storage/shs-0018-natural-rattan-six-basket-arch-shoe-cabinet.usdz,previews/entryway/shoe-storage/shs-0018-natural-rattan-six-basket-arch-shoe-cabinet.jpg
SHS-0019,shs-0019-smoked-acrylic-five-tray-staggered-shoe-tower,Smoked-Acrylic Five-Tray Staggered Shoe Tower,entryway/shoe-storage,0.76,0.44,1.3,2608,5140,2,303097,e2dcc6aed0aa5de309612f5f909906523059c423cf8373a125f403383cee09e5,assets/entryway/shoe-storage/shs-0019-smoked-acrylic-five-tray-staggered-shoe-tower.usdz,previews/entryway/shoe-storage/shs-0019-smoked-acrylic-five-tray-staggered-shoe-tower.jpg
SHS-0020,shs-0020-brutalist-cork-steel-four-bay-cantilever-shoe-bench,Brutalist Cork-and-Steel Four-Bay Cantilever Shoe Bench,entryway/shoe-storage,1.16,0.46,0.68,1400,2744,2,470072,1809f92b028ce586e6341f64bbe53b3f18f966ba6a6f3e1b94a83a2ac8105dbf,assets/entryway/shoe-storage/shs-0020-brutalist-cork-steel-four-bay-cantilever-shoe-bench.usdz,previews/entryway/shoe-storage/shs-0020-brutalist-cork-steel-four-bay-cantilever-shoe-bench.jpg
UMB-0001,umb-0001-georgian-mahogany-twelve-spindle-umbrella-stand,Georgian Mahogany Twelve-Spindle Umbrella Stand,entryway/umbrella-stands,0.54,0.38,0.78,4928,9756,2,841018,0b3f82e318aa92f511888e172060b2d58c34c4f3a6d3aed72a14e3207fa0edf5,assets/entryway/umbrella-stands/umb-0001-georgian-mahogany-twelve-spindle-umbrella-stand.usdz,previews/entryway/umbrella-stands/umb-0001-georgian-mahogany-twelve-spindle-umbrella-stand.jpg
UMB-0002,umb-0002-french-provincial-painted-ash-six-bay-scalloped-umbrella-stand,French Provincial Painted-Ash Six-Bay Scalloped Umbrella Stand,entryway/umbrella-stands,0.62,0.42,0.9,22332,44248,2,2179795,09208cb253cedf6dc891b2b7b64d28cb48aab5a8b9e88857b1b0a191a9c4d778,assets/entryway/umbrella-stands/umb-0002-french-provincial-painted-ash-six-bay-scalloped-umbrella-stand.usdz,previews/entryway/umbrella-stands/umb-0002-french-provincial-painted-ash-six-bay-scalloped-umbrella-stand.jpg
UMB-0003,umb-0003-arts-and-crafts-oak-eight-slot-trestle-umbrella-rack,Arts-and-Crafts Oak Eight-Slot Trestle Umbrella Rack,entryway/umbrella-stands,0.72,0.4,0.76,2144,4176,3,912355,0e27f77486008b460a53f1afe38debbd4de762d3e3c9cc1f695c2bb490f6b9d8,assets/entryway/umbrella-stands/umb-0003-arts-and-crafts-oak-eight-slot-trestle-umbrella-rack.usdz,previews/entryway/umbrella-stands/umb-0003-arts-and-crafts-oak-eight-slot-trestle-umbrella-rack.jpg
UMB-0004,umb-0004-shaker-maple-ten-aperture-ring-umbrella-stand,Shaker Maple Ten-Aperture Ring Umbrella Stand,entryway/umbrella-stands,0.52,0.52,0.72,11200,22324,3,1291104,9aca80014b3ef8eede411cd420fa9270ff03cc0014bc2f7be5330e3cbf056082,assets/entryway/umbrella-stands/umb-0004-shaker-maple-ten-aperture-ring-umbrella-stand.usdz,previews/entryway/umbrella-stands/umb-0004-shaker-maple-ten-aperture-ring-umbrella-stand.jpg
UMB-0005,umb-0005-campaign-teak-four-compartment-folding-umbrella-stand,Campaign Teak Four-Compartment Folding Umbrella Stand,entryway/umbrella-stands,0.58,0.4,0.759997,2400,4724,4,1203252,ca5e361f89a946452064f2e9e27cb2e68fd177f20af5d3a03da06d77ba86a554,assets/entryway/umbrella-stands/umb-0005-campaign-teak-four-compartment-folding-umbrella-stand.usdz,previews/entryway/umbrella-stands/umb-0005-campaign-teak-four-compartment-folding-umbrella-stand.jpg
UMB-0006,umb-0006-graphite-steel-nine-aperture-grid-umbrella-stand,Graphite-Steel Nine-Aperture Grid Umbrella Stand,entryway/umbrella-stands,0.48,0.34,0.7,32024,63936,3,2180777,0a8433fab6fc1c0e2537267a3d536adf4da92840d7de2a63ea75b40ceed85fb1,assets/entryway/umbrella-stands/umb-0006-graphite-steel-nine-aperture-grid-umbrella-stand.usdz,previews/entryway/umbrella-stands/umb-0006-graphite-steel-nine-aperture-grid-umbrella-stand.jpg
UMB-0007,umb-0007-white-polymer-twelve-tube-honeycomb-umbrella-stand,White-Polymer Twelve-Tube Honeycomb Umbrella Stand,entryway/umbrella-stands,0.54,0.42,0.72,4512,8948,2,267494,da8988ef4016e960c8e479bcbc21a97738b8f32c69a737f4a8ef9b864619e29f,assets/entryway/umbrella-stands/umb-0007-white-polymer-twelve-tube-honeycomb-umbrella-stand.usdz,previews/entryway/umbrella-stands/umb-0007-white-polymer-twelve-tube-honeycomb-umbrella-stand.jpg
UMB-0008,umb-0008-brushed-aluminum-six-channel-fin-umbrella-stand,Brushed-Aluminum Six-Channel Fin Umbrella Stand,entryway/umbrella-stands,0.46,0.36,0.78,3320,6464,3,647581,db14566fd6d39437b1e7932962190be9e7397a2b28e6de85309c1b48e453606b,assets/entryway/umbrella-stands/umb-0008-brushed-aluminum-six-channel-fin-umbrella-stand.usdz,previews/entryway/umbrella-stands/umb-0008-brushed-aluminum-six-channel-fin-umbrella-stand.jpg
UMB-0009,umb-0009-walnut-black-steel-five-bay-slat-umbrella-stand,Walnut-and-Black-Steel Five-Bay Slat Umbrella Stand,entryway/umbrella-stands,0.7,0.34,0.82,2400,4732,3,653918,741053c7cb0c2d9abbc7c03c51b2f81274972e68e5360710f8f3f4476f96a4b7,assets/entryway/umbrella-stands/umb-0009-walnut-black-steel-five-bay-slat-umbrella-stand.usdz,previews/entryway/umbrella-stands/umb-0009-walnut-black-steel-five-bay-slat-umbrella-stand.jpg
UMB-0010,umb-0010-color-blocked-eight-cup-mobile-umbrella-cart,Color-Blocked Eight-Cup Mobile Umbrella Cart,entryway/umbrella-stands,0.78,0.44,0.78,8672,17252,7,1497575,b110f5acea783098f03ed40a3f025401c2e923b5751b6561712999ca2122f4d4,assets/entryway/umbrella-stands/umb-0010-color-blocked-eight-cup-mobile-umbrella-cart.usdz,previews/entryway/umbrella-stands/umb-0010-color-blocked-eight-cup-mobile-umbrella-cart.jpg
UMB-0011,umb-0011-narrow-ash-six-slot-corner-umbrella-tower,Narrow Ash Six-Slot Corner Umbrella Tower,entryway/umbrella-stands,0.36,0.36,0.82,2184,4292,2,536667,f2eefe455bb81448c54970ba5a60625b4763f9901faba736a4260b37238ef731,assets/entryway/umbrella-stands/umb-0011-narrow-ash-six-slot-corner-umbrella-tower.usdz,previews/entryway/umbrella-stands/umb-0011-narrow-ash-six-slot-corner-umbrella-tower.jpg
UMB-0012,umb-0012-birch-three-panel-nine-ring-folding-umbrella-rack,Birch Three-Panel Nine-Ring Folding Umbrella Rack,entryway/umbrella-stands,0.86,0.32,0.72,27904,55704,4,2820150,84f691b2bb80a999e873505cc6e9f4242be37ea9230672750f15e9bfdc048bae,assets/entryway/umbrella-stands/umb-0012-birch-three-panel-nine-ring-folding-umbrella-rack.usdz,previews/entryway/umbrella-stands/umb-0012-birch-three-panel-nine-ring-folding-umbrella-rack.jpg
UMB-0013,umb-0013-telescoping-aluminum-five-position-expandable-umbrella-rack,Telescoping Aluminum Five-Position Expandable Umbrella Rack,entryway/umbrella-stands,0.7,0.32,0.8,31104,62116,3,2294674,b7a1693ad60d2e0278691628f8cca1e90da0a1edbfb4cddc3e5611aa477cc513,assets/entryway/umbrella-stands/umb-0013-telescoping-aluminum-five-position-expandable-umbrella-rack.usdz,previews/entryway/umbrella-stands/umb-0013-telescoping-aluminum-five-position-expandable-umbrella-rack.jpg
UMB-0014,umb-0014-olive-canvas-eight-pocket-folding-umbrella-organizer,Olive-Canvas Eight-Pocket Folding Umbrella Organizer,entryway/umbrella-stands,0.62,0.36,0.84,3664,7036,3,777662,7b1ed29270ca915040d7c82157e78f01a071ea55a2c1282d6fb8830eab230bfa,assets/entryway/umbrella-stands/umb-0014-olive-canvas-eight-pocket-folding-umbrella-organizer.usdz,previews/entryway/umbrella-stands/umb-0014-olive-canvas-eight-pocket-folding-umbrella-organizer.jpg
UMB-0015,umb-0015-sage-rotating-twelve-tube-umbrella-carousel,Sage Rotating Twelve-Tube Umbrella Carousel,entryway/umbrella-stands,0.62,0.62,0.84,20096,40132,2,1299018,42844fbfe994e9f507bf5d19509325037bddd1ca6853e6cffb43caa4b3e380e8,assets/entryway/umbrella-stands/umb-0015-sage-rotating-twelve-tube-umbrella-carousel.usdz,previews/entryway/umbrella-stands/umb-0015-sage-rotating-twelve-tube-umbrella-carousel.jpg
UMB-0016,umb-0016-oak-drum-eight-sector-radial-umbrella-stand,Oak Drum Eight-Sector Radial Umbrella Stand,entryway/umbrella-stands,0.64,0.64,0.78,9472,18868,2,1045211,08203ec81acfb62e25e1a88ac741905f5de56f20a91db14101ee70a544d28861,assets/entryway/umbrella-stands/umb-0016-oak-drum-eight-sector-radial-umbrella-stand.usdz,previews/entryway/umbrella-stands/umb-0016-oak-drum-eight-sector-radial-umbrella-stand.jpg
UMB-0017,umb-0017-ivory-plaster-seven-wave-channel-umbrella-stand,Ivory-Plaster Seven-Wave-Channel Umbrella Stand,entryway/umbrella-stands,0.72,0.38,0.8,8800,17144,2,1009076,2b7edba4b66684c83d7db726c38f628f28adb536c25444335647cc738a3d75ae,assets/entryway/umbrella-stands/umb-0017-ivory-plaster-seven-wave-channel-umbrella-stand.usdz,previews/entryway/umbrella-stands/umb-0017-ivory-plaster-seven-wave-channel-umbrella-stand.jpg
UMB-0018,umb-0018-natural-rattan-six-sleeve-arch-umbrella-stand,Natural-Rattan Six-Sleeve Arch Umbrella Stand,entryway/umbrella-stands,0.78,0.42,0.9,14024,27880,2,1095032,f46b7961f4d45458d868b6a0f3ea4e3b8c548282cc4282cf5fcec562f51b7449,assets/entryway/umbrella-stands/umb-0018-natural-rattan-six-sleeve-arch-umbrella-stand.usdz,previews/entryway/umbrella-stands/umb-0018-natural-rattan-six-sleeve-arch-umbrella-stand.jpg
UMB-0019,umb-0019-smoked-acrylic-five-tube-staggered-umbrella-tower,Smoked-Acrylic Five-Tube Staggered Umbrella Tower,entryway/umbrella-stands,0.58,0.4,0.86,6048,12040,2,505239,1469df2bd9b69a3edc39a3d0a8da49ec84bfa3062ec5f7c6655cc16b99b010fd,assets/entryway/umbrella-stands/umb-0019-smoked-acrylic-five-tube-staggered-umbrella-tower.usdz,previews/entryway/umbrella-stands/umb-0019-smoked-acrylic-five-tube-staggered-umbrella-tower.jpg
UMB-0020,umb-0020-brutalist-cork-steel-four-bay-slab-umbrella-stand,Brutalist Cork-and-Steel Four-Bay Slab Umbrella Stand,entryway/umbrella-stands,0.72,0.38,0.82,2112,4160,2,471944,33ede2a52f7c9a9238c8fad69748e88116c9e3cc19e4c4ad3ea7957e410e8543,assets/entryway/umbrella-stands/umb-0020-brutalist-cork-steel-four-bay-slab-umbrella-stand.usdz,previews/entryway/umbrella-stands/umb-0020-brutalist-cork-steel-four-bay-slab-umbrella-stand.jpg
KSE-0001,kse-0001-georgian-ash-seven-spindle-child-windsor-chair,Georgian Ash Seven-Spindle Child Windsor Chair,kids/seating,0.38,0.4,0.66,5772,11428,1,658953,c931b5d5d2905ba8b126052b2091788810dfc06d191c73dd525435325a1f590f,assets/kids/seating/kse-0001-georgian-ash-seven-spindle-child-windsor-chair.usdz,previews/kids/seating/kse-0001-georgian-ash-seven-spindle-child-windsor-chair.jpg
KSE-0002,kse-0002-shaker-maple-three-slat-rush-seat-child-chair,Shaker Maple Three-Slat Rush-Seat Child Chair,kids/seating,0.360003,0.379999,0.64,1904,3728,2,944166,65b2856c478135fe49a68706405d27a7e85801385a0de386a752b6654630c378,assets/kids/seating/kse-0002-shaker-maple-three-slat-rush-seat-child-chair.usdz,previews/kids/seating/kse-0002-shaker-maple-three-slat-rush-seat-child-chair.jpg
KSE-0003,kse-0003-arts-and-crafts-oak-five-slat-library-child-chair,Arts-and-Crafts Oak Five-Slat Library Child Chair,kids/seating,0.4,0.42,0.68,1696,3324,1,525789,a979763c78954e1c2f6197e21b5187ebeac43ee7612e67c31c02b8a2b6c90611,assets/kids/seating/kse-0003-arts-and-crafts-oak-five-slat-library-child-chair.usdz,previews/kids/seating/kse-0003-arts-and-crafts-oak-five-slat-library-child-chair.jpg
KSE-0004,kse-0004-french-provincial-painted-ash-two-seat-reading-bench,French Provincial Painted-Ash Two-Seat Reading Bench,kids/seating,0.72,0.38,0.6,3524,6668,2,960187,eb846fa55a57070f24714e357eb53e7c5c659c17e57d4c725f3fe40adbac2c94,assets/kids/seating/kse-0004-french-provincial-painted-ash-two-seat-reading-bench.usdz,previews/kids/seating/kse-0004-french-provincial-painted-ash-two-seat-reading-bench.jpg
KSE-0005,kse-0005-campaign-teak-folding-canvas-child-chair,Campaign Teak Folding-Canvas Child Chair,kids/seating,0.42,0.46,0.68,2224,4392,3,1181436,6c56cd2c2185e54ff4ef720fb3f935c7cd5e88e09f2613fcdf9aae7faaac26a0,assets/kids/seating/kse-0005-campaign-teak-folding-canvas-child-chair.usdz,previews/kids/seating/kse-0005-campaign-teak-folding-canvas-child-chair.jpg
KSE-0006,kse-0006-scandinavian-white-oak-molded-shell-learning-chair,Scandinavian White-Oak Molded-Shell Learning Chair,kids/seating,0.399999,0.42,0.66,1904,3776,1,553802,942b70d2940b3d8186a0f482e62ac301d545ed8d9ed92504f809fa039546fd21,assets/kids/seating/kse-0006-scandinavian-white-oak-molded-shell-learning-chair.usdz,previews/kids/seating/kse-0006-scandinavian-white-oak-molded-shell-learning-chair.jpg
KSE-0007,kse-0007-color-blocked-bent-plywood-stackable-child-chair,Color-Blocked Bent-Plywood Stackable Child Chair,kids/seating,0.38,0.42,0.62,4736,9416,5,1317434,d162ddc34dfb825837d63c8ae650e3e82488867d2e1d75a686d0367f61b303fd,assets/kids/seating/kse-0007-color-blocked-bent-plywood-stackable-child-chair.usdz,previews/kids/seating/kse-0007-color-blocked-bent-plywood-stackable-child-chair.jpg
KSE-0008,kse-0008-graphite-adjustable-five-glide-child-study-chair,Graphite Adjustable Five-Glide Child Study Chair,kids/seating,0.44,0.48,0.74,8816,17564,2,841905,207305aae4723988d05a046dafb9eec7dd16fe6b4d384aa6b852ceda92485628,assets/kids/seating/kse-0008-graphite-adjustable-five-glide-child-study-chair.usdz,previews/kids/seating/kse-0008-graphite-adjustable-five-glide-child-study-chair.jpg
KSE-0009,kse-0009-sage-twelve-vent-classroom-child-chair,Sage Twelve-Vent Classroom Child Chair,kids/seating,0.38,0.4,0.6,5680,11272,3,1046978,3638956fb5ffc69eb2f1ce44efc087473dd69bbbccec1e9d38602a725f811516,assets/kids/seating/kse-0009-sage-twelve-vent-classroom-child-chair.usdz,previews/kids/seating/kse-0009-sage-twelve-vent-classroom-child-chair.jpg
KSE-0010,kse-0010-birch-two-place-collaborative-learning-bench,Birch Two-Place Collaborative Learning Bench,kids/seating,0.78,0.4,0.58,1808,3492,2,953438,922cd2e763ed5570900aff4701da388e9d36c8f9ddabd7e54b3a2a1557789466,assets/kids/seating/kse-0010-birch-two-place-collaborative-learning-bench.usdz,previews/kids/seating/kse-0010-birch-two-place-collaborative-learning-bench.jpg
KSE-0011,kse-0011-montessori-birch-reversible-two-height-cube-chair,Montessori Birch Reversible Two-Height Cube Chair,kids/seating,0.36,0.34,0.38,1576,3116,2,529217,f06388f3e87075e08359261880646d2f2f846f01c9eee45efe1f7f25ace09aee,assets/kids/seating/kse-0011-montessori-birch-reversible-two-height-cube-chair.usdz,previews/kids/seating/kse-0011-montessori-birch-reversible-two-height-cube-chair.jpg
KSE-0012,kse-0012-narrow-maple-six-notch-grow-with-me-chair,Narrow Maple Six-Notch Grow-With-Me Chair,kids/seating,0.36,0.42,0.72,1568,3080,2,514004,8551f27afb57212388ec3d7a08cdea9676ce69dc2ba6f85b34698ccafd64aea1,assets/kids/seating/kse-0012-narrow-maple-six-notch-grow-with-me-chair.usdz,previews/kids/seating/kse-0012-narrow-maple-six-notch-grow-with-me-chair.jpg
KSE-0013,kse-0013-triangular-cork-corner-reading-chair,Triangular Cork Corner Reading Chair,kids/seating,0.52,0.52,0.58,1464,2904,2,794256,0f5b473096a5b0e93af77f506a3a500bf7f5c5abd894a616e3aba17632d189db,assets/kids/seating/kse-0013-triangular-cork-corner-reading-chair.usdz,previews/kids/seating/kse-0013-triangular-cork-corner-reading-chair.jpg
KSE-0014,kse-0014-flat-pack-birch-eight-tab-child-stool,Flat-Pack Birch Eight-Tab Child Stool,kids/seating,0.34,0.34,0.36,1760,3468,2,547134,181a9f9655c18c3cb6be42952cc660201f4fa1c7c23991df2cb189c73b404645,assets/kids/seating/kse-0014-flat-pack-birch-eight-tab-child-stool.usdz,previews/kids/seating/kse-0014-flat-pack-birch-eight-tab-child-stool.jpg
KSE-0015,kse-0015-telescoping-aluminum-three-height-child-perch,Telescoping Aluminum Three-Height Child Perch,kids/seating,0.34,0.34,0.5,8128,16200,3,1297175,32cbfef7069e016f324bbf0e4cb03c4b604c3508d5885ad299ea6271ea9c477d,assets/kids/seating/kse-0015-telescoping-aluminum-three-height-child-perch.usdz,previews/kids/seating/kse-0015-telescoping-aluminum-three-height-child-perch.jpg
KSE-0016,kse-0016-rainbow-laminated-birch-five-arch-child-bench,Rainbow Laminated-Birch Five-Arch Child Bench,kids/seating,0.78,0.38,0.52,9476,18568,6,1943552,97a6d7852c6f9a4bee2cbcbddbbebcff79a1b3176dcd2720cf2028c3dbff0fec,assets/kids/seating/kse-0016-rainbow-laminated-birch-five-arch-child-bench.usdz,previews/kids/seating/kse-0016-rainbow-laminated-birch-five-arch-child-bench.jpg
KSE-0017,kse-0017-natural-rattan-six-petal-pod-child-chair,Natural-Rattan Six-Petal Pod Child Chair,kids/seating,0.56,0.52,0.7,32896,65604,2,2329981,dec20b2776867406b4f8b6eecb4308707c8f62b860e8a771564727a3fec43de7,assets/kids/seating/kse-0017-natural-rattan-six-petal-pod-child-chair.usdz,previews/kids/seating/kse-0017-natural-rattan-six-petal-pod-child-chair.jpg
KSE-0018,kse-0018-ivory-boucle-three-lobe-cloud-child-lounge-chair,Ivory-Boucle Three-Lobe Cloud Child Lounge Chair,kids/seating,0.62,0.5,0.54,3010,5992,2,582154,d69266baba95f21307f7115493d8b17d119304bb08def5d1e34885f1fa343eb5,assets/kids/seating/kse-0018-ivory-boucle-three-lobe-cloud-child-lounge-chair.usdz,previews/kids/seating/kse-0018-ivory-boucle-three-lobe-cloud-child-lounge-chair.jpg
KSE-0019,kse-0019-smoked-acrylic-continuous-loop-child-chair,Smoked-Acrylic Continuous-Loop Child Chair,kids/seating,0.46,0.48,0.64,1912,3704,2,352454,18bd4dfe66cfc7b8f0426a2b95bcde2a1ec2ffb11d18f079b5f2621afb37f85a,assets/kids/seating/kse-0019-smoked-acrylic-continuous-loop-child-chair.usdz,previews/kids/seating/kse-0019-smoked-acrylic-continuous-loop-child-chair.jpg
KSE-0020,kse-0020-brutalist-cork-and-steel-four-fin-child-bench,Brutalist Cork-and-Steel Four-Fin Child Bench,kids/seating,0.76,0.38,0.5,2600,5148,2,729029,903bee4bc6ae2664d394911194e2fca99a2d722bdbde6a29f68b1731492fb34e,assets/kids/seating/kse-0020-brutalist-cork-and-steel-four-fin-child-bench.usdz,previews/kids/seating/kse-0020-brutalist-cork-and-steel-four-fin-child-bench.jpg
KST-0001,kst-0001-georgian-painted-pine-eight-cubby-toy-cabinet,Georgian Painted-Pine Eight-Cubby Toy Cabinet,kids/storage,0.96,0.34,0.72,7532,14848,1,889088,0473cafbc4edb9646e53c6a6ecac1480795a6c17f84350e26e16fbe27193f789,assets/kids/storage/kst-0001-georgian-painted-pine-eight-cubby-toy-cabinet.usdz,previews/kids/storage/kst-0001-georgian-painted-pine-eight-cubby-toy-cabinet.jpg
KST-0002,kst-0002-shaker-maple-six-bin-stepped-toy-organizer,Shaker Maple Six-Bin Stepped Toy Organizer,kids/storage,0.84,0.4,0.68,3464,6796,1,459144,65e5fc676fc008651e4944205edfb3b7f1edaedf57e7f3a0275dcf911242953f,assets/kids/storage/kst-0002-shaker-maple-six-bin-stepped-toy-organizer.usdz,previews/kids/storage/kst-0002-shaker-maple-six-bin-stepped-toy-organizer.jpg
KST-0003,kst-0003-arts-and-crafts-oak-five-bay-picture-book-rack,Arts-and-Crafts Oak Five-Bay Picture-Book Rack,kids/storage,0.76,0.3,0.82,1712,3356,1,503688,0661e4101b44d69180957ac9f4af41a5a99378d8cb09e8af3f9a95091d81c8cb,assets/kids/storage/kst-0003-arts-and-crafts-oak-five-bay-picture-book-rack.usdz,previews/kids/storage/kst-0003-arts-and-crafts-oak-five-bay-picture-book-rack.jpg
KST-0004,kst-0004-french-provincial-painted-ash-three-drawer-dress-up-chest,French Provincial Painted-Ash Three-Drawer Dress-Up Chest,kids/storage,0.74,0.38,0.76,3216,6368,2,702567,b35425930b46fe69c102f404601ae14b8ebb42614689258712ecbf1987b9de19,assets/kids/storage/kst-0004-french-provincial-painted-ash-three-drawer-dress-up-chest.usdz,previews/kids/storage/kst-0004-french-provincial-painted-ash-three-drawer-dress-up-chest.jpg
KST-0005,kst-0005-campaign-teak-three-tray-mobile-toy-chest,Campaign Teak Three-Tray Mobile Toy Chest,kids/storage,0.72,0.4,0.66,3272,6440,3,955188,c8c3f332050832f8e469775f24c29406016895a2b4bffde2a08a851bca32b5e2,assets/kids/storage/kst-0005-campaign-teak-three-tray-mobile-toy-chest.usdz,previews/kids/storage/kst-0005-campaign-teak-three-tray-mobile-toy-chest.jpg
KST-0006,kst-0006-scandinavian-birch-twelve-cubby-classroom-organizer,Scandinavian Birch Twelve-Cubby Classroom Organizer,kids/storage,1.0,0.34,0.82,952,1860,2,517801,41fcc9900c03d2b8a033a0a1cad23b3b227f2d83c661a63905361f63fb9b57a8,assets/kids/storage/kst-0006-scandinavian-birch-twelve-cubby-classroom-organizer.usdz,previews/kids/storage/kst-0006-scandinavian-birch-twelve-cubby-classroom-organizer.jpg
KST-0007,kst-0007-color-blocked-plywood-nine-bin-learning-organizer,Color-Blocked Plywood Nine-Bin Learning Organizer,kids/storage,0.96,0.420001,0.78,5008,9824,4,932727,494e570986cfe35c4baaaa891d971b49bc047610ae112339f02864fd5ad86443,assets/kids/storage/kst-0007-color-blocked-plywood-nine-bin-learning-organizer.usdz,previews/kids/storage/kst-0007-color-blocked-plywood-nine-bin-learning-organizer.jpg
KST-0008,kst-0008-white-oak-five-slot-mobile-picture-book-cart,White-Oak Five-Slot Mobile Picture-Book Cart,kids/storage,0.76,0.42,0.68,3472,6868,3,922674,a3e804f2a9f633a86a70aba685093a4e16d525002e03ee016efdece1a9c1b7ec,assets/kids/storage/kst-0008-white-oak-five-slot-mobile-picture-book-cart.usdz,previews/kids/storage/kst-0008-white-oak-five-slot-mobile-picture-book-cart.jpg
KST-0009,kst-0009-graphite-steel-six-basket-maker-supply-cart,Graphite Steel Six-Basket Maker-Supply Cart,kids/storage,0.7,0.42,0.84,12356,24372,2,533393,37b0120604ab2e852907bc5bff8b646136bcb551768b020dbe5364d2c0e2d8dc,assets/kids/storage/kst-0009-graphite-steel-six-basket-maker-supply-cart.usdz,previews/kids/storage/kst-0009-graphite-steel-six-basket-maker-supply-cart.jpg
KST-0010,kst-0010-birch-two-sided-eight-bay-learning-island,Birch Two-Sided Eight-Bay Learning Island,kids/storage,1.1,0.6,0.68,1192,2344,2,541150,f2a9bbc90fbade87b4e040f6a9a85042eb2c043ab7d1cee4a6ee3cebc394a864,assets/kids/storage/kst-0010-birch-two-sided-eight-bay-learning-island.usdz,previews/kids/storage/kst-0010-birch-two-sided-eight-bay-learning-island.jpg
KST-0011,kst-0011-montessori-birch-four-tilt-bin-low-shelf,Montessori Birch Four-Tilt-Bin Low Shelf,kids/storage,0.72,0.36,0.52,3216,6332,2,568214,dacb29f4c157576faaf12398096f292b7f2ded1ebfbe07bea78ff6816cc2233a,assets/kids/storage/kst-0011-montessori-birch-four-tilt-bin-low-shelf.usdz,previews/kids/storage/kst-0011-montessori-birch-four-tilt-bin-low-shelf.jpg
KST-0012,kst-0012-narrow-maple-seven-ledge-book-tower,Narrow Maple Seven-Ledge Book Tower,kids/storage,0.36,0.32,0.96,1800,3532,2,501277,743df76780ba46943cd04a516523961f69e3a611ce7db4f6cc237163acfa3c45,assets/kids/storage/kst-0012-narrow-maple-seven-ledge-book-tower.usdz,previews/kids/storage/kst-0012-narrow-maple-seven-ledge-book-tower.jpg
KST-0013,kst-0013-triangular-cork-six-cubby-corner-tower,Triangular Cork Six-Cubby Corner Tower,kids/storage,0.52,0.52,0.84,1464,2872,2,401453,fdf0157001254da34d4bcabdfdc3710d4fe1d0c8e094c08429740c84ebcb1892,assets/kids/storage/kst-0013-triangular-cork-six-cubby-corner-tower.usdz,previews/kids/storage/kst-0013-triangular-cork-six-cubby-corner-tower.jpg
KST-0014,kst-0014-flat-pack-birch-four-crate-locking-storage-tower,Flat-Pack Birch Four-Crate Locking Storage Tower,kids/storage,0.42,0.38,0.86,4096,8064,2,576851,71e2c8f89a206b290f7fb7ffcbfb89b2c7a34e98d263181fcbd8f774015f9556,assets/kids/storage/kst-0014-flat-pack-birch-four-crate-locking-storage-tower.usdz,previews/kids/storage/kst-0014-flat-pack-birch-four-crate-locking-storage-tower.jpg
KST-0015,kst-0015-rotating-maple-eight-sector-art-caddy,Rotating Maple Eight-Sector Art Caddy,kids/storage,0.48,0.48,0.62,17056,33636,2,1658478,0070c3ec487a61374a3bac7d16f58c0d31abeba0066250d9f26adb211e09e1f4,assets/kids/storage/kst-0015-rotating-maple-eight-sector-art-caddy.usdz,previews/kids/storage/kst-0015-rotating-maple-eight-sector-art-caddy.jpg
KST-0016,kst-0016-rainbow-laminated-birch-seven-arch-cubby-cabinet,Rainbow Laminated-Birch Seven-Arch Cubby Cabinet,kids/storage,1.02,0.36,0.76,11500,22564,8,2073042,bdfd6b8d009f2462cc5b6216dbc9048f2c8d00b3b81bd051e9885b4b78e8c8c6,assets/kids/storage/kst-0016-rainbow-laminated-birch-seven-arch-cubby-cabinet.usdz,previews/kids/storage/kst-0016-rainbow-laminated-birch-seven-arch-cubby-cabinet.jpg
KST-0017,kst-0017-natural-rattan-six-basket-carousel-tower,Natural-Rattan Six-Basket Carousel Tower,kids/storage,0.58,0.58,0.88,36168,71248,2,2878464,e914566daba3bd323802c3f9b0b9e20431b399aa80afbd7e32179f0bed8f3b9f,assets/kids/storage/kst-0017-natural-rattan-six-basket-carousel-tower.usdz,previews/kids/storage/kst-0017-natural-rattan-six-basket-carousel-tower.jpg
KST-0018,kst-0018-cloud-form-white-lacquer-five-door-toy-cabinet,Cloud-Form White-Lacquer Five-Door Toy Cabinet,kids/storage,0.92,0.38,0.68,11300,22292,2,863161,1076e408c71c448108ce0ac8e833d8b62c6bf456248d6e1d77c2b12276ccc9c4,assets/kids/storage/kst-0018-cloud-form-white-lacquer-five-door-toy-cabinet.usdz,previews/kids/storage/kst-0018-cloud-form-white-lacquer-five-door-toy-cabinet.jpg
KST-0019,kst-0019-smoked-acrylic-continuous-loop-four-shelf-display-tower,Smoked-Acrylic Continuous-Loop Four-Shelf Display Tower,kids/storage,0.54,0.36,0.92,1808,3576,2,319938,3820908f72c9f585a1b4bb51c0c328ee7a803966f4aca604fb100a5b6ff7c28e,assets/kids/storage/kst-0019-smoked-acrylic-continuous-loop-four-shelf-display-tower.usdz,previews/kids/storage/kst-0019-smoked-acrylic-continuous-loop-four-shelf-display-tower.jpg
KST-0020,kst-0020-brutalist-cork-and-steel-six-fin-storage-rack,Brutalist Cork-and-Steel Six-Fin Storage Rack,kids/storage,0.96,0.38,0.78,2880,5696,2,513103,5b25aba064a362a9a20f5df3ae1ba5e2e32a3399f08b96ac6742abc947d7e8ff,assets/kids/storage/kst-0020-brutalist-cork-and-steel-six-fin-storage-rack.usdz,previews/kids/storage/kst-0020-brutalist-cork-and-steel-six-fin-storage-rack.jpg
KTB-0001,ktb-0001-georgian-painted-pine-six-leg-rectangular-activity-table,Georgian Painted-Pine Six-Leg Rectangular Activity Table,kids/tables,0.96,0.6,0.54,2936,5820,1,533397,b7ed7912030cd51c81bac8e7574e6f80d075ee073ba1f6f982ed93a0fe7acec6,assets/kids/tables/ktb-0001-georgian-painted-pine-six-leg-rectangular-activity-table.usdz,previews/kids/tables/ktb-0001-georgian-painted-pine-six-leg-rectangular-activity-table.jpg
KTB-0002,ktb-0002-shaker-maple-round-four-leg-puzzle-table,Shaker Maple Round Four-Leg Puzzle Table,kids/tables,0.78,0.78,0.5,7872,15712,2,991219,cb515c0a1a84c94ac2828a1a333f7c8a84950dd942ba5a79c296869f42143565,assets/kids/tables/ktb-0002-shaker-maple-round-four-leg-puzzle-table.usdz,previews/kids/tables/ktb-0002-shaker-maple-round-four-leg-puzzle-table.jpg
KTB-0003,ktb-0003-arts-and-crafts-oak-two-trestle-craft-table,Arts-and-Crafts Oak Two-Trestle Craft Table,kids/tables,0.92,0.58,0.56,2088,4120,2,612492,7fdfef10bd5959e23818fe23b2858598f83ba788d7cb0b5783464365f69a5614,assets/kids/tables/ktb-0003-arts-and-crafts-oak-two-trestle-craft-table.usdz,previews/kids/tables/ktb-0003-arts-and-crafts-oak-two-trestle-craft-table.jpg
KTB-0004,ktb-0004-french-provincial-painted-ash-oval-play-table,French Provincial Painted-Ash Oval Play Table,kids/tables,0.84,0.58,0.52,12628,24868,2,1385656,d13e202d2c329f12044b448f10d4e96298b4a1f39686fcb2bb546d0471607c05,assets/kids/tables/ktb-0004-french-provincial-painted-ash-oval-play-table.usdz,previews/kids/tables/ktb-0004-french-provincial-painted-ash-oval-play-table.jpg
KTB-0005,ktb-0005-campaign-teak-fold-open-child-activity-table,Campaign Teak Fold-Open Child Activity Table,kids/tables,0.88,0.58,0.540074,1904,3748,2,881184,bbd8c8eed7fa142097afee7eb890a1aa418a1683a517147186bf49aeed0649a5,assets/kids/tables/ktb-0005-campaign-teak-fold-open-child-activity-table.usdz,previews/kids/tables/ktb-0005-campaign-teak-fold-open-child-activity-table.jpg
KTB-0006,ktb-0006-scandinavian-birch-hexagonal-six-place-learning-table,Scandinavian Birch Hexagonal Six-Place Learning Table,kids/tables,0.96,0.84,0.55,864,1696,1,434367,8e31d3a91b4f7af4eae07c5d899ff53358aac87af9a861cd4f9f736a95ca1c3c,assets/kids/tables/ktb-0006-scandinavian-birch-hexagonal-six-place-learning-table.usdz,previews/kids/tables/ktb-0006-scandinavian-birch-hexagonal-six-place-learning-table.jpg
KTB-0007,ktb-0007-color-blocked-plywood-four-quadrant-activity-table,Color-Blocked Plywood Four-Quadrant Activity Table,kids/tables,0.88,0.88,0.54,3048,6044,5,1125733,8ec2136977e787559d27e26fa573c220cf537b93a3601cdaecca638947380410,assets/kids/tables/ktb-0007-color-blocked-plywood-four-quadrant-activity-table.usdz,previews/kids/tables/ktb-0007-color-blocked-plywood-four-quadrant-activity-table.jpg
KTB-0008,ktb-0008-white-oak-trapezoid-pairable-learning-table,White-Oak Trapezoid Pairable Learning Table,kids/tables,0.9,0.56,0.56,1616,3200,1,520611,f68ac0910961e7ca24192bc837801c24611b4b4e59297ef7e2fde75eacb14f53,assets/kids/tables/ktb-0008-white-oak-trapezoid-pairable-learning-table.usdz,previews/kids/tables/ktb-0008-white-oak-trapezoid-pairable-learning-table.jpg
KTB-0009,ktb-0009-graphite-steel-four-post-height-adjustable-maker-table,Graphite-Steel Four-Post Height-Adjustable Maker Table,kids/tables,1.0,0.62,0.58,3736,7376,3,841268,707528aa85ac55b1e106e1382858eca76732c4e9e1e7253cf14bc593964fcda8,assets/kids/tables/ktb-0009-graphite-steel-four-post-height-adjustable-maker-table.usdz,previews/kids/tables/ktb-0009-graphite-steel-four-post-height-adjustable-maker-table.jpg
KTB-0010,ktb-0010-birch-kidney-form-five-leg-collaborative-table,Birch Kidney-Form Five-Leg Collaborative Table,kids/tables,0.98,0.66,0.55,1984,3944,1,506260,30cdcba5d56224d19ed71468fc93e0998417bc7fbd08a54787cde371f521cf0a,assets/kids/tables/ktb-0010-birch-kidney-form-five-leg-collaborative-table.usdz,previews/kids/tables/ktb-0010-birch-kidney-form-five-leg-collaborative-table.jpg
KTB-0011,ktb-0011-montessori-birch-low-floor-work-table,Montessori Birch Low Floor Work Table,kids/tables,0.72,0.48,0.32,1592,3152,1,463428,6c05327beaf3e388c7b44fb37de1a82bbf891a17ba256a1d649f5996ef356aa7,assets/kids/tables/ktb-0011-montessori-birch-low-floor-work-table.usdz,previews/kids/tables/ktb-0011-montessori-birch-low-floor-work-table.jpg
KTB-0012,ktb-0012-narrow-maple-wall-side-study-table,Narrow Maple Wall-Side Study Table,kids/tables,0.72,0.38,0.56,736,1452,2,512957,ffe9d6e35ef73525d18b451fda1820ac987ed641303250e944136ed1a2d826c6,assets/kids/tables/ktb-0012-narrow-maple-wall-side-study-table.usdz,previews/kids/tables/ktb-0012-narrow-maple-wall-side-study-table.jpg
KTB-0013,ktb-0013-triangular-cork-three-leg-corner-activity-table,Triangular Cork Three-Leg Corner Activity Table,kids/tables,0.68,0.68,0.52,504,984,2,714888,7a66dd2a8f3ef58d24d6ac2bd55ec374b25e85b3cce8965e8fc60f0b20831a11,assets/kids/tables/ktb-0013-triangular-cork-three-leg-corner-activity-table.usdz,previews/kids/tables/ktb-0013-triangular-cork-three-leg-corner-activity-table.jpg
KTB-0014,ktb-0014-flat-pack-birch-two-panel-slot-join-table,Flat-Pack Birch Two-Panel Slot-Join Table,kids/tables,0.78,0.5,0.52,920,1804,1,446121,91c45ec580c82200a23f0e667464639af30bce2a4e110425e68d07ed48c566b6,assets/kids/tables/ktb-0014-flat-pack-birch-two-panel-slot-join-table.usdz,previews/kids/tables/ktb-0014-flat-pack-birch-two-panel-slot-join-table.jpg
KTB-0015,ktb-0015-adjustable-birch-four-peg-study-table,Adjustable Birch Four-Peg Study Table,kids/tables,0.76,0.5,0.58,2776,5468,2,536824,1bec89d51a820930ec341d266f6d27ed5c272ce720c5bab0e85b109515f81dfc,assets/kids/tables/ktb-0015-adjustable-birch-four-peg-study-table.usdz,previews/kids/tables/ktb-0015-adjustable-birch-four-peg-study-table.jpg
KTB-0016,ktb-0016-rainbow-laminated-birch-five-arch-bridge-table,Rainbow Laminated-Birch Five-Arch Bridge Table,kids/tables,1.0,0.58,0.54,7624,14956,6,1347064,761be5e523bf91b52e2f9e824b407cd5f09fc7e3d74c7b40781d780d18e2dc62,assets/kids/tables/ktb-0016-rainbow-laminated-birch-five-arch-bridge-table.usdz,previews/kids/tables/ktb-0016-rainbow-laminated-birch-five-arch-bridge-table.jpg
KTB-0017,ktb-0017-natural-rattan-six-petal-round-play-table,Natural-Rattan Six-Petal Round Play Table,kids/tables,0.84,0.84,0.52,26960,53868,2,2680623,3b5e86f8c84b69a20a5d354341332c0b74ec9f93b9a19323e23fef8e580dfb83,assets/kids/tables/ktb-0017-natural-rattan-six-petal-round-play-table.usdz,previews/kids/tables/ktb-0017-natural-rattan-six-petal-round-play-table.jpg
KTB-0018,ktb-0018-cloud-form-white-lacquer-five-lobe-activity-table,Cloud-Form White-Lacquer Five-Lobe Activity Table,kids/tables,0.92,0.64,0.52,4464,8892,2,451144,9974df5f4d9b623f089350286888673b58edb07c7800f25c497f2b82ead3b46a,assets/kids/tables/ktb-0018-cloud-form-white-lacquer-five-lobe-activity-table.usdz,previews/kids/tables/ktb-0018-cloud-form-white-lacquer-five-lobe-activity-table.jpg
KTB-0019,ktb-0019-smoked-acrylic-continuous-loop-waterfall-child-desk,Smoked-Acrylic Continuous-Loop Waterfall Child Desk,kids/tables,0.76,0.48,0.58,1944,3864,2,352405,cd7d535d0513bbb93909d2dfc3d923da494f8b56d3df14fa319ff24807547338,assets/kids/tables/ktb-0019-smoked-acrylic-continuous-loop-waterfall-child-desk.usdz,previews/kids/tables/ktb-0019-smoked-acrylic-continuous-loop-waterfall-child-desk.jpg
KTB-0020,ktb-0020-brutalist-cork-and-steel-six-fin-communal-table,Brutalist Cork-and-Steel Six-Fin Communal Table,kids/tables,1.02,0.62,0.56,1640,3228,2,457191,d35fa002944e0a832e357b074ac2c68affc37179dbb31e012dcfc4351e0c081f,assets/kids/tables/ktb-0020-brutalist-cork-and-steel-six-fin-communal-table.usdz,previews/kids/tables/ktb-0020-brutalist-cork-and-steel-six-fin-communal-table.jpg
BAK-0001,bak-0001-silver-three-rib-reinforced-rimmed-sheet-pan,Silver Three-Rib Reinforced Rimmed Sheet Pan,kitchen-cookware/bakeware,0.46,0.33,0.035,1840,3648,1,515021,cf952ec34c45dfeca1371218ffbb1b62adb0ba8c110f9a01421c2cd52db42b61,assets/kitchen-cookware/bakeware/bak-0001-silver-three-rib-reinforced-rimmed-sheet-pan.usdz,previews/kitchen-cookware/bakeware/bak-0001-silver-three-rib-reinforced-rimmed-sheet-pan.jpg
BAK-0002,bak-0002-graphite-twelve-cup-standard-muffin-pan,Graphite Twelve-Cup Standard Muffin Pan,kitchen-cookware/bakeware,0.36,0.27,0.035,13040,25980,2,468943,383425d257bfb007314c404906bb0d086283f8802806bd6263963e4174b1f3fb,assets/kitchen-cookware/bakeware/bak-0002-graphite-twelve-cup-standard-muffin-pan.usdz,previews/kitchen-cookware/bakeware/bak-0002-graphite-twelve-cup-standard-muffin-pan.jpg
BAK-0003,bak-0003-bronze-six-cavity-jumbo-muffin-pan,Bronze Six-Cavity Jumbo Muffin Pan,kitchen-cookware/bakeware,0.34,0.24,0.055,7104,14148,2,528461,d04312782053323b3856a669f8893e9fcce52c3a5c1dccb36f327acde3748fde,assets/kitchen-cookware/bakeware/bak-0003-bronze-six-cavity-jumbo-muffin-pan.usdz,previews/kitchen-cookware/bakeware/bak-0003-bronze-six-cavity-jumbo-muffin-pan.jpg
BAK-0004,bak-0004-black-eight-slot-mini-loaf-pan,Black Eight-Slot Mini Loaf Pan,kitchen-cookware/bakeware,0.38,0.28,0.055,6512,12948,2,260240,b45acd052a7ddcc78fbf52e7d0429322c975fa36c1ee667487608a5271cd80ef,assets/kitchen-cookware/bakeware/bak-0004-black-eight-slot-mini-loaf-pan.usdz,previews/kitchen-cookware/bakeware/bak-0004-black-eight-slot-mini-loaf-pan.jpg
BAK-0005,bak-0005-cream-nine-cavity-brownie-grid-pan,Cream Nine-Cavity Brownie Grid Pan,kitchen-cookware/bakeware,0.3,0.3,0.045,3296,6516,2,551279,a0bcd392884d25d33c506ec9650892ebc3ac40e685a9d7353407502eea44e5d9,assets/kitchen-cookware/bakeware/bak-0005-cream-nine-cavity-brownie-grid-pan.usdz,previews/kitchen-cookware/bakeware/bak-0005-cream-nine-cavity-brownie-grid-pan.jpg
BAK-0006,bak-0006-charcoal-single-latch-springform-cake-pan,Charcoal Single-Latch Springform Cake Pan,kitchen-cookware/bakeware,0.27,0.27,0.075,2736,5452,2,836934,a57f0062a2d61f560f755726dd99b381276fde151f18b4c32c1d699c1e4a711c,assets/kitchen-cookware/bakeware/bak-0006-charcoal-single-latch-springform-cake-pan.usdz,previews/kitchen-cookware/bakeware/bak-0006-charcoal-single-latch-springform-cake-pan.jpg
BAK-0007,bak-0007-copper-twelve-flute-bundt-cake-mold,Copper Twelve-Flute Bundt Cake Mold,kitchen-cookware/bakeware,0.27,0.27,0.11,11640,23160,2,869733,6bdc65452bde52e6e3bf12e1fb64c4a601e48b02f9eae43573e2265f7dcbfdc8,assets/kitchen-cookware/bakeware/bak-0007-copper-twelve-flute-bundt-cake-mold.usdz,previews/kitchen-cookware/bakeware/bak-0007-copper-twelve-flute-bundt-cake-mold.jpg
BAK-0008,bak-0008-blue-four-rib-handled-loaf-pan,Blue Four-Rib Handled Loaf Pan,kitchen-cookware/bakeware,0.33,0.16,0.09,2648,5152,2,486176,55a1976d46553ccba129b1afcfd1a7be56f1a6fcc92514690e49639ffdece75b,assets/kitchen-cookware/bakeware/bak-0008-blue-four-rib-handled-loaf-pan.usdz,previews/kitchen-cookware/bakeware/bak-0008-blue-four-rib-handled-loaf-pan.jpg
BAK-0009,bak-0009-silver-twenty-flute-rectangular-tart-pan,Silver Twenty-Flute Rectangular Tart Pan,kitchen-cookware/bakeware,0.36,0.24,0.035,7264,14344,2,644586,34c9dba5051b09f9f7dde861616fe88fee81d95107d233d8f4c57a71aa7ae9ad,assets/kitchen-cookware/bakeware/bak-0009-silver-twenty-flute-rectangular-tart-pan.usdz,previews/kitchen-cookware/bakeware/bak-0009-silver-twenty-flute-rectangular-tart-pan.jpg
BAK-0010,bak-0010-gold-six-cavity-scalloped-tartlet-tray,Gold Six-Cavity Scalloped Tartlet Tray,kitchen-cookware/bakeware,0.32,0.23,0.04,14784,29316,2,619672,7d72fe7bfabf5a825e712f7d1ad6ad3e39f49d93ade07040e66dac837ccc7e14,assets/kitchen-cookware/bakeware/bak-0010-gold-six-cavity-scalloped-tartlet-tray.usdz,previews/kitchen-cookware/bakeware/bak-0010-gold-six-cavity-scalloped-tartlet-tray.jpg
BAK-0011,bak-0011-white-two-handle-rectangular-porcelain-baker,White Two-Handle Rectangular Porcelain Baker,kitchen-cookware/bakeware,0.39,0.24,0.075,1992,3872,2,354623,e0aec2389a5a4ae9032b277e2f72e89966c72d1ee052a529fcd31cecff33b1a3,assets/kitchen-cookware/bakeware/bak-0011-white-two-handle-rectangular-porcelain-baker.usdz,previews/kitchen-cookware/bakeware/bak-0011-white-two-handle-rectangular-porcelain-baker.jpg
BAK-0012,bak-0012-cobalt-twelve-flute-oval-gratin-dish,Cobalt Twelve-Flute Oval Gratin Dish,kitchen-cookware/bakeware,0.38,0.24,0.065,4336,8608,2,401576,6b0e22ea890d803e240698656bad1747e955041b64c69a519ee24cebd87b4b57,assets/kitchen-cookware/bakeware/bak-0012-cobalt-twelve-flute-oval-gratin-dish.usdz,previews/kitchen-cookware/bakeware/bak-0012-cobalt-twelve-flute-oval-gratin-dish.jpg
BAK-0013,bak-0013-terracotta-two-lug-covered-round-baker,Terracotta Two-Lug Covered Round Baker,kitchen-cookware/bakeware,0.32,0.28,0.15,3914,7804,2,657953,f95a8e24d5519bd8a36d6bc4dea595d6545364e87d38d25ce12944eee9983005,assets/kitchen-cookware/bakeware/bak-0013-terracotta-two-lug-covered-round-baker.usdz,previews/kitchen-cookware/bakeware/bak-0013-terracotta-two-lug-covered-round-baker.jpg
BAK-0014,bak-0014-clear-glass-two-handle-lidded-square-casserole,Clear-Glass Two-Handle Lidded Square Casserole,kitchen-cookware/bakeware,0.34,0.28,0.12,2128,4136,2,536099,0ea6afcec959946723bd9702e58cd1273f0e01bc123035cf062d3f35f34b1197,assets/kitchen-cookware/bakeware/bak-0014-clear-glass-two-handle-lidded-square-casserole.usdz,previews/kitchen-cookware/bakeware/bak-0014-clear-glass-two-handle-lidded-square-casserole.jpg
BAK-0015,bak-0015-forest-eight-bar-rack-enamel-roaster,Forest Eight-Bar Rack Enamel Roaster,kitchen-cookware/bakeware,0.43,0.31,0.09,2904,5656,2,658414,10237021d93571e8918abf26fa4dfb439582a5144f099b0cb7513f895a81b3d2,assets/kitchen-cookware/bakeware/bak-0015-forest-eight-bar-rack-enamel-roaster.usdz,previews/kitchen-cookware/bakeware/bak-0015-forest-eight-bar-rack-enamel-roaster.jpg
BAK-0016,bak-0016-sand-two-grip-round-cordierite-pizza-stone,Sand Two-Grip Round Cordierite Pizza Stone,kitchen-cookware/bakeware,0.36,0.36,0.025,2512,5008,2,608724,82d0b4e014f74bb27058156e105b40f23ffda8b801fa64d5891ca73c62c09ac6,assets/kitchen-cookware/bakeware/bak-0016-sand-two-grip-round-cordierite-pizza-stone.usdz,previews/kitchen-cookware/bakeware/bak-0016-sand-two-grip-round-cordierite-pizza-stone.jpg
BAK-0017,bak-0017-silver-three-channel-perforated-baguette-tray,Silver Three-Channel Perforated Baguette Tray,kitchen-cookware/bakeware,0.39,0.28,0.045,13520,26652,2,575499,f0624af5033ebbfcf0749c7a71dc7bdacc2a98fcd312d7689e1b66266cabb7cc,assets/kitchen-cookware/bakeware/bak-0017-silver-three-channel-perforated-baguette-tray.usdz,previews/kitchen-cookware/bakeware/bak-0017-silver-three-channel-perforated-baguette-tray.jpg
BAK-0018,bak-0018-rose-twelve-shell-silicone-madeleine-mold,Rose Twelve-Shell Silicone Madeleine Mold,kitchen-cookware/bakeware,0.32,0.23,0.03,10968,21644,2,504654,2e75ae7538e0c7c20450b2a37b366863d9c24f9c3225c51c222936920b350651,assets/kitchen-cookware/bakeware/bak-0018-rose-twelve-shell-silicone-madeleine-mold.usdz,previews/kitchen-cookware/bakeware/bak-0018-rose-twelve-shell-silicone-madeleine-mold.jpg
BAK-0019,bak-0019-burgundy-twenty-four-flute-deep-pie-pan,Burgundy Twenty-Four-Flute Deep Pie Pan,kitchen-cookware/bakeware,0.3,0.3,0.055,6288,12472,2,445543,b258610cc78c025b99a3edb5b4c0931917191475c8ecd56f19c8002d7c607fe6,assets/kitchen-cookware/bakeware/bak-0019-burgundy-twenty-four-flute-deep-pie-pan.usdz,previews/kitchen-cookware/bakeware/bak-0019-burgundy-twenty-four-flute-deep-pie-pan.jpg
BAK-0020,bak-0020-black-eight-wedge-cornbread-baking-pan,Black Eight-Wedge Cornbread Baking Pan,kitchen-cookware/bakeware,0.31,0.31,0.060002,4072,7972,2,421194,509faa125ec567933215399bf7b8d10887938df2c5f0bba305b848e33ab5067a,assets/kitchen-cookware/bakeware/bak-0020-black-eight-wedge-cornbread-baking-pan.usdz,previews/kitchen-cookware/bakeware/bak-0020-black-eight-wedge-cornbread-baking-pan.jpg
CWR-0001,cwr-0001-silver-one-helper-handle-tri-ply-frying-pan,Silver One-Helper-Handle Tri-Ply Frying Pan,kitchen-cookware/cookware,0.51,0.29,0.085,3209,6302,2,729884,07adeb6b54c72d8fa87872bebae07d73923a2d67bcbc60400f6cf23656c0f522,assets/kitchen-cookware/cookware/cwr-0001-silver-one-helper-handle-tri-ply-frying-pan.usdz,previews/kitchen-cookware/cookware/cwr-0001-silver-one-helper-handle-tri-ply-frying-pan.jpg
CWR-0002,cwr-0002-black-dual-spout-cast-iron-skillet,Black Dual-Spout Cast-Iron Skillet,kitchen-cookware/cookware,0.52,0.33,0.08,2873,5622,2,374595,c54026d03e1f786581d1b1988e036102c2ab6d3102b92b192d9525fecc7057c6,assets/kitchen-cookware/cookware/cwr-0002-black-dual-spout-cast-iron-skillet.usdz,previews/kitchen-cookware/cookware/cwr-0002-black-dual-spout-cast-iron-skillet.jpg
CWR-0003,cwr-0003-copper-three-rivet-brass-handle-omelet-pan,Copper Three-Rivet Brass-Handle Omelet Pan,kitchen-cookware/cookware,0.42,0.24,0.075,3587,7098,3,1399291,53347b7b69a4885c6345f6ba702be83af496653eab7d4e4436635a7fa98a1e31,assets/kitchen-cookware/cookware/cwr-0003-copper-three-rivet-brass-handle-omelet-pan.usdz,previews/kitchen-cookware/cookware/cwr-0003-copper-three-rivet-brass-handle-omelet-pan.jpg
CWR-0004,cwr-0004-cobalt-lidded-deep-saute-pan,Cobalt Lidded Deep Saute Pan,kitchen-cookware/cookware,0.52,0.31,0.16,3537,6906,3,1155375,ae0adc022708141a10038e97fd463951ea86f6cece3388617316f17b25a107c1,assets/kitchen-cookware/cookware/cwr-0004-cobalt-lidded-deep-saute-pan.usdz,previews/kitchen-cookware/cookware/cwr-0004-cobalt-lidded-deep-saute-pan.jpg
CWR-0005,cwr-0005-graphite-ten-rib-square-grill-pan,Graphite Ten-Rib Square Grill Pan,kitchen-cookware/cookware,0.47,0.3,0.065,2484,4856,2,333816,12f0cbdeafac577d1c639240ca4ca5712567557d9f6bb62c6d4a700d4f5824a3,assets/kitchen-cookware/cookware/cwr-0005-graphite-ten-rib-square-grill-pan.usdz,previews/kitchen-cookware/cookware/cwr-0005-graphite-ten-rib-square-grill-pan.jpg
CWR-0006,cwr-0006-silver-bridge-grip-lidded-saucepan,Silver Bridge-Grip Lidded Saucepan,kitchen-cookware/cookware,0.4,0.2,0.15,3629,7138,2,755598,49da7e18303b6449d1ec57e751816550edf637ce22e14dcff9cf9cfe4a8cecda,assets/kitchen-cookware/cookware/cwr-0006-silver-bridge-grip-lidded-saucepan.usdz,previews/kitchen-cookware/cookware/cwr-0006-silver-bridge-grip-lidded-saucepan.jpg
CWR-0007,cwr-0007-cream-two-spout-wood-handle-butter-warmer,Cream Two-Spout Wood-Handle Butter Warmer,kitchen-cookware/cookware,0.32,0.16,0.12,2581,5090,3,1384593,0c2bc81877e7c3b24d2584d01d33e28e6a1f5a8da50b682aef8e8882474bdb7b,assets/kitchen-cookware/cookware/cwr-0007-cream-two-spout-wood-handle-butter-warmer.usdz,previews/kitchen-cookware/cookware/cwr-0007-cream-two-spout-wood-handle-butter-warmer.jpg
CWR-0008,cwr-0008-silver-two-loop-handle-lidded-stockpot,Silver Two-Loop-Handle Lidded Stockpot,kitchen-cookware/cookware,0.4,0.31,0.29,3345,6526,2,828743,076a9c56dcf9ed1591e7c2ecc3f97cec197f7ff57ce8481cee7945a2f35138b9,assets/kitchen-cookware/cookware/cwr-0008-silver-two-loop-handle-lidded-stockpot.usdz,previews/kitchen-cookware/cookware/cwr-0008-silver-two-loop-handle-lidded-stockpot.jpg
CWR-0009,cwr-0009-red-locking-handle-perforated-insert-pasta-pot,Red Locking-Handle Perforated-Insert Pasta Pot,kitchen-cookware/cookware,0.42,0.32,0.3,9942,19332,3,1341130,86196b40ee6bb023f157463baaa7d2b1095e5da412ae6f33c7ac7acdecb5237a,assets/kitchen-cookware/cookware/cwr-0009-red-locking-handle-perforated-insert-pasta-pot.usdz,previews/kitchen-cookware/cookware/cwr-0009-red-locking-handle-perforated-insert-pasta-pot.jpg
CWR-0010,cwr-0010-bronze-two-tier-wood-handle-steamer-pot,Bronze Two-Tier Wood-Handle Steamer Pot,kitchen-cookware/cookware,0.42,0.32,0.36,11301,22126,3,1204902,efd805e164a002db0ef7195aecdca2b198b896396e0a918f262f89c5035858ad,assets/kitchen-cookware/cookware/cwr-0010-bronze-two-tier-wood-handle-steamer-pot.usdz,previews/kitchen-cookware/cookware/cwr-0010-bronze-two-tier-wood-handle-steamer-pot.jpg
CWR-0011,cwr-0011-cherry-oval-two-handle-enameled-dutch-oven,Cherry Oval Two-Handle Enameled Dutch Oven,kitchen-cookware/cookware,0.45,0.31,0.23,3667,7218,2,1020584,a420b5eeb87572afbf0eb336870f694c130f421ab32f55412e9f947341622319,assets/kitchen-cookware/cookware/cwr-0011-cherry-oval-two-handle-enameled-dutch-oven.usdz,previews/kitchen-cookware/cookware/cwr-0011-cherry-oval-two-handle-enameled-dutch-oven.jpg
CWR-0012,cwr-0012-cream-twelve-rib-round-enameled-cocotte,Cream Twelve-Rib Round Enameled Cocotte,kitchen-cookware/cookware,0.39,0.31,0.23,5203,10242,2,1232634,5797107349ddb18a37f1e1ad12ef2af748ffd199a2b3c8f12dfa48f8fb3572a5,assets/kitchen-cookware/cookware/cwr-0012-cream-twelve-rib-round-enameled-cocotte.usdz,previews/kitchen-cookware/cookware/cwr-0012-cream-twelve-rib-round-enameled-cocotte.jpg
CWR-0013,cwr-0013-black-three-leg-bail-handle-camp-dutch-oven,Black Three-Leg Bail-Handle Camp Dutch Oven,kitchen-cookware/cookware,0.36,0.32,0.27,4973,9818,2,500121,ff29ec1dd7e54ed99bd800283bd3f3d04a52153ffbe20e901b050dd6fb5b2fab,assets/kitchen-cookware/cookware/cwr-0013-black-three-leg-bail-handle-camp-dutch-oven.usdz,previews/kitchen-cookware/cookware/cwr-0013-black-three-leg-bail-handle-camp-dutch-oven.jpg
CWR-0014,cwr-0014-navy-domed-lid-shallow-braiser,Navy Domed-Lid Shallow Braiser,kitchen-cookware/cookware,0.44,0.34,0.17,3667,7218,2,1011189,0cfd6bba9d996b1e6f07bf1f063b6a944117195ba71e513c36ca0bfc309c9919,assets/kitchen-cookware/cookware/cwr-0014-navy-domed-lid-shallow-braiser.usdz,previews/kitchen-cookware/cookware/cwr-0014-navy-domed-lid-shallow-braiser.jpg
CWR-0015,cwr-0015-hammered-copper-two-handle-rondeau,Hammered Copper Two-Handle Rondeau,kitchen-cookware/cookware,0.46,0.35,0.18,5161,10122,3,1481845,00631a9c27c107afa9013defcf86d1d9e2df12b24ef2c228f39a6fb8f019d8dc,assets/kitchen-cookware/cookware/cwr-0015-hammered-copper-two-handle-rondeau.usdz,previews/kitchen-cookware/cookware/cwr-0015-hammered-copper-two-handle-rondeau.jpg
CWR-0016,cwr-0016-blue-support-ring-long-handle-carbon-steel-wok,Blue Support-Ring Long-Handle Carbon-Steel Wok,kitchen-cookware/cookware,0.58,0.38,0.18,3369,6610,3,1054995,42df63d00dba056c10df8d96026410b44367d5df9c6b40697e5ffc857187c763,assets/kitchen-cookware/cookware/cwr-0016-blue-support-ring-long-handle-carbon-steel-wok.usdz,previews/kitchen-cookware/cookware/cwr-0016-blue-support-ring-long-handle-carbon-steel-wok.jpg
CWR-0017,cwr-0017-black-two-ear-flat-base-cast-iron-wok,Black Two-Ear Flat-Base Cast-Iron Wok,kitchen-cookware/cookware,0.46,0.39,0.14,4145,8174,2,468216,6869757c998d109871c5e8f2407aedcb22c72ceeb0592805736a90383d8368a5,assets/kitchen-cookware/cookware/cwr-0017-black-two-ear-flat-base-cast-iron-wok.usdz,previews/kitchen-cookware/cookware/cwr-0017-black-two-ear-flat-base-cast-iron-wok.jpg
CWR-0018,cwr-0018-silver-two-valve-locking-handle-pressure-cooker,Silver Two-Valve Locking-Handle Pressure Cooker,kitchen-cookware/cookware,0.46,0.27,0.27,3827,7530,3,1104992,6974eb031ab8d1fdb51cb237a3e7d45b9ca6e924335a756151e65061c37b59f0,assets/kitchen-cookware/cookware/cwr-0018-silver-two-valve-locking-handle-pressure-cooker.usdz,previews/kitchen-cookware/cookware/cwr-0018-silver-two-valve-locking-handle-pressure-cooker.jpg
CWR-0019,cwr-0019-terracotta-single-vent-conical-tagine,Terracotta Single-Vent Conical Tagine,kitchen-cookware/cookware,0.38,0.36,0.31,2247,4482,2,590067,d975fd7fe873da6f22ef7078804f7310f2a1497ec457210c87506cd6090263b5,assets/kitchen-cookware/cookware/cwr-0019-terracotta-single-vent-conical-tagine.usdz,previews/kitchen-cookware/cookware/cwr-0019-terracotta-single-vent-conical-tagine.jpg
CWR-0020,cwr-0020-silver-two-handle-hammered-paella-pan,Silver Two-Handle Hammered Paella Pan,kitchen-cookware/cookware,0.52,0.42,0.075,3209,6306,2,1094730,d79b5c0d9edc484fafba5dbec365591230a0324d6d07551e2f588ae16da0d986,assets/kitchen-cookware/cookware/cwr-0020-silver-two-handle-hammered-paella-pan.usdz,previews/kitchen-cookware/cookware/cwr-0020-silver-two-handle-hammered-paella-pan.jpg
CTB-0001,ctb-0001-maple-four-corner-juice-groove-board,Maple Four-Corner Juice-Groove Board,kitchen-cookware/cutting-boards,0.46,0.32,0.025,640,1276,2,387068,6948e392cffd2e84e466884113091e9a8f114a771fcd7990d687ea1b72d94e33,assets/kitchen-cookware/cutting-boards/ctb-0001-maple-four-corner-juice-groove-board.usdz,previews/kitchen-cookware/cutting-boards/ctb-0001-maple-four-corner-juice-groove-board.jpg
CTB-0002,ctb-0002-walnut-single-hole-paddle-board,Walnut Single-Hole Paddle Board,kitchen-cookware/cutting-boards,0.5,0.22,0.02,864,1728,1,566667,3ccc798184734c4a09b712ae44c297a3d28737e78a2461be15761ce00f3a6df2,assets/kitchen-cookware/cutting-boards/ctb-0002-walnut-single-hole-paddle-board.usdz,previews/kitchen-cookware/cutting-boards/ctb-0002-walnut-single-hole-paddle-board.jpg
CTB-0003,ctb-0003-oak-four-foot-end-grain-butcher-block,Oak Four-Foot End-Grain Butcher Block,kitchen-cookware/cutting-boards,0.42,0.34,0.06,4560,8908,2,978160,67e92c633dba779a29ede7095bd35dda88d73bd84eef69a20a0370f84127fe5e,assets/kitchen-cookware/cutting-boards/ctb-0003-oak-four-foot-end-grain-butcher-block.usdz,previews/kitchen-cookware/cutting-boards/ctb-0003-oak-four-foot-end-grain-butcher-block.jpg
CTB-0004,ctb-0004-acacia-two-handle-oval-board,Acacia Two-Handle Oval Board,kitchen-cookware/cutting-boards,0.46,0.3,0.028,2152,4300,2,599209,685990e89d593094a5ebf4944f6082fabbab517126c4bb69eeac1623f3675e21,assets/kitchen-cookware/cutting-boards/ctb-0004-acacia-two-handle-oval-board.usdz,previews/kitchen-cookware/cutting-boards/ctb-0004-acacia-two-handle-oval-board.jpg
CTB-0005,ctb-0005-teak-eight-sector-round-prep-board,Teak Eight-Sector Round Prep Board,kitchen-cookware/cutting-boards,0.38,0.38,0.03,1984,3928,2,547363,47c8beb1a962ee7d1b469864eb89b8d5611d8da8856c8e2aba6e8663b516a96f,assets/kitchen-cookware/cutting-boards/ctb-0005-teak-eight-sector-round-prep-board.usdz,previews/kitchen-cookware/cutting-boards/ctb-0005-teak-eight-sector-round-prep-board.jpg
CTB-0006,ctb-0006-white-four-foot-hdpe-utility-board,White Four-Foot HDPE Utility Board,kitchen-cookware/cutting-boards,0.45,0.3,0.024,1664,3308,3,396209,cbb33e6389e3ec6f30257ee8f661137125a07211c7a2f5d42fee06b05d842a9a,assets/kitchen-cookware/cutting-boards/ctb-0006-white-four-foot-hdpe-utility-board.usdz,previews/kitchen-cookware/cutting-boards/ctb-0006-white-four-foot-hdpe-utility-board.jpg
CTB-0007,ctb-0007-red-loop-handle-polypropylene-board,Red Loop-Handle Polypropylene Board,kitchen-cookware/cutting-boards,0.43,0.28,0.018,768,1528,2,250060,c047fc936e1216304eb3b04a816072183841f547458a57aedc866dc34677e001,assets/kitchen-cookware/cutting-boards/ctb-0007-red-loop-handle-polypropylene-board.usdz,previews/kitchen-cookware/cutting-boards/ctb-0007-red-loop-handle-polypropylene-board.jpg
CTB-0008,ctb-0008-aqua-single-hinge-folding-prep-board,Aqua Single-Hinge Folding Prep Board,kitchen-cookware/cutting-boards,0.42,0.3,0.012,880,1752,2,293738,32c2da10f14eb47206afee63b94667620615aa84f7e355025333c22ab9ac1500,assets/kitchen-cookware/cutting-boards/ctb-0008-aqua-single-hinge-folding-prep-board.usdz,previews/kitchen-cookware/cutting-boards/ctb-0008-aqua-single-hinge-folding-prep-board.jpg
CTB-0009,ctb-0009-gray-two-grip-rubber-edge-board,Gray Two-Grip Rubber-Edge Board,kitchen-cookware/cutting-boards,0.46,0.31,0.022,1456,2900,3,317827,abe843355cb02dae1302099bfdfd7e6d786ad3b096d611e48c455efcc2d6495c,assets/kitchen-cookware/cutting-boards/ctb-0009-gray-two-grip-rubber-edge-board.usdz,previews/kitchen-cookware/cutting-boards/ctb-0009-gray-two-grip-rubber-edge-board.jpg
CTB-0010,ctb-0010-black-single-slot-paper-composite-board,Black Single-Slot Paper-Composite Board,kitchen-cookware/cutting-boards,0.44,0.29,0.02,464,928,1,93403,32996b556587b110fba81b03ae89f4c5344f0be7a4c7b3d31c6aff0563faa623,assets/kitchen-cookware/cutting-boards/ctb-0010-black-single-slot-paper-composite-board.usdz,previews/kitchen-cookware/cutting-boards/ctb-0010-black-single-slot-paper-composite-board.jpg
CTB-0011,ctb-0011-white-two-inlay-marble-pastry-board,White Two-Inlay Marble Pastry Board,kitchen-cookware/cutting-boards,0.48,0.34,0.022,1392,2756,3,1196024,a9c93d878050b22935a786232131cb1c8a6b98f4a61193660558ccb3d8bdcfc9,assets/kitchen-cookware/cutting-boards/ctb-0011-white-two-inlay-marble-pastry-board.usdz,previews/kitchen-cookware/cutting-boards/ctb-0011-white-two-inlay-marble-pastry-board.jpg
CTB-0012,ctb-0012-black-three-foot-round-granite-board,Black Three-Foot Round Granite Board,kitchen-cookware/cutting-boards,0.4,0.4,0.035,2448,4880,3,567537,f429f658ed4cb6901b933309fcdfe8e0ea5d05c3f3c8223291733b84d661d9f0,assets/kitchen-cookware/cutting-boards/ctb-0012-black-three-foot-round-granite-board.usdz,previews/kitchen-cookware/cutting-boards/ctb-0012-black-three-foot-round-granite-board.jpg
CTB-0013,ctb-0013-green-single-hole-slate-paddle-board,Green Single-Hole Slate Paddle Board,kitchen-cookware/cutting-boards,0.46,0.25,0.018,884,1768,1,443762,c639e848580fda984041a404e76d1dad19537c7519f6aca76872f88bc54d6fd1,assets/kitchen-cookware/cutting-boards/ctb-0013-green-single-hole-slate-paddle-board.usdz,previews/kitchen-cookware/cutting-boards/ctb-0013-green-single-hole-slate-paddle-board.jpg
CTB-0014,ctb-0014-terrazzo-three-foot-oval-prep-board,Terrazzo Three-Foot Oval Prep Board,kitchen-cookware/cutting-boards,0.44,0.3,0.03,2092,4176,2,959190,2758e4d4f0ed2c703b9f23de94546a014db4dfbdd774bbebf4254de15f1531f7,assets/kitchen-cookware/cutting-boards/ctb-0014-terrazzo-three-foot-oval-prep-board.usdz,previews/kitchen-cookware/cutting-boards/ctb-0014-terrazzo-three-foot-oval-prep-board.jpg
CTB-0015,ctb-0015-travertine-two-handle-rectangular-board,Travertine Two-Handle Rectangular Board,kitchen-cookware/cutting-boards,0.43,0.3,0.03,1248,2500,2,605548,22e0e8dd58bb31d58f798156bc5bff066b9d56921b0ca8b5f2079165f60b4df1,assets/kitchen-cookware/cutting-boards/ctb-0015-travertine-two-handle-rectangular-board.usdz,previews/kitchen-cookware/cutting-boards/ctb-0015-travertine-two-handle-rectangular-board.jpg
CTB-0016,ctb-0016-walnut-six-spike-carving-board,Walnut Six-Spike Carving Board,kitchen-cookware/cutting-boards,0.5,0.34,0.04,1524,3020,3,1073362,41c2e7f29e6987be02a4f7bf3e21e967bfb73b81fd6839ac25067e66ce2e6e63,assets/kitchen-cookware/cutting-boards/ctb-0016-walnut-six-spike-carving-board.usdz,previews/kitchen-cookware/cutting-boards/ctb-0016-walnut-six-spike-carving-board.jpg
CTB-0017,ctb-0017-beech-nine-slat-crumb-catcher-bread-board,Beech Nine-Slat Crumb-Catcher Bread Board,kitchen-cookware/cutting-boards,0.48,0.3,0.045,1504,2968,2,323160,d195345f3e13f992c32c088980f9ecb05e08c442ad7f439e00cd9d62b2d9b450,assets/kitchen-cookware/cutting-boards/ctb-0017-beech-nine-slat-crumb-catcher-bread-board.usdz,previews/kitchen-cookware/cutting-boards/ctb-0017-beech-nine-slat-crumb-catcher-bread-board.jpg
CTB-0018,ctb-0018-bamboo-twenty-four-hole-colander-prep-board,Bamboo Twenty-Four-Hole Colander Prep Board,kitchen-cookware/cutting-boards,0.52,0.34,0.09,5888,11652,3,813808,aaa971fa56593f04fe5c13629eb9a9bcccbde92f6a40be5c3067fc78d8a749dc,assets/kitchen-cookware/cutting-boards/ctb-0018-bamboo-twenty-four-hole-colander-prep-board.usdz,previews/kitchen-cookware/cutting-boards/ctb-0018-bamboo-twenty-four-hole-colander-prep-board.jpg
CTB-0019,ctb-0019-white-three-tray-sorting-prep-board,White Three-Tray Sorting Prep Board,kitchen-cookware/cutting-boards,0.52,0.36,0.075,2392,4744,4,326439,f45d183391e3361750b41dd05286dd6c29487c954716d1d616f21e20047170e4,assets/kitchen-cookware/cutting-boards/ctb-0019-white-three-tray-sorting-prep-board.usdz,previews/kitchen-cookware/cutting-boards/ctb-0019-white-three-tray-sorting-prep-board.jpg
CTB-0020,ctb-0020-olive-two-panel-folding-camp-board,Olive Two-Panel Folding Camp Board,kitchen-cookware/cutting-boards,0.44,0.3,0.03,832,1644,2,234706,f18c258cf4b556c90e43652d9dccb1ecb6e76e70e80fb4a955ffb0034577ef84,assets/kitchen-cookware/cutting-boards/ctb-0020-olive-two-panel-folding-camp-board.usdz,previews/kitchen-cookware/cutting-boards/ctb-0020-olive-two-panel-folding-camp-board.jpg
KTL-0001,ktl-0001-stainless-single-whistle-dome-kettle,Stainless Single-Whistle Dome Kettle,kitchen-cookware/kettles,0.24,0.19,0.255,5494,10908,3,890857,3d1a8734754956c7800a21bb2fd317b4eab4a6a0a0d774248fb87fd0e004c2da,assets/kitchen-cookware/kettles/ktl-0001-stainless-single-whistle-dome-kettle.usdz,previews/kitchen-cookware/kettles/ktl-0001-stainless-single-whistle-dome-kettle.jpg
KTL-0002,ktl-0002-cream-black-rim-enamel-kettle,Cream Black-Rim Enamel Kettle,kitchen-cookware/kettles,0.245,0.2,0.25,5926,11772,3,942245,70e6e7f3fc116b3653510559bfcd48ee2286bddf28fe13536dda6f0057b7b287,assets/kitchen-cookware/kettles/ktl-0002-cream-black-rim-enamel-kettle.usdz,previews/kitchen-cookware/kettles/ktl-0002-cream-black-rim-enamel-kettle.jpg
KTL-0003,ktl-0003-brushed-three-rib-induction-kettle,Brushed Three-Rib Induction Kettle,kitchen-cookware/kettles,0.26,0.21,0.265,6340,12600,3,929173,05390c5e1fb0ffd4b8d1ef020e46a54b9a6e901d8eac5fd8f9b8bea9bde23cbc,assets/kitchen-cookware/kettles/ktl-0003-brushed-three-rib-induction-kettle.usdz,previews/kitchen-cookware/kettles/ktl-0003-brushed-three-rib-induction-kettle.jpg
KTL-0004,ktl-0004-copper-two-band-wood-handle-kettle,Copper Two-Band Wood-Handle Kettle,kitchen-cookware/kettles,0.25,0.195,0.245,6934,13788,4,1610417,d4a5e25008d9843b16851afb59b41f73a1ae9b8ac36fc6bebbc86d30b4e66751,assets/kitchen-cookware/kettles/ktl-0004-copper-two-band-wood-handle-kettle.usdz,previews/kitchen-cookware/kettles/ktl-0004-copper-two-band-wood-handle-kettle.jpg
KTL-0005,ktl-0005-matte-black-low-profile-whistle-kettle,Matte Black Low-Profile Whistle Kettle,kitchen-cookware/kettles,0.27,0.205,0.22,4028,7980,4,917543,b30b7bc287993e65502e76a079b46e2bb246021c54b50a4c4e91978b4da217cb,assets/kitchen-cookware/kettles/ktl-0005-matte-black-low-profile-whistle-kettle.usdz,previews/kitchen-cookware/kettles/ktl-0005-matte-black-low-profile-whistle-kettle.jpg
KTL-0006,ktl-0006-steel-single-thermometer-gooseneck-kettle,Steel Single-Thermometer Gooseneck Kettle,kitchen-cookware/kettles,0.245,0.17,0.235,4862,9592,4,1272985,280a2e2bbda80700a0f42730b1bfee5ce27ef4af07c1816d412d95d4b083c96e,assets/kitchen-cookware/kettles/ktl-0006-steel-single-thermometer-gooseneck-kettle.usdz,previews/kitchen-cookware/kettles/ktl-0006-steel-single-thermometer-gooseneck-kettle.jpg
KTL-0007,ktl-0007-matte-black-wood-grip-gooseneck-kettle,Matte Black Wood-Grip Gooseneck Kettle,kitchen-cookware/kettles,0.26,0.18,0.23,4300,8428,4,860810,6d2696a1a6fb19682b57a7fd329f31d20ff20a6d2180445995f24b3a2858c380,assets/kitchen-cookware/kettles/ktl-0007-matte-black-wood-grip-gooseneck-kettle.usdz,previews/kitchen-cookware/kettles/ktl-0007-matte-black-wood-grip-gooseneck-kettle.jpg
KTL-0008,ktl-0008-copper-four-rib-gooseneck-kettle,Copper Four-Rib Gooseneck Kettle,kitchen-cookware/kettles,0.255,0.18,0.235,6904,13688,3,1125565,9b2ed26245cb637b1d866057f58ab025fada582d0fa1571ee78efdf895193796,assets/kitchen-cookware/kettles/ktl-0008-copper-four-rib-gooseneck-kettle.usdz,previews/kitchen-cookware/kettles/ktl-0008-copper-four-rib-gooseneck-kettle.jpg
KTL-0009,ktl-0009-white-two-accent-enamel-gooseneck-kettle,White Two-Accent Enamel Gooseneck Kettle,kitchen-cookware/kettles,0.25,0.18,0.24,5680,11240,3,1166860,1960e2b48c63ee3fc4b7238dfb64f0d1b00fb1418e92db55a3cbafe8033e3a6f,assets/kitchen-cookware/kettles/ktl-0009-white-two-accent-enamel-gooseneck-kettle.usdz,previews/kitchen-cookware/kettles/ktl-0009-white-two-accent-enamel-gooseneck-kettle.jpg
KTL-0010,ktl-0010-glass-bamboo-handle-gooseneck-kettle,Glass Bamboo-Handle Gooseneck Kettle,kitchen-cookware/kettles,0.255,0.18,0.225,4464,8804,4,1404556,3aa132d0312adb4904c6ba77ef50ce36deb0e101d797af7e6e9cb18b17448df1,assets/kitchen-cookware/kettles/ktl-0010-glass-bamboo-handle-gooseneck-kettle.usdz,previews/kitchen-cookware/kettles/ktl-0010-glass-bamboo-handle-gooseneck-kettle.jpg
KTL-0011,ktl-0011-clear-blue-ring-electric-kettle,Clear Blue-Ring Electric Kettle,kitchen-cookware/kettles,0.225,0.19,0.25,4324,8572,5,1178848,8eac864ed8a1f52fe2563db375851f6f4271747236566b65f8bf9975efe73f93,assets/kitchen-cookware/kettles/ktl-0011-clear-blue-ring-electric-kettle.usdz,previews/kitchen-cookware/kettles/ktl-0011-clear-blue-ring-electric-kettle.jpg
KTL-0012,ktl-0012-steel-five-button-variable-temperature-kettle,Steel Five-Button Variable-Temperature Kettle,kitchen-cookware/kettles,0.230001,0.195,0.255,5604,11112,4,1299450,7afb2f5aef96aaac9f82e8e5210a34543411fe1c595df697dfb7ad2bee8264fc,assets/kitchen-cookware/kettles/ktl-0012-steel-five-button-variable-temperature-kettle.usdz,previews/kitchen-cookware/kettles/ktl-0012-steel-five-button-variable-temperature-kettle.jpg
KTL-0013,ktl-0013-white-double-wall-electric-kettle,White Double-Wall Electric Kettle,kitchen-cookware/kettles,0.220002,0.19,0.245,3956,7840,4,1215992,5302212f49817bf721e1d7c301533039b731c61de78c085d16dc7a72a613b5ce,assets/kitchen-cookware/kettles/ktl-0013-white-double-wall-electric-kettle.usdz,previews/kitchen-cookware/kettles/ktl-0013-white-double-wall-electric-kettle.jpg
KTL-0014,ktl-0014-black-two-latch-travel-kettle,Black Two-Latch Travel Kettle,kitchen-cookware/kettles,0.195,0.16,0.19,4180,8284,4,915899,09b3c9923821511674a4eaa1e3db8eb8ccafdc6ee91faa22cb25d20fff8d658a,assets/kitchen-cookware/kettles/ktl-0014-black-two-latch-travel-kettle.usdz,previews/kitchen-cookware/kettles/ktl-0014-black-two-latch-travel-kettle.jpg
KTL-0015,ktl-0015-red-retro-window-electric-kettle,Red Retro Window Electric Kettle,kitchen-cookware/kettles,0.24,0.2,0.255,4796,9512,5,1408064,cbb623640c6493d8af038a11e217e2e51a0f088a3efb055d650504a914518761,assets/kitchen-cookware/kettles/ktl-0015-red-retro-window-electric-kettle.usdz,previews/kitchen-cookware/kettles/ktl-0015-red-retro-window-electric-kettle.jpg
KTL-0016,ktl-0016-cast-iron-four-panel-tetsubin-kettle,Cast-Iron Four-Panel Tetsubin Kettle,kitchen-cookware/kettles,0.225,0.185,0.22,6230,12372,3,729935,f29bd8374fa0cfd9870b3824412b8a34a41e1da72fe50196f464a34191ae39c7,assets/kitchen-cookware/kettles/ktl-0016-cast-iron-four-panel-tetsubin-kettle.usdz,previews/kitchen-cookware/kettles/ktl-0016-cast-iron-four-panel-tetsubin-kettle.jpg
KTL-0017,ktl-0017-hammered-copper-swan-neck-serving-kettle,Hammered Copper Swan-Neck Serving Kettle,kitchen-cookware/kettles,0.265,0.17,0.255,4802,9484,4,1399533,f7aab8c04ddda92f36c3aff195c3ba94c43d21ab2e711522a44b783284eed0f3,assets/kitchen-cookware/kettles/ktl-0017-hammered-copper-swan-neck-serving-kettle.usdz,previews/kitchen-cookware/kettles/ktl-0017-hammered-copper-swan-neck-serving-kettle.jpg
KTL-0018,ktl-0018-cobalt-six-panel-enamel-serving-kettle,Cobalt Six-Panel Enamel Serving Kettle,kitchen-cookware/kettles,0.245,0.184999,0.235,5990,11880,3,1216743,93744f9eff7028cae544bdf62a247dc009b1715cee285ec1a534bdf165db2e77,assets/kitchen-cookware/kettles/ktl-0018-cobalt-six-panel-enamel-serving-kettle.usdz,previews/kitchen-cookware/kettles/ktl-0018-cobalt-six-panel-enamel-serving-kettle.jpg
KTL-0019,ktl-0019-steel-two-tier-tea-kettle-set,Steel Two-Tier Tea-Kettle Set,kitchen-cookware/kettles,0.25,0.205,0.36,7338,14540,3,999017,6d3b8ec20278e16f45ca53f1bd25b7e0147b3fc205f01c92044dec81873a2a34,assets/kitchen-cookware/kettles/ktl-0019-steel-two-tier-tea-kettle-set.usdz,previews/kitchen-cookware/kettles/ktl-0019-steel-two-tier-tea-kettle-set.jpg
KTL-0020,ktl-0020-blackened-three-band-campfire-kettle,Blackened Three-Band Campfire Kettle,kitchen-cookware/kettles,0.235,0.19,0.23,5892,11716,3,932786,656b8059630ee4ff37bfaf390f9053fdff854010b37257305a315a6d17ce76c8,assets/kitchen-cookware/kettles/ktl-0020-blackened-three-band-campfire-kettle.usdz,previews/kitchen-cookware/kettles/ktl-0020-blackened-three-band-campfire-kettle.jpg
MXB-0001,mxb-0001-brushed-single-rim-stainless-mixing-bowl,Brushed Single-Rim Stainless Mixing Bowl,kitchen-cookware/mixing-bowls,0.3,0.3,0.145,3025,6042,1,640415,cee3182762478c64522ca7a533e751fabc196f48dc057d76bda3de69d922350d,assets/kitchen-cookware/mixing-bowls/mxb-0001-brushed-single-rim-stainless-mixing-bowl.usdz,previews/kitchen-cookware/mixing-bowls/mxb-0001-brushed-single-rim-stainless-mixing-bowl.jpg
MXB-0002,mxb-0002-hammered-copper-two-handle-mixing-bowl,Hammered Copper Two-Handle Mixing Bowl,kitchen-cookware/mixing-bowls,0.36,0.3,0.14,3865,7618,2,1001656,ce0bbe1ae09697c13084c716f925df540ed37ea410d83a9a7fe59dcd74c52442,assets/kitchen-cookware/mixing-bowls/mxb-0002-hammered-copper-two-handle-mixing-bowl.usdz,previews/kitchen-cookware/mixing-bowls/mxb-0002-hammered-copper-two-handle-mixing-bowl.jpg
MXB-0003,mxb-0003-black-three-rib-anodized-mixing-bowl,Black Three-Rib Anodized Mixing Bowl,kitchen-cookware/mixing-bowls,0.31,0.31,0.15,5617,11226,2,948205,d5c2a663969a53a843758704579d043e1a200bafb9177fec00795b37e4512bcc,assets/kitchen-cookware/mixing-bowls/mxb-0003-black-three-rib-anodized-mixing-bowl.usdz,previews/kitchen-cookware/mixing-bowls/mxb-0003-black-three-rib-anodized-mixing-bowl.jpg
MXB-0004,mxb-0004-steel-three-bowl-nested-mixing-set,Steel Three-Bowl Nested Mixing Set,kitchen-cookware/mixing-bowls,0.34,0.34,0.17,7707,15398,1,925657,9b2892b4da3b05d0632917509f15180e61d285fd60a39fc3286a613ab15b5e5a,assets/kitchen-cookware/mixing-bowls/mxb-0004-steel-three-bowl-nested-mixing-set.usdz,previews/kitchen-cookware/mixing-bowls/mxb-0004-steel-three-bowl-nested-mixing-set.jpg
MXB-0005,mxb-0005-cream-two-band-enamel-mixing-bowl,Cream Two-Band Enamel Mixing Bowl,kitchen-cookware/mixing-bowls,0.32,0.32,0.145,4753,9498,3,1190472,99b9b49d46327f018c275a683ff9421f0e5a8a199c0d16c69e7c7e6b0e839e43,assets/kitchen-cookware/mixing-bowls/mxb-0005-cream-two-band-enamel-mixing-bowl.usdz,previews/kitchen-cookware/mixing-bowls/mxb-0005-cream-two-band-enamel-mixing-bowl.jpg
MXB-0006,mxb-0006-clear-single-spout-glass-batter-bowl,Clear Single-Spout Glass Batter Bowl,kitchen-cookware/mixing-bowls,0.35,0.29,0.15,3251,6486,1,432822,454e238e208bdc8689b7df5c013ad3550315fe85f0593c7823d9554a5d2bcb50,assets/kitchen-cookware/mixing-bowls/mxb-0006-clear-single-spout-glass-batter-bowl.usdz,previews/kitchen-cookware/mixing-bowls/mxb-0006-clear-single-spout-glass-batter-bowl.jpg
MXB-0007,mxb-0007-white-two-handle-porcelain-mixing-bowl,White Two-Handle Porcelain Mixing Bowl,kitchen-cookware/mixing-bowls,0.36,0.3,0.145,3865,7618,2,431700,2db3d0b8424eafe7f8b4e7f8ccf81addbf80f7f12da363388719a83e7e86a7a7,assets/kitchen-cookware/mixing-bowls/mxb-0007-white-two-handle-porcelain-mixing-bowl.usdz,previews/kitchen-cookware/mixing-bowls/mxb-0007-white-two-handle-porcelain-mixing-bowl.jpg
MXB-0008,mxb-0008-amber-eight-facet-glass-mixing-bowl,Amber Eight-Facet Glass Mixing Bowl,kitchen-cookware/mixing-bowls,0.3,0.3,0.155,769,1530,2,425559,d3790ee7bed7c4158c2809494191a411a9b38b8c56890b67856d2af9031a40d2,assets/kitchen-cookware/mixing-bowls/mxb-0008-amber-eight-facet-glass-mixing-bowl.usdz,previews/kitchen-cookware/mixing-bowls/mxb-0008-amber-eight-facet-glass-mixing-bowl.jpg
MXB-0009,mxb-0009-speckled-spout-tab-stoneware-mixing-bowl,Speckled Spout-Tab Stoneware Mixing Bowl,kitchen-cookware/mixing-bowls,0.35,0.3,0.155,3313,6610,1,636567,43d69b8c4754e0efe311c90ad57f4b3971d2ce631c7024d0d61f10b579088d75,assets/kitchen-cookware/mixing-bowls/mxb-0009-speckled-spout-tab-stoneware-mixing-bowl.usdz,previews/kitchen-cookware/mixing-bowls/mxb-0009-speckled-spout-tab-stoneware-mixing-bowl.jpg
MXB-0010,mxb-0010-clear-twelve-rib-glass-mixing-bowl,Clear Twelve-Rib Glass Mixing Bowl,kitchen-cookware/mixing-bowls,0.315,0.315,0.15,5761,10890,1,572958,7aacc05d97f94a24c730e3a81dda8127d4d6c3bdfd961f3591f014dc672611c2,assets/kitchen-cookware/mixing-bowls/mxb-0010-clear-twelve-rib-glass-mixing-bowl.usdz,previews/kitchen-cookware/mixing-bowls/mxb-0010-clear-twelve-rib-glass-mixing-bowl.jpg
MXB-0011,mxb-0011-walnut-twelve-stave-deep-mixing-bowl,Walnut Twelve-Stave Deep Mixing Bowl,kitchen-cookware/mixing-bowls,0.31,0.31,0.165,5761,10890,2,1021639,f26cc4043f125bee6a70f61252ba4c26f0b8cec2deee0e9430de63684b1c7723,assets/kitchen-cookware/mixing-bowls/mxb-0011-walnut-twelve-stave-deep-mixing-bowl.usdz,previews/kitchen-cookware/mixing-bowls/mxb-0011-walnut-twelve-stave-deep-mixing-bowl.jpg
MXB-0012,mxb-0012-bamboo-three-band-laminated-mixing-bowl,Bamboo Three-Band Laminated Mixing Bowl,kitchen-cookware/mixing-bowls,0.32,0.32,0.15,5617,11226,2,1102387,50894c8a8969e067cb5b5a35c8b1dcdccd8bf89af22da24e7eda2ad83c052375,assets/kitchen-cookware/mixing-bowls/mxb-0012-bamboo-three-band-laminated-mixing-bowl.usdz,previews/kitchen-cookware/mixing-bowls/mxb-0012-bamboo-three-band-laminated-mixing-bowl.jpg
MXB-0013,mxb-0013-acacia-two-tab-oval-mixing-bowl,Acacia Two-Tab Oval Mixing Bowl,kitchen-cookware/mixing-bowls,0.37,0.29,0.135,3457,6898,1,561249,8ef14a77cd1854d0002906f4ff6205cc643a950f33df9ad449200837ad8d7407,assets/kitchen-cookware/mixing-bowls/mxb-0013-acacia-two-tab-oval-mixing-bowl.usdz,previews/kitchen-cookware/mixing-bowls/mxb-0013-acacia-two-tab-oval-mixing-bowl.jpg
MXB-0014,mxb-0014-white-marble-brass-foot-mixing-bowl,White Marble Brass-Foot Mixing Bowl,kitchen-cookware/mixing-bowls,0.3,0.3,0.125,3025,6042,2,1046380,fab723330ac0d94cb38e73733277602ad9769bf7f86452ab5e369b85d7354105,assets/kitchen-cookware/mixing-bowls/mxb-0014-white-marble-brass-foot-mixing-bowl.usdz,previews/kitchen-cookware/mixing-bowls/mxb-0014-white-marble-brass-foot-mixing-bowl.jpg
MXB-0015,mxb-0015-black-four-lug-soapstone-mixing-bowl,Black Four-Lug Soapstone Mixing Bowl,kitchen-cookware/mixing-bowls,0.34,0.3,0.14,3889,7754,1,487345,8602ad620b6d344823b88037cc4daeb7d5ae8bd547c5ce857c6b1b7be33ed121,assets/kitchen-cookware/mixing-bowls/mxb-0015-black-four-lug-soapstone-mixing-bowl.usdz,previews/kitchen-cookware/mixing-bowls/mxb-0015-black-four-lug-soapstone-mixing-bowl.jpg
MXB-0016,mxb-0016-red-three-fold-collapsible-silicone-bowl,Red Three-Fold Collapsible Silicone Bowl,kitchen-cookware/mixing-bowls,0.3,0.3,0.125,5401,10794,2,551559,70eba3129a165145ae6ef7e26b2ae9323e1a78583938156459e2174d2680d1d4,assets/kitchen-cookware/mixing-bowls/mxb-0016-red-three-fold-collapsible-silicone-bowl.usdz,previews/kitchen-cookware/mixing-bowls/mxb-0016-red-three-fold-collapsible-silicone-bowl.jpg
MXB-0017,mxb-0017-aqua-handle-spout-polypropylene-batter-bowl,Aqua Handle-Spout Polypropylene Batter Bowl,kitchen-cookware/mixing-bowls,0.38,0.29,0.155,3517,6970,2,572240,feee1b6476ae68d208402b3dcdf298c40d72d09f3bf9aedf74c147890fbe3cbe,assets/kitchen-cookware/mixing-bowls/mxb-0017-aqua-handle-spout-polypropylene-batter-bowl.usdz,previews/kitchen-cookware/mixing-bowls/mxb-0017-aqua-handle-spout-polypropylene-batter-bowl.jpg
MXB-0018,mxb-0018-gray-four-foot-melamine-mixing-bowl,Gray Four-Foot Melamine Mixing Bowl,kitchen-cookware/mixing-bowls,0.32,0.32,0.145,3473,6926,3,466453,cf3b6b4c929c42acb26292311561ace22621629c9abc20dc7476786d5e887689,assets/kitchen-cookware/mixing-bowls/mxb-0018-gray-four-foot-melamine-mixing-bowl.usdz,previews/kitchen-cookware/mixing-bowls/mxb-0018-gray-four-foot-melamine-mixing-bowl.jpg
MXB-0019,mxb-0019-white-twenty-four-hole-colander-bowl-set,White Twenty-Four-Hole Colander Bowl Set,kitchen-cookware/mixing-bowls,0.36,0.32,0.165,18997,37970,2,1059854,c0202e3b4081e1872631a3e38f731df8b8731d6cdd6b662e60ebf4b1a0bfddf2,assets/kitchen-cookware/mixing-bowls/mxb-0019-white-twenty-four-hole-colander-bowl-set.usdz,previews/kitchen-cookware/mixing-bowls/mxb-0019-white-twenty-four-hole-colander-bowl-set.jpg
MXB-0020,mxb-0020-cream-square-pour-corner-composite-bowl,Cream Square Pour-Corner Composite Bowl,kitchen-cookware/mixing-bowls,0.32,0.32,0.145,2355,4706,2,382590,d4a70e4bf3b6b00270c7284788f53c7e615e0430e611421d064af1b0dfa0bea8,assets/kitchen-cookware/mixing-bowls/mxb-0020-cream-square-pour-corner-composite-bowl.usdz,previews/kitchen-cookware/mixing-bowls/mxb-0020-cream-square-pour-corner-composite-bowl.jpg
CHD-0001,chd-0001-warm-brass-eight-arm-candle-chandelier,Warm-Brass Eight-Arm Candle Chandelier,lighting/chandeliers,1.1,1.1,1.18,10090,19656,2,846113,023276d1514d7ab5cf42a140c9e9210ecf49ec5f013cb7c3e3fc4b53b1a073e3,assets/lighting/chandeliers/chd-0001-warm-brass-eight-arm-candle-chandelier.usdz,previews/lighting/chandeliers/chd-0001-warm-brass-eight-arm-candle-chandelier.jpg
CHD-0002,chd-0002-blackened-iron-twelve-light-two-tier-ring-chandelier,Blackened-Iron Twelve-Light Two-Tier Ring Chandelier,lighting/chandeliers,1.34,1.34,1.05,6648,13180,2,525079,337cf25e7ccca74806d91470b91a27822a8a67d067c91630a6fd62a33fbde329,assets/lighting/chandeliers/chd-0002-blackened-iron-twelve-light-two-tier-ring-chandelier.usdz,previews/lighting/chandeliers/chd-0002-blackened-iron-twelve-light-two-tier-ring-chandelier.jpg
CHD-0003,chd-0003-aged-bronze-six-lantern-scroll-chandelier,Aged-Bronze Six-Lantern Scroll Chandelier,lighting/chandeliers,0.96,0.96,1.22,15972,31380,3,1238871,799d261ded1aa649daff98b4965a1b5461e245d8be17177116cb9f0dd7f2a11f,assets/lighting/chandeliers/chd-0003-aged-bronze-six-lantern-scroll-chandelier.usdz,previews/lighting/chandeliers/chd-0003-aged-bronze-six-lantern-scroll-chandelier.jpg
CHD-0004,chd-0004-antique-silver-nine-strand-crystal-basket-chandelier,Antique-Silver Nine-Strand Crystal-Basket Chandelier,lighting/chandeliers,0.88,0.88,1.28,27886,54916,3,1386907,8cc2e84bca31ea2f936bd36733aabdc98f7e5cc48bb71dc00d7f945f6c35e248,assets/lighting/chandeliers/chd-0004-antique-silver-nine-strand-crystal-basket-chandelier.usdz,previews/lighting/chandeliers/chd-0004-antique-silver-nine-strand-crystal-basket-chandelier.jpg
CHD-0005,chd-0005-verdigris-brass-five-light-ten-leaf-bowl-chandelier,Verdigris-Brass Five-Light Ten-Leaf Bowl Chandelier,lighting/chandeliers,1.02,1.02,1.1,8092,15284,3,985786,f87ba9423d7e01cd91207b1100b5403663ddf8429cf9decfea32ddc078f5014d,assets/lighting/chandeliers/chd-0005-verdigris-brass-five-light-ten-leaf-bowl-chandelier.usdz,previews/lighting/chandeliers/chd-0005-verdigris-brass-five-light-ten-leaf-bowl-chandelier.jpg
CHD-0006,chd-0006-matte-black-three-ring-led-orbit-chandelier,Matte-Black Three-Ring LED Orbit Chandelier,lighting/chandeliers,1.181929,1.177153,0.818998,3386,6752,2,531476,f9a73eb0091d157a06f101a6738a0525727c343b5c3096ddb66ec7c4f217158a,assets/lighting/chandeliers/chd-0006-matte-black-three-ring-led-orbit-chandelier.usdz,previews/lighting/chandeliers/chd-0006-matte-black-three-ring-led-orbit-chandelier.jpg
CHD-0007,chd-0007-satin-brass-twelve-spoke-opal-starburst-chandelier,Satin-Brass Twelve-Spoke Opal Starburst Chandelier,lighting/chandeliers,1.08,1.08,0.92,5714,11320,2,828645,cafe8bf88a2d1eaadbfa7d33fe91a8e9df0bf7ea5c08294ad3d9c0497b9c3e8d,assets/lighting/chandeliers/chd-0007-satin-brass-twelve-spoke-opal-starburst-chandelier.usdz,previews/lighting/chandeliers/chd-0007-satin-brass-twelve-spoke-opal-starburst-chandelier.jpg
CHD-0008,chd-0008-smoked-glass-seven-globe-molecular-chandelier,Smoked-Glass Seven-Globe Molecular Chandelier,lighting/chandeliers,1.0,0.76,0.86,3950,7816,2,422469,8bf43198fe487af1e35642d97e173d24e0be597bbe6d910b7de8891a4357b37c,assets/lighting/chandeliers/chd-0008-smoked-glass-seven-globe-molecular-chandelier.usdz,previews/lighting/chandeliers/chd-0008-smoked-glass-seven-globe-molecular-chandelier.jpg
CHD-0009,chd-0009-white-oak-eight-light-linear-branch-chandelier,White-Oak Eight-Light Linear Branch Chandelier,lighting/chandeliers,1.42,0.46,0.76,5136,10160,3,841258,ebe06c60f81501f5c9dcbe14a44119d0d364c6b64be4f6b9c83267de6186771b,assets/lighting/chandeliers/chd-0009-white-oak-eight-light-linear-branch-chandelier.usdz,previews/lighting/chandeliers/chd-0009-white-oak-eight-light-linear-branch-chandelier.jpg
CHD-0010,chd-0010-white-aluminum-five-ribbon-sculptural-chandelier,White-Aluminum Five-Ribbon Sculptural Chandelier,lighting/chandeliers,1.22,1.22,0.72,13034,26036,2,1427849,c5a11a1d03f72552027662cb71a8f355473fc76f56cbf974128cb4de2754a9f3,assets/lighting/chandeliers/chd-0010-white-aluminum-five-ribbon-sculptural-chandelier.usdz,previews/lighting/chandeliers/chd-0010-white-aluminum-five-ribbon-sculptural-chandelier.jpg
CHD-0011,chd-0011-opal-glass-five-globe-compact-cluster-chandelier,Opal-Glass Five-Globe Compact Cluster Chandelier,lighting/chandeliers,0.62,0.62,0.6,2434,4824,2,725202,1a5e36d891dc9c7cd4c4944b5e45581ab715dedba6237f5efd6cb2e486cfd29e,assets/lighting/chandeliers/chd-0011-opal-glass-five-globe-compact-cluster-chandelier.usdz,previews/lighting/chandeliers/chd-0011-opal-glass-five-globe-compact-cluster-chandelier.jpg
CHD-0012,chd-0012-smoked-glass-three-drum-tier-chandelier,Smoked-Glass Three-Drum Tier Chandelier,lighting/chandeliers,0.7,0.7,0.68,3792,7276,3,832639,cc8bef4ddf016a334a4e9a806a97334e33c35194bdd4e56dddb8e1c583b088a3,assets/lighting/chandeliers/chd-0012-smoked-glass-three-drum-tier-chandelier.usdz,previews/lighting/chandeliers/chd-0012-smoked-glass-three-drum-tier-chandelier.jpg
CHD-0013,chd-0013-oil-rubbed-bronze-six-cone-radial-chandelier,Oil-Rubbed-Bronze Six-Cone Radial Chandelier,lighting/chandeliers,0.78,0.78,0.7,4346,8608,2,529345,dcf606fb0da7801c0519a7a9444db999c41ecc648916954231c4d64021800daa,assets/lighting/chandeliers/chd-0013-oil-rubbed-bronze-six-cone-radial-chandelier.usdz,previews/lighting/chandeliers/chd-0013-oil-rubbed-bronze-six-cone-radial-chandelier.jpg
CHD-0014,chd-0014-black-steel-four-bar-eight-pin-grid-chandelier,Black-Steel Four-Bar Eight-Pin Grid Chandelier,lighting/chandeliers,0.86,0.56,0.54,4296,8492,2,392012,1c0876758ab3ef7927c23e9bb16fddc5d026ba09bb2f35f8c9c2b34047cb7763,assets/lighting/chandeliers/chd-0014-black-steel-four-bar-eight-pin-grid-chandelier.usdz,previews/lighting/chandeliers/chd-0014-black-steel-four-bar-eight-pin-grid-chandelier.jpg
CHD-0015,chd-0015-matte-ceramic-seven-bell-mobile-chandelier,Matte-Ceramic Seven-Bell Mobile Chandelier,lighting/chandeliers,0.84,0.74,0.72,4874,9648,2,562438,4d1733288d55f980e8c808303f95e47094ed16d4a152e1ee381e69335e9e4e2a,assets/lighting/chandeliers/chd-0015-matte-ceramic-seven-bell-mobile-chandelier.usdz,previews/lighting/chandeliers/chd-0015-matte-ceramic-seven-bell-mobile-chandelier.jpg
CHD-0016,chd-0016-satin-brass-twenty-four-rod-rain-chandelier,Satin-Brass Twenty-Four-Rod Rain Chandelier,lighting/chandeliers,1.32,0.62,1.52,11072,21920,2,802197,9fbf740694e74501ab91327b5de49ef1ce8b7c88d7deac9646d8e796f1369f3e,assets/lighting/chandeliers/chd-0016-satin-brass-twenty-four-rod-rain-chandelier.usdz,previews/lighting/chandeliers/chd-0016-satin-brass-twenty-four-rod-rain-chandelier.jpg
CHD-0017,chd-0017-blackened-steel-sixteen-light-double-helix-chandelier,Blackened-Steel Sixteen-Light Double-Helix Chandelier,lighting/chandeliers,0.92,0.92,1.76,14072,27968,2,1033624,e4d5a684e1a092ecbf5a6fd8d0ae2a57b440659d601e0ad6452c51620467d7d2,assets/lighting/chandeliers/chd-0017-blackened-steel-sixteen-light-double-helix-chandelier.usdz,previews/lighting/chandeliers/chd-0017-blackened-steel-sixteen-light-double-helix-chandelier.jpg
CHD-0018,chd-0018-brushed-nickel-twelve-tube-prism-chandelier,Brushed-Nickel Twelve-Tube Prism Chandelier,lighting/chandeliers,1.06,0.641732,1.179542,6576,12988,2,801056,e9fbfbbba12f2d13b42a0fb23a1cbd552fa2134987bc03238c8078d80604d874,assets/lighting/chandeliers/chd-0018-brushed-nickel-twelve-tube-prism-chandelier.usdz,previews/lighting/chandeliers/chd-0018-brushed-nickel-twelve-tube-prism-chandelier.jpg
CHD-0019,chd-0019-natural-rattan-ten-petal-basket-chandelier,Natural-Rattan Ten-Petal Basket Chandelier,lighting/chandeliers,1.2,1.2,0.96,8924,17276,2,1184692,9e303ede5efe7d3522ec626c8c32e77454eb08fe904d83b0666a6ce4ec8ffe38,assets/lighting/chandeliers/chd-0019-natural-rattan-ten-petal-basket-chandelier.usdz,previews/lighting/chandeliers/chd-0019-natural-rattan-ten-petal-basket-chandelier.jpg
CHD-0020,chd-0020-polished-chrome-eighteen-orb-spiral-chandelier,Polished-Chrome Eighteen-Orb Spiral Chandelier,lighting/chandeliers,1.1,1.1,1.68,15576,30928,2,1406365,5757bfe56b316042bcddd73e8f81e0cbd020132a85eb361934ceaef2492df48e,assets/lighting/chandeliers/chd-0020-polished-chrome-eighteen-orb-spiral-chandelier.usdz,previews/lighting/chandeliers/chd-0020-polished-chrome-eighteen-orb-spiral-chandelier.jpg
FLR-0001,flr-0001-aged-brass-bridge-arm-reading-floor-lamp,Aged-Brass Bridge-Arm Reading Floor Lamp,lighting/floor-lamps,0.55,0.55,1.48,1886,3604,2,685450,3ca34433ad698d10297513149875e9ced446d2b4c2cbaa2b60dd98494367316e,assets/lighting/floor-lamps/flr-0001-aged-brass-bridge-arm-reading-floor-lamp.usdz,previews/lighting/floor-lamps/flr-0001-aged-brass-bridge-arm-reading-floor-lamp.jpg
FLR-0002,flr-0002-dark-bronze-alabaster-bowl-torchiere-floor-lamp,Dark-Bronze Alabaster-Bowl Torchiere Floor Lamp,lighting/floor-lamps,0.42,0.42,1.78,3530,6940,2,983854,d3f1fdddd939245f7d5531aac552fc2a4fe2abab7320524242dfde9d6e54f770,assets/lighting/floor-lamps/flr-0002-dark-bronze-alabaster-bowl-torchiere-floor-lamp.usdz,previews/lighting/floor-lamps/flr-0002-dark-bronze-alabaster-bowl-torchiere-floor-lamp.jpg
FLR-0003,flr-0003-walnut-turned-column-pleated-shade-floor-lamp,Walnut Turned-Column Pleated-Shade Floor Lamp,lighting/floor-lamps,0.519981,0.519978,1.62,6178,12044,3,1209932,2a7e7260c5f2ba13928c6321b8c3f949684b5f56fa6f80d279efab0cb86a6bfa,assets/lighting/floor-lamps/flr-0003-walnut-turned-column-pleated-shade-floor-lamp.usdz,previews/lighting/floor-lamps/flr-0003-walnut-turned-column-pleated-shade-floor-lamp.jpg
FLR-0004,flr-0004-black-iron-three-leg-linen-drum-tripod-floor-lamp,Black-Iron Three-Leg Linen-Drum Tripod Floor Lamp,lighting/floor-lamps,0.62,0.62,1.58,2624,5120,2,430744,f38a90f3760440a017b96ee8e802e25a49a6208711afd5e3b4d3a866644d0c53,assets/lighting/floor-lamps/flr-0004-black-iron-three-leg-linen-drum-tripod-floor-lamp.usdz,previews/lighting/floor-lamps/flr-0004-black-iron-three-leg-linen-drum-tripod-floor-lamp.jpg
FLR-0005,flr-0005-antique-brass-twin-head-pharmacy-floor-lamp,Antique-Brass Twin-Head Pharmacy Floor Lamp,lighting/floor-lamps,0.72,0.42,1.45,3108,5968,2,729235,87f44a0d458db9c62c556b81c2c7d4e0b4a770076d40e3c0a416188c6dced450,assets/lighting/floor-lamps/flr-0005-antique-brass-twin-head-pharmacy-floor-lamp.usdz,previews/lighting/floor-lamps/flr-0005-antique-brass-twin-head-pharmacy-floor-lamp.jpg
FLR-0006,flr-0006-matte-black-long-arc-dome-floor-lamp,Matte-Black Long-Arc Dome Floor Lamp,lighting/floor-lamps,1.45,0.48,1.92,1842,3516,2,444867,78013d89f775d33d20f0c55b903654939abe8e1f9ef6a5c33d9305eba6fa74d6,assets/lighting/floor-lamps/flr-0006-matte-black-long-arc-dome-floor-lamp.usdz,previews/lighting/floor-lamps/flr-0006-matte-black-long-arc-dome-floor-lamp.jpg
FLR-0007,flr-0007-polished-chrome-three-globe-tree-floor-lamp,Polished-Chrome Three-Globe Tree Floor Lamp,lighting/floor-lamps,0.72,0.58,1.72,2478,4912,2,773552,c8a04d9b12b66f3af95370a48be67917fe70b9f745112a7d73b96ff803d50211,assets/lighting/floor-lamps/flr-0007-polished-chrome-three-globe-tree-floor-lamp.usdz,previews/lighting/floor-lamps/flr-0007-polished-chrome-three-globe-tree-floor-lamp.jpg
FLR-0008,flr-0008-white-aluminum-twin-ring-led-floor-lamp,White-Aluminum Twin-Ring LED Floor Lamp,lighting/floor-lamps,0.54,0.54,1.68,2352,4688,2,736250,1ce765592fef599b8b40edce87309ca7ed0dd2e3abfdedbf373c66560e2ae1db,assets/lighting/floor-lamps/flr-0008-white-aluminum-twin-ring-led-floor-lamp.usdz,previews/lighting/floor-lamps/flr-0008-white-aluminum-twin-ring-led-floor-lamp.jpg
FLR-0009,flr-0009-white-oak-two-shelf-linen-box-floor-lamp,White-Oak Two-Shelf Linen-Box Floor Lamp,lighting/floor-lamps,0.44,0.44,1.55,1314,2576,3,913698,db532d981a0171e836b5a35e24165928d4950fecd4a3cd2501bc23712a586d67,assets/lighting/floor-lamps/flr-0009-white-oak-two-shelf-linen-box-floor-lamp.usdz,previews/lighting/floor-lamps/flr-0009-white-oak-two-shelf-linen-box-floor-lamp.jpg
FLR-0010,flr-0010-black-steel-vertical-light-blade-floor-lamp,Black-Steel Vertical Light-Blade Floor Lamp,lighting/floor-lamps,0.3,0.28,1.76,1056,2088,2,395569,8a63c48e1012d87b2b76f4003770ac5dc4f848cf97ddaca564250e20e4087b74,assets/lighting/floor-lamps/flr-0010-black-steel-vertical-light-blade-floor-lamp.usdz,previews/lighting/floor-lamps/flr-0010-black-steel-vertical-light-blade-floor-lamp.jpg
FLR-0011,flr-0011-brushed-nickel-swing-arm-reading-floor-lamp,Brushed-Nickel Swing-Arm Reading Floor Lamp,lighting/floor-lamps,0.48,0.38,1.42,2052,3984,2,728347,0c786072012172ae986e7c572f378fe1e00bc94224441e6b0c81dbd60044e46c,assets/lighting/floor-lamps/flr-0011-brushed-nickel-swing-arm-reading-floor-lamp.usdz,previews/lighting/floor-lamps/flr-0011-brushed-nickel-swing-arm-reading-floor-lamp.jpg
FLR-0012,flr-0012-speckled-ceramic-linen-drum-floor-lamp,Speckled-Ceramic Linen-Drum Floor Lamp,lighting/floor-lamps,0.5,0.5,1.46,1770,3432,3,849588,4f3d3996532a5f97b775e493725a3c7b51c29348d616839ff886afc73ae16f25,assets/lighting/floor-lamps/flr-0012-speckled-ceramic-linen-drum-floor-lamp.usdz,previews/lighting/floor-lamps/flr-0012-speckled-ceramic-linen-drum-floor-lamp.jpg
FLR-0013,flr-0013-natural-rattan-three-leg-woven-cone-floor-lamp,Natural-Rattan Three-Leg Woven-Cone Floor Lamp,lighting/floor-lamps,0.560007,0.56023,1.519988,3840,7512,2,885360,0d26a22e4d5b2b3a8dad11f98e298983ed6dd3f79f2cf2466c8c1a81e20a3ed8,assets/lighting/floor-lamps/flr-0013-natural-rattan-three-leg-woven-cone-floor-lamp.usdz,previews/lighting/floor-lamps/flr-0013-natural-rattan-three-leg-woven-cone-floor-lamp.jpg
FLR-0014,flr-0014-sage-green-adjustable-dome-task-floor-lamp,Sage-Green Adjustable-Dome Task Floor Lamp,lighting/floor-lamps,0.5,0.42,1.38,1934,3744,3,842823,53ac7abfbf2a57a737148d67363b80efdbc122258b0726b66d5ae6b72aeca0fc,assets/lighting/floor-lamps/flr-0014-sage-green-adjustable-dome-task-floor-lamp.usdz,previews/lighting/floor-lamps/flr-0014-sage-green-adjustable-dome-task-floor-lamp.jpg
FLR-0015,flr-0015-opal-glass-two-globe-compact-floor-lamp,Opal-Glass Two-Globe Compact Floor Lamp,lighting/floor-lamps,0.38,0.38,1.25,1860,3688,2,641736,82cd144238a97299afad835c8a2a27d7d2b2a23c623426d13566c0ea543a90b1,assets/lighting/floor-lamps/flr-0015-opal-glass-two-globe-compact-floor-lamp.usdz,previews/lighting/floor-lamps/flr-0015-opal-glass-two-globe-compact-floor-lamp.jpg
FLR-0016,flr-0016-satin-brass-five-arm-palm-floor-lamp,Satin-Brass Five-Arm Palm Floor Lamp,lighting/floor-lamps,0.950033,0.849929,1.88,5094,9860,2,914267,5a33f25659794f027e982d63aee4c17a39c00ca493ce64d3009f98227a18667d,assets/lighting/floor-lamps/flr-0016-satin-brass-five-arm-palm-floor-lamp.usdz,previews/lighting/floor-lamps/flr-0016-satin-brass-five-arm-palm-floor-lamp.jpg
FLR-0017,flr-0017-black-steel-three-arc-cantilever-floor-lamp,Black-Steel Three-Arc Cantilever Floor Lamp,lighting/floor-lamps,1.55,0.6,2.05,2562,4936,2,500678,ba753e530a6aa904a914ed38928533d8dca713fcaf6d6a2b3827a91f30d51a00,assets/lighting/floor-lamps/flr-0017-black-steel-three-arc-cantilever-floor-lamp.usdz,previews/lighting/floor-lamps/flr-0017-black-steel-three-arc-cantilever-floor-lamp.jpg
FLR-0018,flr-0018-board-formed-concrete-luminous-column-floor-lamp,Board-Formed-Concrete Luminous-Column Floor Lamp,lighting/floor-lamps,0.36,0.36,1.66,976,1924,2,625371,51e0b4b30f99486a87d34d2bac8ca0bcc330aab646db36a5ba335337ce4ebfd0,assets/lighting/floor-lamps/flr-0018-board-formed-concrete-luminous-column-floor-lamp.usdz,previews/lighting/floor-lamps/flr-0018-board-formed-concrete-luminous-column-floor-lamp.jpg
FLR-0019,flr-0019-brushed-nickel-six-tube-cluster-floor-lamp,Brushed-Nickel Six-Tube Cluster Floor Lamp,lighting/floor-lamps,0.55,0.55,1.82,3300,6544,3,820159,d0c73be4f14d31919a51d0bd529d0c43c8a7e2296cf197673dcba6fba1a3faf2,assets/lighting/floor-lamps/flr-0019-brushed-nickel-six-tube-cluster-floor-lamp.usdz,previews/lighting/floor-lamps/flr-0019-brushed-nickel-six-tube-cluster-floor-lamp.jpg
FLR-0020,flr-0020-walnut-twelve-rib-sculptural-lattice-floor-lamp,Walnut Twelve-Rib Sculptural Lattice Floor Lamp,lighting/floor-lamps,0.68,0.68,1.72,6192,11748,2,969735,c7f885cc45c0edb0742c3e07e83996c8449fdfe7b07836a399c6d29882d5bff1,assets/lighting/floor-lamps/flr-0020-walnut-twelve-rib-sculptural-lattice-floor-lamp.usdz,previews/lighting/floor-lamps/flr-0020-walnut-twelve-rib-sculptural-lattice-floor-lamp.jpg
PND-0001,pnd-0001-aged-brass-ribbed-glass-schoolhouse-pendant,Aged-Brass Ribbed-Glass Schoolhouse Pendant,lighting/pendants,0.42,0.42,0.78,18420,35572,3,1860997,18a47bfa88acbf6cdbc207abf734185ff605cf8350a928210d36fb2a88341994,assets/lighting/pendants/pnd-0001-aged-brass-ribbed-glass-schoolhouse-pendant.usdz,previews/lighting/pendants/pnd-0001-aged-brass-ribbed-glass-schoolhouse-pendant.jpg
PND-0002,pnd-0002-blackened-iron-six-panel-lantern-pendant,Blackened-Iron Six-Panel Lantern Pendant,lighting/pendants,0.380069,0.38,0.91999,4452,8788,3,673739,d5d53f75a4131d7ef98af7d85d4858aff0d49ca4d48dc422a29d0e291f33e297,assets/lighting/pendants/pnd-0002-blackened-iron-six-panel-lantern-pendant.usdz,previews/lighting/pendants/pnd-0002-blackened-iron-six-panel-lantern-pendant.jpg
PND-0003,pnd-0003-antique-copper-twin-pulley-dome-pendant,Antique-Copper Twin-Pulley Dome Pendant,lighting/pendants,0.56,0.32,0.88,5126,10044,3,888632,862de3f44e6b8455ba8876f10bc1f9e392a194481bc2832fab81bc498fa9957f,assets/lighting/pendants/pnd-0003-antique-copper-twin-pulley-dome-pendant.usdz,previews/lighting/pendants/pnd-0003-antique-copper-twin-pulley-dome-pendant.jpg
PND-0004,pnd-0004-warm-brass-prismatic-holophane-bowl-pendant,Warm-Brass Prismatic-Holophane Bowl Pendant,lighting/pendants,0.48,0.48,0.74,16446,31624,3,1773741,b950f93d66ec9f9cc194b9ad12fd1523d8aa588a6088c31b0fc31a3216e8a758,assets/lighting/pendants/pnd-0004-warm-brass-prismatic-holophane-bowl-pendant.usdz,previews/lighting/pendants/pnd-0004-warm-brass-prismatic-holophane-bowl-pendant.jpg
PND-0005,pnd-0005-dark-walnut-twelve-slat-acorn-pendant,Dark-Walnut Twelve-Slat Acorn Pendant,lighting/pendants,0.46,0.46,0.86,6192,11744,3,1309192,7d287d6df41e33b5b7f40b823ea94651610bfa9939555b71a1a10b44a707e8b1,assets/lighting/pendants/pnd-0005-dark-walnut-twelve-slat-acorn-pendant.usdz,previews/lighting/pendants/pnd-0005-dark-walnut-twelve-slat-acorn-pendant.jpg
PND-0006,pnd-0006-matte-black-wide-cone-pendant,Matte-Black Wide-Cone Pendant,lighting/pendants,0.54,0.54,0.64,1226,2244,2,405221,b19c231b22fe2f28ea46cfd8c258fd7ac357d75dfd05c8ddd77daeb2b335dc74,assets/lighting/pendants/pnd-0006-matte-black-wide-cone-pendant.usdz,previews/lighting/pendants/pnd-0006-matte-black-wide-cone-pendant.jpg
PND-0007,pnd-0007-white-aluminum-twin-halo-pendant,White-Aluminum Twin-Halo Pendant,lighting/pendants,0.62,0.62,0.72,2906,5792,2,805097,deeb0b9388263df78a6282f1e0a316c20b6c6141faecc2a2a79e15d59ee3b4b7,assets/lighting/pendants/pnd-0007-white-aluminum-twin-halo-pendant.usdz,previews/lighting/pendants/pnd-0007-white-aluminum-twin-halo-pendant.jpg
PND-0008,pnd-0008-smoked-glass-offset-capsule-pendant,Smoked-Glass Offset-Capsule Pendant,lighting/pendants,0.34,0.34,0.82,1928,3836,4,878772,1ae4028bbcf797acbcc462b66deab57fcf70e421807c194634e586ea8bc21b61,assets/lighting/pendants/pnd-0008-smoked-glass-offset-capsule-pendant.usdz,previews/lighting/pendants/pnd-0008-smoked-glass-offset-capsule-pendant.jpg
PND-0009,pnd-0009-board-formed-concrete-slot-cylinder-pendant,Board-Formed-Concrete Slot-Cylinder Pendant,lighting/pendants,0.3,0.3,0.7,1768,3504,3,807129,1610cf4e50546200d9e7efbaf43cb07018cd54c0226b55146cb87ce6494c437c,assets/lighting/pendants/pnd-0009-board-formed-concrete-slot-cylinder-pendant.usdz,previews/lighting/pendants/pnd-0009-board-formed-concrete-slot-cylinder-pendant.jpg
PND-0010,pnd-0010-satin-brass-thin-disc-pendant,Satin-Brass Thin-Disc Pendant,lighting/pendants,0.66,0.66,0.52,2384,4744,2,743519,dcaf75239140609c3a1b45c0c48bf61267210a74a4e811ffbb37069243abfd79,assets/lighting/pendants/pnd-0010-satin-brass-thin-disc-pendant.usdz,previews/lighting/pendants/pnd-0010-satin-brass-thin-disc-pendant.jpg
PND-0011,pnd-0011-opal-glass-globe-mini-pendant,Opal-Glass Globe Mini Pendant,lighting/pendants,0.26,0.26,0.58,1066,2116,3,793277,2cf6e31b004f17764c3365b7c80c505435ee92dd8a8c28ba2c71f7f2cded3e12,assets/lighting/pendants/pnd-0011-opal-glass-globe-mini-pendant.usdz,previews/lighting/pendants/pnd-0011-opal-glass-globe-mini-pendant.jpg
PND-0012,pnd-0012-sage-ceramic-twelve-scallop-dome-pendant,Sage-Ceramic Twelve-Scallop Dome Pendant,lighting/pendants,0.32,0.32,0.56,8842,17424,3,1164588,a4bb04a0f5a562920e8f92901077f000f744666e876f3990d04d3c9aac534d43,assets/lighting/pendants/pnd-0012-sage-ceramic-twelve-scallop-dome-pendant.usdz,previews/lighting/pendants/pnd-0012-sage-ceramic-twelve-scallop-dome-pendant.jpg
PND-0013,pnd-0013-natural-rattan-ten-rib-woven-bell-pendant,Natural-Rattan Ten-Rib Woven-Bell Pendant,lighting/pendants,0.380398,0.380712,0.59985,3968,7880,2,1116313,8bedb639951bb5555a9010ce7b42f4b13f8413fcdbef7a09dc30ab2718a5e599,assets/lighting/pendants/pnd-0013-natural-rattan-ten-rib-woven-bell-pendant.usdz,previews/lighting/pendants/pnd-0013-natural-rattan-ten-rib-woven-bell-pendant.jpg
PND-0014,pnd-0014-amber-glass-teardrop-pendant,Amber-Glass Teardrop Pendant,lighting/pendants,0.28,0.28,0.66,1524,3024,4,942811,8708097a29092fb13667212ee618341d545f038e1bf9166ebf95f96c1f312ade,assets/lighting/pendants/pnd-0014-amber-glass-teardrop-pendant.usdz,previews/lighting/pendants/pnd-0014-amber-glass-teardrop-pendant.jpg
PND-0015,pnd-0015-fluted-travertine-sixteen-groove-cylinder-pendant,Fluted-Travertine Sixteen-Groove Cylinder Pendant,lighting/pendants,0.24,0.24,0.52,3856,7632,3,1216366,422942a1dc7d0139afcd5b2a2151d3787d7aa79becd613c22008fe012a14a1dd,assets/lighting/pendants/pnd-0015-fluted-travertine-sixteen-groove-cylinder-pendant.usdz,previews/lighting/pendants/pnd-0015-fluted-travertine-sixteen-groove-cylinder-pendant.jpg
PND-0016,pnd-0016-black-steel-three-tube-linear-pendant,Black-Steel Three-Tube Linear Pendant,lighting/pendants,1.16,0.22,0.76,2320,4600,2,406381,ec3b03e208f9d67757e80b7d92433d7061121e0edc06f4ef911357e972f28718,assets/lighting/pendants/pnd-0016-black-steel-three-tube-linear-pendant.usdz,previews/lighting/pendants/pnd-0016-black-steel-three-tube-linear-pendant.jpg
PND-0017,pnd-0017-brushed-nickel-seven-drop-rain-cluster-pendant,Brushed-Nickel Seven-Drop Rain-Cluster Pendant,lighting/pendants,0.62,0.62,1.18,6768,13420,2,754288,fd97ace6e6306c79d871a49f3cd79cc4948e2dc65ca86921dc390748a51c7997,assets/lighting/pendants/pnd-0017-brushed-nickel-seven-drop-rain-cluster-pendant.usdz,previews/lighting/pendants/pnd-0017-brushed-nickel-seven-drop-rain-cluster-pendant.jpg
PND-0018,pnd-0018-black-and-white-vertical-light-blade-pendant,Black-and-White Vertical Light-Blade Pendant,lighting/pendants,0.28,0.18,1.12,1152,2280,2,397158,8971fc76eac11ee7649060abbf8aa28fa51738a97922ffbe73e06e47f2681d14,assets/lighting/pendants/pnd-0018-black-and-white-vertical-light-blade-pendant.usdz,previews/lighting/pendants/pnd-0018-black-and-white-vertical-light-blade-pendant.jpg
PND-0019,pnd-0019-natural-oak-sixteen-rib-ovoid-pendant,Natural-Oak Sixteen-Rib Ovoid Pendant,lighting/pendants,0.72,0.72,0.94,7952,15056,3,1257502,64455fbcdb1bd590d3213ea9144fc3f2dc04b48af60778f5add230312d0fd9b0,assets/lighting/pendants/pnd-0019-natural-oak-sixteen-rib-ovoid-pendant.usdz,previews/lighting/pendants/pnd-0019-natural-oak-sixteen-rib-ovoid-pendant.jpg
PND-0020,pnd-0020-polished-chrome-three-turn-helix-pendant,Polished-Chrome Three-Turn Helix Pendant,lighting/pendants,0.48,0.48,1.08,3680,7332,2,868304,e3365782a7142717cf3cae809e849b40590ee8ad2dac2389e9eaf161078bcada,assets/lighting/pendants/pnd-0020-polished-chrome-three-turn-helix-pendant.usdz,previews/lighting/pendants/pnd-0020-polished-chrome-three-turn-helix-pendant.jpg
SCN-0001,scn-0001-aged-brass-ribbed-glass-candle-arm-sconce,Aged-Brass Ribbed-Glass Candle-Arm Sconce,lighting/sconces,0.28,0.22,0.46,4546,8864,3,967008,458dfc7361bcf508903f430f38cf4805e88ac7e0b1e0fc1e19935e5e1d73247b,assets/lighting/sconces/scn-0001-aged-brass-ribbed-glass-candle-arm-sconce.usdz,previews/lighting/sconces/scn-0001-aged-brass-ribbed-glass-candle-arm-sconce.jpg
SCN-0002,scn-0002-blackened-iron-four-panel-lantern-sconce,Blackened-Iron Four-Panel Lantern Sconce,lighting/sconces,0.26,0.2,0.48,2352,4596,3,624722,5ab4b4fc659d256a8d4e69543a4e0ab241f3dcf2967ffe491397ef7f02c38fbb,assets/lighting/sconces/scn-0002-blackened-iron-four-panel-lantern-sconce.usdz,previews/lighting/sconces/scn-0002-blackened-iron-four-panel-lantern-sconce.jpg
SCN-0003,scn-0003-antique-bronze-twin-arm-pleated-shade-sconce,Antique-Bronze Twin-Arm Pleated-Shade Sconce,lighting/sconces,0.52,0.24,0.38,6912,13404,3,1012515,41a1268513bc8015173462a153f81aa6177cb7656cdd1f9fce736283590c3072,assets/lighting/sconces/scn-0003-antique-bronze-twin-arm-pleated-shade-sconce.usdz,previews/lighting/sconces/scn-0003-antique-bronze-twin-arm-pleated-shade-sconce.jpg
SCN-0004,scn-0004-verdigris-brass-five-leaf-uplight-sconce,Verdigris-Brass Five-Leaf Uplight Sconce,lighting/sconces,0.36,0.18,0.440002,3348,6396,2,745057,b45a3c236118b753b25ec64c53f4a033d2de7fd4d3496e5618551868316b3f8a,assets/lighting/sconces/scn-0004-verdigris-brass-five-leaf-uplight-sconce.usdz,previews/lighting/sconces/scn-0004-verdigris-brass-five-leaf-uplight-sconce.jpg
SCN-0005,scn-0005-antique-silver-three-strand-crystal-basket-sconce,Antique-Silver Three-Strand Crystal-Basket Sconce,lighting/sconces,0.34,0.2,0.42,14994,29568,3,1475576,f3d671c826e0d36f2dda879b62db3cdb70358f42fe7f03f785afc35b979c5783,assets/lighting/sconces/scn-0005-antique-silver-three-strand-crystal-basket-sconce.usdz,previews/lighting/sconces/scn-0005-antique-silver-three-strand-crystal-basket-sconce.jpg
SCN-0006,scn-0006-matte-black-up-down-cylinder-sconce,Matte-Black Up-Down Cylinder Sconce,lighting/sconces,0.16,0.14,0.34,1368,2720,2,402798,96096ab37a95c383c9474321492f17bd2bf3dfd004e7a9a9af55dd6dea7d4ee0,assets/lighting/sconces/scn-0006-matte-black-up-down-cylinder-sconce.usdz,previews/lighting/sconces/scn-0006-matte-black-up-down-cylinder-sconce.jpg
SCN-0007,scn-0007-white-aluminum-offset-halo-sconce,White-Aluminum Offset-Halo Sconce,lighting/sconces,0.34,0.12,0.34,1444,2876,2,727952,238b342add658d71fdad8f129534ee93b64ea2b64145c3978f8c97fd87110aa5,assets/lighting/sconces/scn-0007-white-aluminum-offset-halo-sconce.usdz,previews/lighting/sconces/scn-0007-white-aluminum-offset-halo-sconce.jpg
SCN-0008,scn-0008-smoked-glass-vertical-capsule-sconce,Smoked-Glass Vertical-Capsule Sconce,lighting/sconces,0.22,0.16,0.46,1920,3820,3,739264,791929e9fcd09d9292d6f22022c5fe8c0e778f4c15ca4e9d49c46a2049145c9a,assets/lighting/sconces/scn-0008-smoked-glass-vertical-capsule-sconce.usdz,previews/lighting/sconces/scn-0008-smoked-glass-vertical-capsule-sconce.jpg
SCN-0009,scn-0009-board-formed-concrete-four-slot-sconce,Board-Formed-Concrete Four-Slot Sconce,lighting/sconces,0.2,0.14,0.4,1344,2656,2,633408,99bcf8b23d0f238c55d43723e470d158918d3c036da3b2cd95121d04b75156bb,assets/lighting/sconces/scn-0009-board-formed-concrete-four-slot-sconce.usdz,previews/lighting/sconces/scn-0009-board-formed-concrete-four-slot-sconce.jpg
SCN-0010,scn-0010-satin-brass-folded-plane-sconce,Satin-Brass Folded-Plane Sconce,lighting/sconces,0.3,0.13,0.36,808,1592,2,638895,7503e1de0fabe8ae30dfe6c3e8efc54f0b5d5af0899d15e79b038728b7e42137,assets/lighting/sconces/scn-0010-satin-brass-folded-plane-sconce.usdz,previews/lighting/sconces/scn-0010-satin-brass-folded-plane-sconce.jpg
SCN-0011,scn-0011-opal-glass-globe-pin-sconce,Opal-Glass Globe-Pin Sconce,lighting/sconces,0.2,0.18,0.24,820,1624,2,653298,b4588078c106a02cd6b1c0bb5b24aa33e0dc33ceb00ea9a5ef4d5cd74bc27a56,assets/lighting/sconces/scn-0011-opal-glass-globe-pin-sconce.usdz,previews/lighting/sconces/scn-0011-opal-glass-globe-pin-sconce.jpg
SCN-0012,scn-0012-sage-ceramic-twelve-flute-shell-sconce,Sage-Ceramic Twelve-Flute Shell Sconce,lighting/sconces,0.26,0.14,0.3,2680,5252,2,458386,166587a4afe5baa6c2c72b92086ab05297029589d3298e407481b21e88b148aa,assets/lighting/sconces/scn-0012-sage-ceramic-twelve-flute-shell-sconce.usdz,previews/lighting/sconces/scn-0012-sage-ceramic-twelve-flute-shell-sconce.jpg
SCN-0013,scn-0013-natural-rattan-eight-rib-bell-sconce,Natural-Rattan Eight-Rib Bell Sconce,lighting/sconces,0.28,0.200053,0.340001,3288,6480,4,1744047,8e3a771496bfa25cdb86868e504657f536bad8092739ca432e55c887e1d6effb,assets/lighting/sconces/scn-0013-natural-rattan-eight-rib-bell-sconce.usdz,previews/lighting/sconces/scn-0013-natural-rattan-eight-rib-bell-sconce.jpg
SCN-0014,scn-0014-amber-glass-teardrop-shield-sconce,Amber-Glass Teardrop-Shield Sconce,lighting/sconces,0.2,0.15,0.36,1172,2324,3,796033,3d866eecabef7eeb8b0468ca70fe9ad7eb3802e0157a574263a2bbdf74c82734,assets/lighting/sconces/scn-0014-amber-glass-teardrop-shield-sconce.usdz,previews/lighting/sconces/scn-0014-amber-glass-teardrop-shield-sconce.jpg
SCN-0015,scn-0015-fluted-travertine-twelve-groove-half-cylinder-sconce,Fluted-Travertine Twelve-Groove Half-Cylinder Sconce,lighting/sconces,0.18,0.12,0.3,10312,20560,3,1473757,323b1f9428cc1ea2535c09042e3cf2f8ae904d9255e383241b9bb0fc20cb3023,assets/lighting/sconces/scn-0015-fluted-travertine-twelve-groove-half-cylinder-sconce.usdz,previews/lighting/sconces/scn-0015-fluted-travertine-twelve-groove-half-cylinder-sconce.jpg
SCN-0016,scn-0016-black-steel-twin-blade-vertical-sconce,Black-Steel Twin-Blade Vertical Sconce,lighting/sconces,0.18,0.1,0.7,1408,2784,2,388073,ceff69221c1a37020d17ae03b6411136adfe7ab151c7340d3c4891d92ddf8e45,assets/lighting/sconces/scn-0016-black-steel-twin-blade-vertical-sconce.usdz,previews/lighting/sconces/scn-0016-black-steel-twin-blade-vertical-sconce.jpg
SCN-0017,scn-0017-brushed-nickel-five-tube-organ-sconce,Brushed-Nickel Five-Tube Organ Sconce,lighting/sconces,0.32,0.12,0.6,3736,7408,2,705616,568f1c0a97d5efbc08ee4d8dbb7a743d57ea764b178a5115b13af7094d792a32,assets/lighting/sconces/scn-0017-brushed-nickel-five-tube-organ-sconce.usdz,previews/lighting/sconces/scn-0017-brushed-nickel-five-tube-organ-sconce.jpg
SCN-0018,scn-0018-black-and-white-chevron-blade-sconce,Black-and-White Chevron-Blade Sconce,lighting/sconces,0.359955,0.100006,0.58,1090,2156,2,390613,24dc92fc071b24fc31683c906fbc709db8a048ef3edb8aae35d81d039c82cc3c,assets/lighting/sconces/scn-0018-black-and-white-chevron-blade-sconce.usdz,previews/lighting/sconces/scn-0018-black-and-white-chevron-blade-sconce.jpg
SCN-0019,scn-0019-natural-oak-twelve-rib-ovoid-sconce,Natural-Oak Twelve-Rib Ovoid Sconce,lighting/sconces,0.38,0.2,0.54,11846,22900,3,1510989,214b3731a5ac786b296dd7e82f4f9d745618b23e466c6a77daefa765254cbc7b,assets/lighting/sconces/scn-0019-natural-oak-twelve-rib-ovoid-sconce.usdz,previews/lighting/sconces/scn-0019-natural-oak-twelve-rib-ovoid-sconce.jpg
SCN-0020,scn-0020-polished-chrome-two-turn-ribbon-sconce,Polished-Chrome Two-Turn Ribbon Sconce,lighting/sconces,0.3,0.14,0.62,2408,4796,2,785061,485e7fbd41f155654ed10bd2ec5c9962af7d7bc2545a9b7252b707c72b451885,assets/lighting/sconces/scn-0020-polished-chrome-two-turn-ribbon-sconce.usdz,previews/lighting/sconces/scn-0020-polished-chrome-two-turn-ribbon-sconce.jpg
TLP-0001,tlp-0001-aged-brass-green-glass-banker-table-lamp,Aged-Brass Green-Glass Banker Table Lamp,lighting/table-lamps,0.32,0.24,0.42,3172,6204,3,821059,17cfddf8893650806da03de0b487857d35d8161e04c333b2e321a0054918e862,assets/lighting/table-lamps/tlp-0001-aged-brass-green-glass-banker-table-lamp.usdz,previews/lighting/table-lamps/tlp-0001-aged-brass-green-glass-banker-table-lamp.jpg
TLP-0002,tlp-0002-antique-bronze-twelve-panel-tiffany-dome-table-lamp,Antique-Bronze Twelve-Panel Tiffany-Dome Table Lamp,lighting/table-lamps,0.38,0.38,0.56,2978,5892,4,816825,15c07cf72854a7028adf0ad49e343050f4b657b4cb8d6ad72a93416661be653d,assets/lighting/table-lamps/tlp-0002-antique-bronze-twelve-panel-tiffany-dome-table-lamp.usdz,previews/lighting/table-lamps/tlp-0002-antique-bronze-twelve-panel-tiffany-dome-table-lamp.jpg
TLP-0003,tlp-0003-cobalt-porcelain-ginger-jar-silk-drum-table-lamp,Cobalt-Porcelain Ginger-Jar Silk-Drum Table Lamp,lighting/table-lamps,0.36,0.36,0.62,2642,5068,3,776130,271c775c8c8c7388be49d18c5e5c50d659c5819264083c34b7d7f18b5a1c0a48,assets/lighting/table-lamps/tlp-0003-cobalt-porcelain-ginger-jar-silk-drum-table-lamp.usdz,previews/lighting/table-lamps/tlp-0003-cobalt-porcelain-ginger-jar-silk-drum-table-lamp.jpg
TLP-0004,tlp-0004-black-iron-three-leg-tripod-linen-cone-table-lamp,Black-Iron Three-Leg Tripod Linen-Cone Table Lamp,lighting/table-lamps,0.34,0.34,0.5,1920,3716,2,407691,d1e256470539f79a61c91ccea40b954d8beec10897971eadf58b681c9e7c7323,assets/lighting/table-lamps/tlp-0004-black-iron-three-leg-tripod-linen-cone-table-lamp.usdz,previews/lighting/table-lamps/tlp-0004-black-iron-three-leg-tripod-linen-cone-table-lamp.jpg
TLP-0005,tlp-0005-antique-copper-twin-arm-library-table-lamp,Antique-Copper Twin-Arm Library Table Lamp,lighting/table-lamps,0.52,0.24,0.44,2620,5000,2,670527,5a016aaf749fc9cad67d95ad840c2b3bb294ac5b16d95591ac9534771fdfc59d,assets/lighting/table-lamps/tlp-0005-antique-copper-twin-arm-library-table-lamp.usdz,previews/lighting/table-lamps/tlp-0005-antique-copper-twin-arm-library-table-lamp.jpg
TLP-0006,tlp-0006-matte-black-pivot-dome-task-table-lamp,Matte-Black Pivot-Dome Task Table Lamp,lighting/table-lamps,0.24,0.34,0.48,1418,2720,2,427134,6e221e2fdb9d30b1fe6b5497af83b52793b90a0ddce20a9969dfedd2cb7fd0c4,assets/lighting/table-lamps/tlp-0006-matte-black-pivot-dome-task-table-lamp.usdz,previews/lighting/table-lamps/tlp-0006-matte-black-pivot-dome-task-table-lamp.jpg
TLP-0007,tlp-0007-white-aluminum-offset-halo-table-lamp,White-Aluminum Offset-Halo Table Lamp,lighting/table-lamps,0.32,0.220004,0.439993,1588,3160,2,738586,90a4dc84c2cba0e2282dab5a334a04be94a858421ac4a10e2c1d9bb59fcea5cc,assets/lighting/table-lamps/tlp-0007-white-aluminum-offset-halo-table-lamp.usdz,previews/lighting/table-lamps/tlp-0007-white-aluminum-offset-halo-table-lamp.jpg
TLP-0008,tlp-0008-smoked-glass-mushroom-table-lamp,Smoked-Glass Mushroom Table Lamp,lighting/table-lamps,0.34,0.34,0.38,1632,3244,3,468349,2d4705dc26eea30b20ddc5320d591a688e1318ebec316a5d79df7d1a4cbbec75,assets/lighting/table-lamps/tlp-0008-smoked-glass-mushroom-table-lamp.usdz,previews/lighting/table-lamps/tlp-0008-smoked-glass-mushroom-table-lamp.jpg
TLP-0009,tlp-0009-board-formed-concrete-four-slot-column-table-lamp,Board-Formed-Concrete Four-Slot Column Table Lamp,lighting/table-lamps,0.22,0.22,0.42,1016,2004,2,623829,4be37f57fe02e199b64f37f22799752e33d17baed3fb3fc463651e76400083e7,assets/lighting/table-lamps/tlp-0009-board-formed-concrete-four-slot-column-table-lamp.usdz,previews/lighting/table-lamps/tlp-0009-board-formed-concrete-four-slot-column-table-lamp.jpg
TLP-0010,tlp-0010-satin-brass-counterweighted-disc-table-lamp,Satin-Brass Counterweighted-Disc Table Lamp,lighting/table-lamps,0.42,0.200001,0.459998,1538,3052,2,703259,9651b498ebca42b3ea1c2aa1b27f6ce191c86ed7eac6f02dde894b61aa573d5a,assets/lighting/table-lamps/tlp-0010-satin-brass-counterweighted-disc-table-lamp.usdz,previews/lighting/table-lamps/tlp-0010-satin-brass-counterweighted-disc-table-lamp.jpg
TLP-0011,tlp-0011-opal-glass-globe-oak-peg-table-lamp,Opal-Glass Globe Oak-Peg Table Lamp,lighting/table-lamps,0.22,0.22,0.3,1226,2436,3,1148053,31e07c622d20fe316fc365a5d7b4fc3e24a66734cf175d081a8a734263a23a73,assets/lighting/table-lamps/tlp-0011-opal-glass-globe-oak-peg-table-lamp.usdz,previews/lighting/table-lamps/tlp-0011-opal-glass-globe-oak-peg-table-lamp.jpg
TLP-0012,tlp-0012-sage-ceramic-twelve-flute-shell-table-lamp,Sage-Ceramic Twelve-Flute Shell Table Lamp,lighting/table-lamps,0.3,0.24,0.38,3108,6148,2,481251,13cbc79dd191db00be55e4d515aee33b8e2d9b02ad7165755153c7baebacb3ff,assets/lighting/table-lamps/tlp-0012-sage-ceramic-twelve-flute-shell-table-lamp.usdz,previews/lighting/table-lamps/tlp-0012-sage-ceramic-twelve-flute-shell-table-lamp.jpg
TLP-0013,tlp-0013-natural-rattan-eight-rib-bell-table-lamp,Natural-Rattan Eight-Rib Bell Table Lamp,lighting/table-lamps,0.3,0.3,0.46,4110,7740,4,1823165,7c395b67452fd2fc876c4f3f16c31bf890d0bf3c0f7f4d11e66a33015cbb0711,assets/lighting/table-lamps/tlp-0013-natural-rattan-eight-rib-bell-table-lamp.usdz,previews/lighting/table-lamps/tlp-0013-natural-rattan-eight-rib-bell-table-lamp.jpg
TLP-0014,tlp-0014-amber-glass-teardrop-pedestal-table-lamp,Amber-Glass Teardrop Pedestal Table Lamp,lighting/table-lamps,0.24,0.24,0.4,1610,3196,3,826089,258939b3f8d2c07c2187129f717505f56b65d98c5b969aa88e39fb1c6b8b092f,assets/lighting/table-lamps/tlp-0014-amber-glass-teardrop-pedestal-table-lamp.usdz,previews/lighting/table-lamps/tlp-0014-amber-glass-teardrop-pedestal-table-lamp.jpg
TLP-0015,tlp-0015-fluted-travertine-twelve-groove-arch-table-lamp,Fluted-Travertine Twelve-Groove Arch Table Lamp,lighting/table-lamps,0.3,0.2,0.38,4164,8212,3,1024272,b266d10ecaf7c39217212e3c7ada76e2f1386641723e16d21d82b141af54b163,assets/lighting/table-lamps/tlp-0015-fluted-travertine-twelve-groove-arch-table-lamp.usdz,previews/lighting/table-lamps/tlp-0015-fluted-travertine-twelve-groove-arch-table-lamp.jpg
TLP-0016,tlp-0016-black-steel-twin-blade-beacon-table-lamp,Black-Steel Twin-Blade Beacon Table Lamp,lighting/table-lamps,0.24,0.18,0.68,2144,4244,2,430658,69c3f051cfcf8c9c88e478517ad127e536dd77359d7cb9069d05ebaa894ac316,assets/lighting/table-lamps/tlp-0016-black-steel-twin-blade-beacon-table-lamp.usdz,previews/lighting/table-lamps/tlp-0016-black-steel-twin-blade-beacon-table-lamp.jpg
TLP-0017,tlp-0017-brushed-nickel-five-tube-organ-table-lamp,Brushed-Nickel Five-Tube Organ Table Lamp,lighting/table-lamps,0.32,0.24,0.58,3672,7280,2,700877,c88e4441520f6b3e9a31d45331405c88567dea06bc5cac357cfc5a564e8dabaa,assets/lighting/table-lamps/tlp-0017-brushed-nickel-five-tube-organ-table-lamp.usdz,previews/lighting/table-lamps/tlp-0017-brushed-nickel-five-tube-organ-table-lamp.jpg
TLP-0018,tlp-0018-black-and-white-chevron-blade-table-lamp,Black-and-White Chevron-Blade Table Lamp,lighting/table-lamps,0.42,0.2,0.6,1234,2440,2,401506,0c1a5797ed9089e364d9c0a91e906e62efabc2e5e473c540a754f181b09e1c76,assets/lighting/table-lamps/tlp-0018-black-and-white-chevron-blade-table-lamp.usdz,previews/lighting/table-lamps/tlp-0018-black-and-white-chevron-blade-table-lamp.jpg
TLP-0019,tlp-0019-natural-oak-twelve-rib-ovoid-table-lamp,Natural-Oak Twelve-Rib Ovoid Table Lamp,lighting/table-lamps,0.36,0.36,0.56,6096,11556,3,1146875,82129543f4ef6bf726a6b91a3d4bed2014f99d6502af22ca8b20ceb990ecd473,assets/lighting/table-lamps/tlp-0019-natural-oak-twelve-rib-ovoid-table-lamp.usdz,previews/lighting/table-lamps/tlp-0019-natural-oak-twelve-rib-ovoid-table-lamp.jpg
TLP-0020,tlp-0020-polished-chrome-two-turn-ribbon-table-lamp,Polished-Chrome Two-Turn Ribbon Table Lamp,lighting/table-lamps,0.32,0.28,0.62,2800,5580,2,810387,87f7c5ac0277572359dcc6c5ddec2472a321af01e4373063b5d55f0770c8727f,assets/lighting/table-lamps/tlp-0020-polished-chrome-two-turn-ribbon-table-lamp.usdz,previews/lighting/table-lamps/tlp-0020-polished-chrome-two-turn-ribbon-table-lamp.jpg
TSK-0001,tsk-0001-aged-brass-twin-strut-drafting-task-light,Aged-Brass Twin-Strut Drafting Task Light,lighting/task-lights,0.440005,0.22,0.519995,2486,4936,2,719151,d2903e53c9dbe962540129658de09921ba26692399b1a4adfbe77443c4240904,assets/lighting/task-lights/tsk-0001-aged-brass-twin-strut-drafting-task-light.usdz,previews/lighting/task-lights/tsk-0001-aged-brass-twin-strut-drafting-task-light.jpg
TSK-0002,tsk-0002-forest-green-enamel-s-gooseneck-workshop-task-light,Forest-Green Enamel S-Gooseneck Workshop Task Light,lighting/task-lights,0.319999,0.24,0.480001,2158,4248,3,542716,26193e8b9cc7298eb1ca92d98d28763252ba5bb414687ba7c74582b6c400f9ab,assets/lighting/task-lights/tsk-0002-forest-green-enamel-s-gooseneck-workshop-task-light.usdz,previews/lighting/task-lights/tsk-0002-forest-green-enamel-s-gooseneck-workshop-task-light.jpg
TSK-0003,tsk-0003-black-iron-four-bar-scissor-machinist-task-light,Black-Iron Four-Bar Scissor Machinist Task Light,lighting/task-lights,0.42,0.22,0.56,3194,6340,2,488750,ef8c39edc45ca6f3e612b0779d9ad97e3914fefd0f28fcae8a66be2dc5240d2f,assets/lighting/task-lights/tsk-0003-black-iron-four-bar-scissor-machinist-task-light.usdz,previews/lighting/task-lights/tsk-0003-black-iron-four-bar-scissor-machinist-task-light.jpg
TSK-0004,tsk-0004-oxidized-copper-counterweighted-lever-task-light,Oxidized-Copper Counterweighted-Lever Task Light,lighting/task-lights,0.46,0.22,0.5,2216,4404,2,688443,be26deb78a1242ca020a963ed6006465c10f01b0a410b9b7e99754dbe6d4ee4b,assets/lighting/task-lights/tsk-0004-oxidized-copper-counterweighted-lever-task-light.usdz,previews/lighting/task-lights/tsk-0004-oxidized-copper-counterweighted-lever-task-light.jpg
TSK-0005,tsk-0005-ivory-enamel-twin-spring-anglepoise-task-light,Ivory-Enamel Twin-Spring Anglepoise Task Light,lighting/task-lights,0.399965,0.24,0.580045,20886,41640,3,2136475,752e7f8cb8b20a493792d92b3457bc076809376594f0b77ded682a1369c4e124,assets/lighting/task-lights/tsk-0005-ivory-enamel-twin-spring-anglepoise-task-light.usdz,previews/lighting/task-lights/tsk-0005-ivory-enamel-twin-spring-anglepoise-task-light.jpg
TSK-0006,tsk-0006-matte-black-triple-pivot-linear-bar-task-light,Matte-Black Triple-Pivot Linear-Bar Task Light,lighting/task-lights,0.46,0.2,0.54,1686,3340,2,415682,c44bcb499ceb87a2065e9e57f2fca81544cc98235d30defb526971c1413cd008,assets/lighting/task-lights/tsk-0006-matte-black-triple-pivot-linear-bar-task-light.usdz,previews/lighting/task-lights/tsk-0006-matte-black-triple-pivot-linear-bar-task-light.jpg
TSK-0007,tsk-0007-white-aluminum-offset-cantilever-blade-task-light,White-Aluminum Offset-Cantilever Blade Task Light,lighting/task-lights,0.48,0.2,0.46,888,1756,3,815930,1dfa2ca67377c1138577d744c8808946a0d4fcc7042546230bae64947d68bb70,assets/lighting/task-lights/tsk-0007-white-aluminum-offset-cantilever-blade-task-light.usdz,previews/lighting/task-lights/tsk-0007-white-aluminum-offset-cantilever-blade-task-light.jpg
TSK-0008,tsk-0008-brushed-nickel-double-elbow-cylinder-task-light,Brushed-Nickel Double-Elbow Cylinder Task Light,lighting/task-lights,0.38,0.22,0.5,1838,3644,2,704561,47a98f7e21756f13fa2474a7b25605f140382f274ce559e090a159fc32da604b,assets/lighting/task-lights/tsk-0008-brushed-nickel-double-elbow-cylinder-task-light.usdz,previews/lighting/task-lights/tsk-0008-brushed-nickel-double-elbow-cylinder-task-light.jpg
TSK-0009,tsk-0009-graphite-magnetic-arc-disc-task-light,Graphite Magnetic-Arc Disc Task Light,lighting/task-lights,0.36,0.2,0.42,3758,7448,2,774878,984f6313369f4adebc2666f28589e0c4598f7e61baa31c35ee97e8ac096c003c,assets/lighting/task-lights/tsk-0009-graphite-magnetic-arc-disc-task-light.usdz,previews/lighting/task-lights/tsk-0009-graphite-magnetic-arc-disc-task-light.jpg
TSK-0010,tsk-0010-cobalt-blue-four-link-parallelogram-task-light,Cobalt-Blue Four-Link Parallelogram Task Light,lighting/task-lights,0.42,0.22,0.5,2496,4948,2,684886,16dbd63fa42711d38f43faf23b5df09e76ba672a623b94c346e3da1e9f141231,assets/lighting/task-lights/tsk-0010-cobalt-blue-four-link-parallelogram-task-light.usdz,previews/lighting/task-lights/tsk-0010-cobalt-blue-four-link-parallelogram-task-light.jpg
TSK-0011,tsk-0011-sage-ceramic-bent-neck-cone-task-light,Sage-Ceramic Bent-Neck Cone Task Light,lighting/task-lights,0.299992,0.22,0.38001,1742,3420,3,827716,b8b869939bace0aa5c09520aa7af504eddf7395ebcd4c10a07d5661b746338df,assets/lighting/task-lights/tsk-0011-sage-ceramic-bent-neck-cone-task-light.usdz,previews/lighting/task-lights/tsk-0011-sage-ceramic-bent-neck-cone-task-light.jpg
TSK-0012,tsk-0012-natural-oak-three-link-folding-ruler-task-light,Natural-Oak Three-Link Folding-Ruler Task Light,lighting/task-lights,0.38,0.2,0.44,2382,4728,3,1224374,5af10cd68e2664f2d84be086b92e9b15a77cc5032651b9470e1cbaefeb5a5027,assets/lighting/task-lights/tsk-0012-natural-oak-three-link-folding-ruler-task-light.usdz,previews/lighting/task-lights/tsk-0012-natural-oak-three-link-folding-ruler-task-light.jpg
TSK-0013,tsk-0013-coral-powder-coat-short-arm-capsule-task-light,Coral Powder-Coat Short-Arm Capsule Task Light,lighting/task-lights,0.28,0.2,0.34,1674,3328,2,724182,d2439d2484194a522349191d83ff07c1dcd19e80895f2d1dc898d424dcd058ae,assets/lighting/task-lights/tsk-0013-coral-powder-coat-short-arm-capsule-task-light.usdz,previews/lighting/task-lights/tsk-0013-coral-powder-coat-short-arm-capsule-task-light.jpg
TSK-0014,tsk-0014-cream-resin-two-stage-telescoping-task-light,Cream-Resin Two-Stage Telescoping Task Light,lighting/task-lights,0.279941,0.2,0.420061,2388,4756,2,592010,b97ff0cb18d3f6440b276b0e701a87387b8c279e8b767b43605b0b9bede14d4a,assets/lighting/task-lights/tsk-0014-cream-resin-two-stage-telescoping-task-light.usdz,previews/lighting/task-lights/tsk-0014-cream-resin-two-stage-telescoping-task-light.jpg
TSK-0015,tsk-0015-smoked-glass-low-profile-pivot-disc-task-light,Smoked-Glass Low-Profile Pivot-Disc Task Light,lighting/task-lights,0.3,0.24,0.3,1680,3336,3,461998,bee7999c32c9c6a9b5a261f885ae71d5a376e68fb80b4a88f1296aa5e7a6041e,assets/lighting/task-lights/tsk-0015-smoked-glass-low-profile-pivot-disc-task-light.usdz,previews/lighting/task-lights/tsk-0015-smoked-glass-low-profile-pivot-disc-task-light.jpg
TSK-0016,tsk-0016-black-steel-twin-tower-bridge-task-light,Black-Steel Twin-Tower Bridge Task Light,lighting/task-lights,0.52,0.22,0.56,1464,2900,2,411355,7e106a526dc2e3369c1121bbe36dfc7264e2a190bab6fc4bb87e9e73ad69986d,assets/lighting/task-lights/tsk-0016-black-steel-twin-tower-bridge-task-light.usdz,previews/lighting/task-lights/tsk-0016-black-steel-twin-tower-bridge-task-light.jpg
TSK-0017,tsk-0017-satin-brass-arc-and-needle-spot-task-light,Satin-Brass Arc-and-Needle Spot Task Light,lighting/task-lights,0.460007,0.22,0.58,2016,3956,2,734339,ab1de24b07e3114147a5f89cc9295285f1ae8835f063faff00abdf4c3736e486,assets/lighting/task-lights/tsk-0017-satin-brass-arc-and-needle-spot-task-light.usdz,previews/lighting/task-lights/tsk-0017-satin-brass-arc-and-needle-spot-task-light.jpg
TSK-0018,tsk-0018-board-formed-concrete-cantilever-slot-task-light,Board-Formed-Concrete Cantilever-Slot Task Light,lighting/task-lights,0.42,0.22,0.44,656,1292,3,1015598,4665106c2eafd5aac3c6ca27394bea587c9a5b2a094c95ea73584ea9fea6a0dd,assets/lighting/task-lights/tsk-0018-board-formed-concrete-cantilever-slot-task-light.usdz,previews/lighting/task-lights/tsk-0018-board-formed-concrete-cantilever-slot-task-light.jpg
TSK-0019,tsk-0019-polished-chrome-balance-crane-task-light,Polished-Chrome Balance-Crane Task Light,lighting/task-lights,0.5,0.24,0.58,2344,4652,2,775247,fd50996de2347685eac94adac79002adadd056772f2b3a99b64592ffd9b6985b,assets/lighting/task-lights/tsk-0019-polished-chrome-balance-crane-task-light.usdz,previews/lighting/task-lights/tsk-0019-polished-chrome-balance-crane-task-light.jpg
TSK-0020,tsk-0020-white-and-black-three-arm-compass-task-light,White-and-Black Three-Arm Compass Task Light,lighting/task-lights,0.52,0.28,0.6,2546,5056,3,906574,653fd8338697b6379949ee3cd8b17d8b99c2c69210e5a27ff10d97be2789185b,assets/lighting/task-lights/tsk-0020-white-and-black-three-arm-compass-task-light.usdz,previews/lighting/task-lights/tsk-0020-white-and-black-three-arm-compass-task-light.jpg
DSK-0001,dsk-0001-georgian-mahogany-kneehole-pedestal-desk,Georgian Mahogany Kneehole Pedestal Desk,office/desks,1.45,0.72,0.78,2552,5000,3,890675,21fd70f215dad40a46e71f458d3c2774cddd6858246f2b2ef6575819ea0062ac,assets/office/desks/dsk-0001-georgian-mahogany-kneehole-pedestal-desk.usdz,previews/office/desks/dsk-0001-georgian-mahogany-kneehole-pedestal-desk.jpg
DSK-0002,dsk-0002-french-provincial-painted-ash-writing-desk,French Provincial Painted-Ash Writing Desk,office/desks,1.2,0.6,0.76,4604,9112,2,1071344,3af6f2f796dec7e30a0f394d4ca5276f7bb56238b2d79986c718e0dabb5e363d,assets/office/desks/dsk-0002-french-provincial-painted-ash-writing-desk.usdz,previews/office/desks/dsk-0002-french-provincial-painted-ash-writing-desk.jpg
DSK-0003,dsk-0003-campaign-teak-brass-bound-pedestal-desk,Campaign Teak Brass-Bound Pedestal Desk,office/desks,1.4,0.68,0.78,3440,6612,3,1001310,aea72b277ec33bacf2f62e4e474e71392171bb6833caa6afb7850ac6e3da54b9,assets/office/desks/dsk-0003-campaign-teak-brass-bound-pedestal-desk.usdz,previews/office/desks/dsk-0003-campaign-teak-brass-bound-pedestal-desk.jpg
DSK-0004,dsk-0004-arts-and-crafts-quarter-sawn-oak-trestle-desk,Arts-and-Crafts Quarter-Sawn-Oak Trestle Desk,office/desks,1.5,0.72,0.78,2128,4176,2,588399,cdf8869266184bd0169bc7f6cfb9e2c4c7262e00f9b2f0ba164ae24c7e8cd487,assets/office/desks/dsk-0004-arts-and-crafts-quarter-sawn-oak-trestle-desk.usdz,previews/office/desks/dsk-0004-arts-and-crafts-quarter-sawn-oak-trestle-desk.jpg
DSK-0005,dsk-0005-art-deco-walnut-waterfall-desk,Art Deco Walnut Waterfall Desk,office/desks,1.48,0.68,0.76,1624,3204,3,960529,5bed4b59a820888a7109876b8851f4dddae6faa57638ec93a750815631b96952,assets/office/desks/dsk-0005-art-deco-walnut-waterfall-desk.usdz,previews/office/desks/dsk-0005-art-deco-walnut-waterfall-desk.jpg
DSK-0006,dsk-0006-scandinavian-white-oak-two-drawer-desk,Scandinavian White-Oak Two-Drawer Desk,office/desks,1.35,0.65,0.75,1456,2872,2,582803,61735ccc5cc71c6ae77cb39b70f676fe7b2741ab7675b905bfbca85ea0a7329c,assets/office/desks/dsk-0006-scandinavian-white-oak-two-drawer-desk.usdz,previews/office/desks/dsk-0006-scandinavian-white-oak-two-drawer-desk.jpg
DSK-0007,dsk-0007-graphite-steel-tanker-desk,Graphite-Steel Tanker Desk,office/desks,1.5,0.75,0.77,2136,4180,2,415566,b7ed794fcce7c97c6c04c86d1680cfb6c5429c6998413ce0a92023587dec5ab8,assets/office/desks/dsk-0007-graphite-steel-tanker-desk.usdz,previews/office/desks/dsk-0007-graphite-steel-tanker-desk.jpg
DSK-0008,dsk-0008-white-lacquer-l-shaped-return-desk,White-Lacquer L-Shaped Return Desk,office/desks,1.6,1.2,0.75,1056,2072,2,305714,8d1b40e4b17eb7abb46920607d9ec86edf128a440f15f58eb85fabb0d482ceb1,assets/office/desks/dsk-0008-white-lacquer-l-shaped-return-desk.usdz,previews/office/desks/dsk-0008-white-lacquer-l-shaped-return-desk.jpg
DSK-0009,dsk-0009-walnut-black-steel-asymmetric-desk,Walnut-and-Black-Steel Asymmetric Desk,office/desks,1.45,0.7,0.76,1400,2744,2,537383,5143966d4590088f38e44978cbcd609e6d35812b4068de7d99e89c2bd9c0fd7f,assets/office/desks/dsk-0009-walnut-black-steel-asymmetric-desk.usdz,previews/office/desks/dsk-0009-walnut-black-steel-asymmetric-desk.jpg
DSK-0010,dsk-0010-color-blocked-steel-mobile-workdesk,Color-Blocked Steel Mobile Workdesk,office/desks,1.3,0.7,0.78,1968,3864,4,687491,f21269b93488fb55e4b7f035fd4c16d8c7e28802af38f8d7637c39418a77e34c,assets/office/desks/dsk-0010-color-blocked-steel-mobile-workdesk.usdz,previews/office/desks/dsk-0010-color-blocked-steel-mobile-workdesk.jpg
DSK-0011,dsk-0011-narrow-ash-secretary-desk,Narrow Ash Secretary Desk,office/desks,0.85,0.72,1.35,1144,2228,2,548664,853de14bf39df4090d551a51061a14c8f7bd5ae8523a2229ded0ada2bb30dde2,assets/office/desks/dsk-0011-narrow-ash-secretary-desk.usdz,previews/office/desks/dsk-0011-narrow-ash-secretary-desk.jpg
DSK-0012,dsk-0012-birch-corner-wedge-desk,Birch Corner-Wedge Desk,office/desks,1.049597,0.852886,0.75,656,1276,2,514697,021d6c667748dab03def7e7e5aebcecbf2380d13584af227af2b1c0bf493c7e3,assets/office/desks/dsk-0012-birch-corner-wedge-desk.usdz,previews/office/desks/dsk-0012-birch-corner-wedge-desk.jpg
DSK-0013,dsk-0013-birch-nesting-leaf-desk,Birch Nesting-Leaf Desk,office/desks,1.2,0.88,0.74,712,1380,2,504057,bf867866008a9daae12a42a2b13640376458b06c4628a7a82f63ed2c4f35c057,assets/office/desks/dsk-0013-birch-nesting-leaf-desk.usdz,previews/office/desks/dsk-0013-birch-nesting-leaf-desk.jpg
DSK-0014,dsk-0014-olive-canvas-folding-field-desk,Olive-Canvas Folding Field Desk,office/desks,1.1,0.58,0.75006,1584,3112,3,553087,d11b3c69720ed2ab9a9ccfd2d31e5d989886b7d495ee15025bd6f18b6c8e3b3f,assets/office/desks/dsk-0014-olive-canvas-folding-field-desk.usdz,previews/office/desks/dsk-0014-olive-canvas-folding-field-desk.jpg
DSK-0015,dsk-0015-sage-rolling-height-adjustable-desk,Sage Rolling Height-Adjustable Desk,office/desks,1.1,0.65,0.9,2144,4208,2,550954,90ff039a6fa46d82752052abb26561d3415bb2f14a60f9141d91063b33eaec8e,assets/office/desks/dsk-0015-sage-rolling-height-adjustable-desk.usdz,previews/office/desks/dsk-0015-sage-rolling-height-adjustable-desk.jpg
DSK-0016,dsk-0016-oak-drum-crescent-desk,Oak Drum Crescent Desk,office/desks,1.45,0.9,0.76,2816,5504,2,700956,baf5b6445a5e740b7a131ca2e8006f5b1e63b5856c46ad4eb2de0385d2a1e1c4,assets/office/desks/dsk-0016-oak-drum-crescent-desk.usdz,previews/office/desks/dsk-0016-oak-drum-crescent-desk.jpg
DSK-0017,dsk-0017-ivory-plaster-ripple-front-desk,Ivory-Plaster Ripple-Front Desk,office/desks,1.5,0.72,0.76,6048,11976,1,565094,e2c1c338bc179abc8161eb76805287fcb6d07afe31fde3c54ade46ff89f1f4a7,assets/office/desks/dsk-0017-ivory-plaster-ripple-front-desk.usdz,previews/office/desks/dsk-0017-ivory-plaster-ripple-front-desk.jpg
DSK-0018,dsk-0018-natural-rattan-wave-desk,Natural-Rattan Wave Desk,office/desks,1.38,0.68,0.76,6188,12288,2,1255335,d22214c1dfd1be9c32c77fab37cc6996c4f5fe029342f7f97a9765467badf63f,assets/office/desks/dsk-0018-natural-rattan-wave-desk.usdz,previews/office/desks/dsk-0018-natural-rattan-wave-desk.jpg
DSK-0019,dsk-0019-smoked-acrylic-staggered-drawer-desk,Smoked-Acrylic Staggered-Drawer Desk,office/desks,1.35,0.7,0.78,1944,3828,3,393751,e8795d89741d0aeb4ae4ef33e198f5d7012da042381480332480373c019baa83,assets/office/desks/dsk-0019-smoked-acrylic-staggered-drawer-desk.usdz,previews/office/desks/dsk-0019-smoked-acrylic-staggered-drawer-desk.jpg
DSK-0020,dsk-0020-brutalist-concrete-cantilever-desk,Brutalist Concrete Cantilever Desk,office/desks,1.55,0.78,0.8,864,1692,2,506666,0c4159739e51c43979535f6e031c6235e9aa00261a562954957c101f2559a380,assets/office/desks/dsk-0020-brutalist-concrete-cantilever-desk.usdz,previews/office/desks/dsk-0020-brutalist-concrete-cantilever-desk.jpg
FLC-0001,flc-0001-georgian-mahogany-four-drawer-lateral-file,Georgian Mahogany Four-Drawer Lateral File,office/filing-cabinets,1.1,0.48,0.84,3648,6984,2,912165,10a9f8b8fb3c4db1de41c7c8509806f87d05d4ed4858f638ca697b76965bf505,assets/office/filing-cabinets/flc-0001-georgian-mahogany-four-drawer-lateral-file.usdz,previews/office/filing-cabinets/flc-0001-georgian-mahogany-four-drawer-lateral-file.jpg
FLC-0002,flc-0002-french-provincial-painted-ash-three-drawer-vertical-file,French Provincial Painted-Ash Three-Drawer Vertical File,office/filing-cabinets,0.56,0.58,1.12,3604,7108,2,1022286,ea14b5a332a58171d39c0d46cbfa5da2292f03e1221891da9a2a136672f8a741,assets/office/filing-cabinets/flc-0002-french-provincial-painted-ash-three-drawer-vertical-file.usdz,previews/office/filing-cabinets/flc-0002-french-provincial-painted-ash-three-drawer-vertical-file.jpg
FLC-0003,flc-0003-campaign-teak-brass-bound-two-drawer-file-chest,Campaign Teak Brass-Bound Two-Drawer File Chest,office/filing-cabinets,0.78,0.52,0.78,2400,4592,3,985825,d8956ee5447ae902e365a3abec2824a3b1d2024749b8a0a53ce08d7af09ba4d4,assets/office/filing-cabinets/flc-0003-campaign-teak-brass-bound-two-drawer-file-chest.usdz,previews/office/filing-cabinets/flc-0003-campaign-teak-brass-bound-two-drawer-file-chest.jpg
FLC-0004,flc-0004-arts-and-crafts-quarter-sawn-oak-five-drawer-flat-file,Arts-and-Crafts Quarter-Sawn-Oak Five-Drawer Flat File,office/filing-cabinets,1.02,0.58,0.88,2128,4128,2,569512,a0fc2be60d2c7f06b4f5cd6d80cf9412ea6122da8d0f64919c0ec83c7ff9b4ea,assets/office/filing-cabinets/flc-0004-arts-and-crafts-quarter-sawn-oak-five-drawer-flat-file.usdz,previews/office/filing-cabinets/flc-0004-arts-and-crafts-quarter-sawn-oak-five-drawer-flat-file.jpg
FLC-0005,flc-0005-art-deco-walnut-waterfall-four-drawer-lateral-file,Art Deco Walnut Waterfall Four-Drawer Lateral File,office/filing-cabinets,1.14,0.5,0.8,1248,2456,3,919589,398c698e2754a1e5558856df6ad11d8552822c0a0e6c044631955aa250b26feb,assets/office/filing-cabinets/flc-0005-art-deco-walnut-waterfall-four-drawer-lateral-file.usdz,previews/office/filing-cabinets/flc-0005-art-deco-walnut-waterfall-four-drawer-lateral-file.jpg
FLC-0006,flc-0006-scandinavian-white-oak-three-drawer-filing-pedestal,Scandinavian White-Oak Three-Drawer Filing Pedestal,office/filing-cabinets,0.52,0.58,0.95,920,1804,1,497119,d4db9fcf33317c7db696bee53e5eeedf4bb8468c169aca21d2079c44edf15110,assets/office/filing-cabinets/flc-0006-scandinavian-white-oak-three-drawer-filing-pedestal.usdz,previews/office/filing-cabinets/flc-0006-scandinavian-white-oak-three-drawer-filing-pedestal.jpg
FLC-0007,flc-0007-graphite-steel-four-drawer-vertical-file,Graphite-Steel Four-Drawer Vertical File,office/filing-cabinets,0.47,0.62,1.36,1872,3640,2,404046,454d6cf8964311da4dc25c68d42b3cc9f4b7279539473ac63ff550fb4f8678a7,assets/office/filing-cabinets/flc-0007-graphite-steel-four-drawer-vertical-file.usdz,previews/office/filing-cabinets/flc-0007-graphite-steel-four-drawer-vertical-file.jpg
FLC-0008,flc-0008-white-lacquer-two-drawer-lateral-file,White-Lacquer Two-Drawer Lateral File,office/filing-cabinets,0.96,0.48,0.72,1352,2664,2,292823,3696994210b0229caef7e2f4c54b9fdb97023e3c4e4ca0f78759128b90435390,assets/office/filing-cabinets/flc-0008-white-lacquer-two-drawer-lateral-file.usdz,previews/office/filing-cabinets/flc-0008-white-lacquer-two-drawer-lateral-file.jpg
FLC-0009,flc-0009-walnut-black-steel-asymmetric-file-cabinet,Walnut-and-Black-Steel Asymmetric File Cabinet,office/filing-cabinets,1.06,0.5,1.08,1552,3036,2,528905,1c992242b1f652ad01698277921bcd6ac44c62814a8240cc0e36a2d91c436abf,assets/office/filing-cabinets/flc-0009-walnut-black-steel-asymmetric-file-cabinet.usdz,previews/office/filing-cabinets/flc-0009-walnut-black-steel-asymmetric-file-cabinet.jpg
FLC-0010,flc-0010-color-blocked-steel-mobile-filing-pedestal,Color-Blocked Steel Mobile Filing Pedestal,office/filing-cabinets,0.48,0.58,0.72,2396,4672,5,1133475,11613ea2a14b8bbb2868586fddde31995f8ef43b661b5952299637e71c5bdab8,assets/office/filing-cabinets/flc-0010-color-blocked-steel-mobile-filing-pedestal.usdz,previews/office/filing-cabinets/flc-0010-color-blocked-steel-mobile-filing-pedestal.jpg
FLC-0011,flc-0011-narrow-ash-five-drawer-index-file,Narrow Ash Five-Drawer Index File,office/filing-cabinets,0.38,0.46,1.18,2616,5092,3,934565,7043b8728d210a3e73c42b44811190212fada0b3f7d209a318d07e4a865504ea,assets/office/filing-cabinets/flc-0011-narrow-ash-five-drawer-index-file.usdz,previews/office/filing-cabinets/flc-0011-narrow-ash-five-drawer-index-file.jpg
FLC-0012,flc-0012-birch-corner-wedge-three-drawer-file,Birch Corner-Wedge Three-Drawer File,office/filing-cabinets,0.78,0.68,0.96,1296,2548,2,530804,335c7612b7c6e868b73521ff55aa8c9632837c965606f126aaed284b87421be1,assets/office/filing-cabinets/flc-0012-birch-corner-wedge-three-drawer-file.usdz,previews/office/filing-cabinets/flc-0012-birch-corner-wedge-three-drawer-file.jpg
FLC-0013,flc-0013-birch-step-form-three-compartment-file,Birch Step-Form Three-Compartment File,office/filing-cabinets,0.96,0.48,1.18,840,1640,2,528284,cb45cd528ae9612cbb31724e8d71dbca9a2323010debab60b84dfef1803281c0,assets/office/filing-cabinets/flc-0013-birch-step-form-three-compartment-file.usdz,previews/office/filing-cabinets/flc-0013-birch-step-form-three-compartment-file.jpg
FLC-0014,flc-0014-olive-canvas-folding-field-file,Olive-Canvas Folding Field File,office/filing-cabinets,0.82,0.46,0.88,1832,3596,3,545392,4e6efff52b14c2d816fb082b2cb42683ca29fa137f41613f1d958ce065d335e7,assets/office/filing-cabinets/flc-0014-olive-canvas-folding-field-file.usdz,previews/office/filing-cabinets/flc-0014-olive-canvas-folding-field-file.jpg
FLC-0015,flc-0015-sage-rolling-file-cart-open-shelf,Sage Rolling File Cart with Open Shelf,office/filing-cabinets,0.76,0.48,0.8,2316,4508,2,552714,73054546cca057404b58a850077b50b052b8631bc847496cbb7c3c9cb11c7cfc,assets/office/filing-cabinets/flc-0015-sage-rolling-file-cart-open-shelf.usdz,previews/office/filing-cabinets/flc-0015-sage-rolling-file-cart-open-shelf.jpg
FLC-0016,flc-0016-oak-drum-three-drawer-radial-file,Oak Drum Three-Drawer Radial File,office/filing-cabinets,0.74,0.66,0.92,3084,5988,2,711111,98698401ed1c252cea6b9ff276e79fab2276b0a07a25d656b33167468d4904c7,assets/office/filing-cabinets/flc-0016-oak-drum-three-drawer-radial-file.usdz,previews/office/filing-cabinets/flc-0016-oak-drum-three-drawer-radial-file.jpg
FLC-0017,flc-0017-ivory-plaster-ripple-front-four-drawer-file,Ivory-Plaster Ripple-Front Four-Drawer File,office/filing-cabinets,0.98,0.48,0.84,2080,4128,1,616770,0bb4adc54d6fd98e54d0198d41f989ca836ff4f21bdf885ed5882225834a2f48,assets/office/filing-cabinets/flc-0017-ivory-plaster-ripple-front-four-drawer-file.usdz,previews/office/filing-cabinets/flc-0017-ivory-plaster-ripple-front-four-drawer-file.jpg
FLC-0018,flc-0018-natural-rattan-wave-three-drawer-file,Natural-Rattan Wave Three-Drawer File,office/filing-cabinets,0.9,0.48,0.86,2368,4704,1,609033,e0071ea796e2b729138a88a6e2096dab7b985f86653c648bbf2f79df573a43a0,assets/office/filing-cabinets/flc-0018-natural-rattan-wave-three-drawer-file.usdz,previews/office/filing-cabinets/flc-0018-natural-rattan-wave-three-drawer-file.jpg
FLC-0019,flc-0019-smoked-acrylic-staggered-three-drawer-file,Smoked-Acrylic Staggered Three-Drawer File,office/filing-cabinets,0.92,0.48,1.08,1792,3528,3,384903,422c3655e46036198d3fed559b40efc04b8ca420e3f915c437d11ccde45b4102,assets/office/filing-cabinets/flc-0019-smoked-acrylic-staggered-three-drawer-file.usdz,previews/office/filing-cabinets/flc-0019-smoked-acrylic-staggered-three-drawer-file.jpg
FLC-0020,flc-0020-brutalist-concrete-cantilever-two-drawer-file,Brutalist Concrete Cantilever Two-Drawer File,office/filing-cabinets,1.02,0.52,0.82,864,1692,2,506612,fb94d9bcd01b359272dd90692deedc2eb9871b597a060c13a31925093ce6a736,assets/office/filing-cabinets/flc-0020-brutalist-concrete-cantilever-two-drawer-file.usdz,previews/office/filing-cabinets/flc-0020-brutalist-concrete-cantilever-two-drawer-file.jpg
OCH-0001,och-0001-georgian-mahogany-tufted-executive-swivel-chair,Georgian Mahogany Tufted Executive Swivel Chair,office/office-chairs,0.72,0.78,1.18,9820,19336,4,1614458,7d6763d461ce467c968bf82f74d5dca8c7ae41b21d7e7698c2587e69f4f98464,assets/office/office-chairs/och-0001-georgian-mahogany-tufted-executive-swivel-chair.usdz,previews/office/office-chairs/och-0001-georgian-mahogany-tufted-executive-swivel-chair.jpg
OCH-0002,och-0002-french-provincial-painted-ash-cane-back-desk-chair,French Provincial Painted-Ash Cane-Back Desk Chair,office/office-chairs,0.62,0.68,0.98,3036,5976,3,1464652,9347fcecae15eacb195be0af7b5a80c0b3051b09c55a2cf1d54b0f117bd598ba,assets/office/office-chairs/och-0002-french-provincial-painted-ash-cane-back-desk-chair.usdz,previews/office/office-chairs/och-0002-french-provincial-painted-ash-cane-back-desk-chair.jpg
OCH-0003,och-0003-campaign-teak-leather-sling-office-chair,Campaign Teak Leather-Sling Office Chair,office/office-chairs,0.64,0.72,0.940018,2064,4072,3,1334296,7e7dad107a895e8c7948027cc004a995a5469830b77b9dc2080a810f35130e71,assets/office/office-chairs/och-0003-campaign-teak-leather-sling-office-chair.usdz,previews/office/office-chairs/och-0003-campaign-teak-leather-sling-office-chair.jpg
OCH-0004,och-0004-arts-and-crafts-oak-five-slat-swivel-chair,Arts-and-Crafts Oak Five-Slat Swivel Chair,office/office-chairs,0.67,0.72,1.02,4840,9580,3,1314672,73848029ecceab0b9c0a28e993ae50f8bbcfd3c6c29b076b7d9d886626ea9a9c,assets/office/office-chairs/och-0004-arts-and-crafts-oak-five-slat-swivel-chair.usdz,previews/office/office-chairs/och-0004-arts-and-crafts-oak-five-slat-swivel-chair.jpg
OCH-0005,och-0005-art-deco-walnut-five-channel-executive-chair,Art Deco Walnut Five-Channel Executive Chair,office/office-chairs,0.76,0.8,1.16,5552,11004,3,925184,a8f9cddea7cf1a79a2f2ba0fe86dcb72a191351e99c932b0a5074ce938e91b41,assets/office/office-chairs/och-0005-art-deco-walnut-five-channel-executive-chair.usdz,previews/office/office-chairs/och-0005-art-deco-walnut-five-channel-executive-chair.jpg
OCH-0006,och-0006-graphite-mesh-high-back-ergonomic-task-chair,Graphite Mesh High-Back Ergonomic Task Chair,office/office-chairs,0.68,0.72,1.3,11432,22692,3,929162,9d2e0ed1f3a7882b38c9160a9f373f85274f176a0f7b187f378658df2f399089,assets/office/office-chairs/och-0006-graphite-mesh-high-back-ergonomic-task-chair.usdz,previews/office/office-chairs/och-0006-graphite-mesh-high-back-ergonomic-task-chair.jpg
OCH-0007,och-0007-white-polymer-twelve-slot-task-chair,White-Polymer Twelve-Slot Task Chair,office/office-chairs,0.64,0.7,1.08,7872,15604,3,744732,5ffcb5a992b83fc26294af92b93144a5e416b9c47bb0e34a2d3f474861d7be8e,assets/office/office-chairs/och-0007-white-polymer-twelve-slot-task-chair.usdz,previews/office/office-chairs/och-0007-white-polymer-twelve-slot-task-chair.jpg
OCH-0008,och-0008-black-split-saddle-perching-task-chair,Black Split-Saddle Perching Task Chair,office/office-chairs,0.560003,0.62,1.05,7704,15324,3,1085280,8d065c5e4baf2003ab9882ce576c73c4c69e9b08c84ec17cbc1b4d33355f7d29,assets/office/office-chairs/och-0008-black-split-saddle-perching-task-chair.usdz,previews/office/office-chairs/och-0008-black-split-saddle-perching-task-chair.jpg
OCH-0009,och-0009-bent-plywood-cutout-arm-conference-swivel-chair,Bent-Plywood Cutout-Arm Conference Swivel Chair,office/office-chairs,0.64,0.68,0.92,3896,7640,3,1087085,ed5085632aa5491cb2924f3ccef20f4aa0d683e7bafbccbff223bcec7324c93b,assets/office/office-chairs/och-0009-bent-plywood-cutout-arm-conference-swivel-chair.usdz,previews/office/office-chairs/och-0009-bent-plywood-cutout-arm-conference-swivel-chair.jpg
OCH-0010,och-0010-color-blocked-modular-task-chair,Color-Blocked Modular Task Chair,office/office-chairs,0.66,0.7,1.08,5840,11580,4,728720,ade806bd3da1626b0d3904fb1371a25f95d03664014d19819336934b1bddcff1,assets/office/office-chairs/och-0010-color-blocked-modular-task-chair.usdz,previews/office/office-chairs/och-0010-color-blocked-modular-task-chair.jpg
OCH-0011,och-0011-narrow-ash-armless-drafting-chair,Narrow Ash Armless Drafting Chair,office/office-chairs,0.5,0.56,1.12,7560,15060,2,914761,2c09ddbeb8e5f1ee9645b16d87448be4c21e2a2e60b3fe67a74474d7a928c1dd,assets/office/office-chairs/och-0011-narrow-ash-armless-drafting-chair.usdz,previews/office/office-chairs/och-0011-narrow-ash-armless-drafting-chair.jpg
OCH-0012,och-0012-birch-two-pad-kneeling-office-chair,Birch Two-Pad Kneeling Office Chair,office/office-chairs,0.58,0.82,0.92,2400,4660,3,1002800,1f1e8cb446baad52755895e6bcbe01d453c9a289a67f1b9b70d8739b5c6e5687,assets/office/office-chairs/och-0012-birch-two-pad-kneeling-office-chair.usdz,previews/office/office-chairs/och-0012-birch-two-pad-kneeling-office-chair.jpg
OCH-0013,och-0013-sage-sit-stand-leaning-stool,Sage Sit-Stand Leaning Stool,office/office-chairs,0.48,0.52,0.919999,5164,10228,3,1013795,4c833329087a6903669a4e4a8c18720718329edb746ada96ad02f5ad1cec60a8,assets/office/office-chairs/och-0013-sage-sit-stand-leaning-stool.usdz,previews/office/office-chairs/och-0013-sage-sit-stand-leaning-stool.jpg
OCH-0014,och-0014-olive-canvas-folding-field-task-chair,Olive-Canvas Folding Field Task Chair,office/office-chairs,0.62,0.68,0.9,2624,5200,3,859562,53e359d9cf49d292dcc8ed3352e3fce53466f3e10533d091c295e0290c960e22,assets/office/office-chairs/och-0014-olive-canvas-folding-field-task-chair.usdz,previews/office/office-chairs/och-0014-olive-canvas-folding-field-task-chair.jpg
OCH-0015,och-0015-sage-mesh-nesting-flip-seat-training-chair,Sage Mesh Nesting Flip-Seat Training Chair,office/office-chairs,0.59,0.62,0.91,6968,13732,3,828521,639a2fa798769e0444b4ab1c4706546b8721eb54a8315a8fe6d389b947bd7426,assets/office/office-chairs/och-0015-sage-mesh-nesting-flip-seat-training-chair.usdz,previews/office/office-chairs/och-0015-sage-mesh-nesting-flip-seat-training-chair.jpg
OCH-0016,och-0016-oak-drum-barrel-swivel-office-chair,Oak Drum Barrel Swivel Office Chair,office/office-chairs,0.740034,0.72,0.9,2664,5296,3,1015401,6b75bb32a24e395c1ab622ecb4416ecf186d1fe7ca2b15e94ae0c82edf17e03b,assets/office/office-chairs/och-0016-oak-drum-barrel-swivel-office-chair.usdz,previews/office/office-chairs/och-0016-oak-drum-barrel-swivel-office-chair.jpg
OCH-0017,och-0017-ivory-plaster-seven-rib-ripple-shell-office-chair,Ivory-Plaster Seven-Rib Ripple-Shell Office Chair,office/office-chairs,0.68,0.76,1.04,4404,8400,3,1135040,73e32e8730080d5bfbb254a6bfb428ee2ec67511965fd852b8f88d58041cc8e0,assets/office/office-chairs/och-0017-ivory-plaster-seven-rib-ripple-shell-office-chair.usdz,previews/office/office-chairs/och-0017-ivory-plaster-seven-rib-ripple-shell-office-chair.jpg
OCH-0018,och-0018-natural-rattan-wave-back-swivel-office-chair,Natural-Rattan Wave-Back Swivel Office Chair,office/office-chairs,0.7,0.72,1.02,8470,16704,3,1428870,41491d340945c2fda9e6b84d642aad5b73e8d5d4db8d38f17efc625179c2f222,assets/office/office-chairs/och-0018-natural-rattan-wave-back-swivel-office-chair.usdz,previews/office/office-chairs/och-0018-natural-rattan-wave-back-swivel-office-chair.jpg
OCH-0019,och-0019-smoked-acrylic-staggered-plane-conference-chair,Smoked-Acrylic Staggered-Plane Conference Chair,office/office-chairs,0.66,0.72,0.94,2200,4176,2,388820,8ab71c9bd0064ee2882aae88ea4be6e2b830d9211adb365a84936cdf5a1b69a5,assets/office/office-chairs/och-0019-smoked-acrylic-staggered-plane-conference-chair.usdz,previews/office/office-chairs/och-0019-smoked-acrylic-staggered-plane-conference-chair.jpg
OCH-0020,och-0020-brutalist-cork-steel-cantilever-office-chair,Brutalist Cork-and-Steel Cantilever Office Chair,office/office-chairs,0.7,0.76,0.98,856,1692,2,471632,b7f87e6bb9d80d52cabaab4bfdca4ebef11073f769e57ed91e86542cb2776794,assets/office/office-chairs/och-0020-brutalist-cork-steel-cantilever-office-chair.usdz,previews/office/office-chairs/och-0020-brutalist-cork-steel-cantilever-office-chair.jpg
GRL-0001,grl-0001-georgian-cast-iron-oval-pedestal-charcoal-grill,Georgian Cast-Iron Oval Pedestal Charcoal Grill,outdoor/grills,0.82,0.56,1.06,3592,7076,2,373202,98064771875bf6d97867e7b8d1911787a514c7ffa16a59178012bd3a6ae4b2e7,assets/outdoor/grills/grl-0001-georgian-cast-iron-oval-pedestal-charcoal-grill.usdz,previews/outdoor/grills/grl-0001-georgian-cast-iron-oval-pedestal-charcoal-grill.jpg
GRL-0002,grl-0002-arts-and-crafts-firebrick-twin-door-hearth-grill,Arts-and-Crafts Firebrick Twin-Door Hearth Grill,outdoor/grills,1.1,0.62,1.18,2352,4560,2,255953,1b71fd7f6fbeffcf9edcb0da9880406ba7a8585d9c418eaa73a978ee5c8aadf1,assets/outdoor/grills/grl-0002-arts-and-crafts-firebrick-twin-door-hearth-grill.usdz,previews/outdoor/grills/grl-0002-arts-and-crafts-firebrick-twin-door-hearth-grill.jpg
GRL-0003,grl-0003-mid-century-enamel-kettle-three-leg-grill,Mid-Century Enamel Kettle Three-Leg Grill,outdoor/grills,0.72,0.659999,1.04,3904,7716,3,510494,060d2389ec88a136f83f4de597c570cec23add003a22116d3acfffede5c4ded9,assets/outdoor/grills/grl-0003-mid-century-enamel-kettle-three-leg-grill.usdz,previews/outdoor/grills/grl-0003-mid-century-enamel-kettle-three-leg-grill.jpg
GRL-0004,grl-0004-mediterranean-terracotta-kamado-four-leg-cradle,Mediterranean Terracotta Kamado Four-Leg Cradle,outdoor/grills,0.92,0.7,1.22,1880,3724,3,734701,fd2a816a3ee29baa257eae74f14d7d8a4d004962fa015140ebf71f01d5a9e851,assets/outdoor/grills/grl-0004-mediterranean-terracotta-kamado-four-leg-cradle.usdz,previews/outdoor/grills/grl-0004-mediterranean-terracotta-kamado-four-leg-cradle.jpg
GRL-0005,grl-0005-argentine-black-steel-crank-lift-parrilla,Argentine Black-Steel Crank-Lift Parrilla,outdoor/grills,1.18,0.66,1.32,3216,6208,1,217521,8aaa8f4011f2aa1fe6fbe5062d9bcd7faa2a77acbfda771d9942189ad61ca6ca,assets/outdoor/grills/grl-0005-argentine-black-steel-crank-lift-parrilla.usdz,previews/outdoor/grills/grl-0005-argentine-black-steel-crank-lift-parrilla.jpg
GRL-0006,grl-0006-brushed-stainless-four-burner-cart-grill,Brushed-Stainless Four-Burner Cart Grill,outdoor/grills,1.42,0.62,1.2,3456,6844,2,399160,e911e1b2f71c18e4d0d55ab150d0dab932026c8dfd381f0c4182e932f741c084,assets/outdoor/grills/grl-0006-brushed-stainless-four-burner-cart-grill.usdz,previews/outdoor/grills/grl-0006-brushed-stainless-four-burner-cart-grill.jpg
GRL-0007,grl-0007-graphite-modular-three-burner-cabinet-grill,Graphite Modular Three-Burner Cabinet Grill,outdoor/grills,1.28,0.64,1.17,2624,5176,3,671674,10fc17ab8a5eaee218f04d37237af8faae7b98c76b34a4ba57fef1a98b3d3bb9,assets/outdoor/grills/grl-0007-graphite-modular-three-burner-cabinet-grill.usdz,previews/outdoor/grills/grl-0007-graphite-modular-three-burner-cabinet-grill.jpg
GRL-0008,grl-0008-white-powder-coat-two-burner-pedestal-grill,White Powder-Coat Two-Burner Pedestal Grill,outdoor/grills,0.96,0.6,1.14,2480,4920,3,802936,42930085907f411a78c67b24e66d698fcd170f2007e5616462a719484cc82bf0,assets/outdoor/grills/grl-0008-white-powder-coat-two-burner-pedestal-grill.usdz,previews/outdoor/grills/grl-0008-white-powder-coat-two-burner-pedestal-grill.jpg
GRL-0009,grl-0009-marine-stainless-six-burner-island-grill,Marine Stainless Six-Burner Island Grill,outdoor/grills,1.72,0.72,1.24,3568,7056,2,398049,99015ba4eada255d0137e82acf6043dffe32494023b3c773b006162ce4f9b0b0,assets/outdoor/grills/grl-0009-marine-stainless-six-burner-island-grill.usdz,previews/outdoor/grills/grl-0009-marine-stainless-six-burner-island-grill.jpg
GRL-0010,grl-0010-corten-circular-plancha-ring-grill,Corten Circular Plancha-Ring Grill,outdoor/grills,1.18,1.18,1.02,2888,5716,2,292359,b814510a875d684c47be6abc3425791a066629bdba9cddf7086913381b3831ab,assets/outdoor/grills/grl-0010-corten-circular-plancha-ring-grill.usdz,previews/outdoor/grills/grl-0010-corten-circular-plancha-ring-grill.jpg
GRL-0011,grl-0011-suitcase-stainless-folding-leg-charcoal-grill,Suitcase Stainless Folding-Leg Charcoal Grill,outdoor/grills,0.68,0.4,0.78,2596,4952,2,368139,66bffc8f430e7a9b916d93768159c63602ac427889e5a1df9e2b022eb42b3bd9,assets/outdoor/grills/grl-0011-suitcase-stainless-folding-leg-charcoal-grill.usdz,previews/outdoor/grills/grl-0011-suitcase-stainless-folding-leg-charcoal-grill.jpg
GRL-0012,grl-0012-sage-enamel-balcony-electric-sled-grill,Sage Enamel Balcony Electric Sled Grill,outdoor/grills,0.72,0.46,1.06,2060,3948,2,231378,2aca0bf13865572e6bf6d90c6f9f0a01071c41dc0fabde9abac21d3389f79aeb,assets/outdoor/grills/grl-0012-sage-enamel-balcony-electric-sled-grill.usdz,previews/outdoor/grills/grl-0012-sage-enamel-balcony-electric-sled-grill.jpg
GRL-0013,grl-0013-black-steel-x-frame-folding-camp-grill,Black-Steel X-Frame Folding Camp Grill,outdoor/grills,0.76,0.44,0.820011,3008,5792,1,173334,563629d98358de156a64b75dd1227888a14ffdc6230fff627c5be132a7ee2902,assets/outdoor/grills/grl-0013-black-steel-x-frame-folding-camp-grill.usdz,previews/outdoor/grills/grl-0013-black-steel-x-frame-folding-camp-grill.jpg
GRL-0014,grl-0014-graphite-pellet-hopper-two-wheel-cube-smoker,Graphite Pellet-Hopper Two-Wheel Cube Smoker,outdoor/grills,0.86,0.58,1.1,2116,4144,2,271335,f0de1bd348dee69a4217b2ec3cc73f1ca65f759de0f6122457cd7c5a01fc462a,assets/outdoor/grills/grl-0014-graphite-pellet-hopper-two-wheel-cube-smoker.usdz,previews/outdoor/grills/grl-0014-graphite-pellet-hopper-two-wheel-cube-smoker.jpg
GRL-0015,grl-0015-hammered-cast-iron-three-fold-leg-hibachi,Hammered Cast-Iron Three-Fold-Leg Hibachi,outdoor/grills,0.62,0.58,0.74,3104,6020,2,261678,8b46dba126374532c569ecd8dd7485cd984af933b97018a2bcda8f51085d6295,assets/outdoor/grills/grl-0015-hammered-cast-iron-three-fold-leg-hibachi.usdz,previews/outdoor/grills/grl-0015-hammered-cast-iron-three-fold-leg-hibachi.jpg
GRL-0016,grl-0016-corten-hinged-hemisphere-sphere-grill,Corten Hinged-Hemisphere Sphere Grill,outdoor/grills,0.94,0.78,1.16,3400,6716,2,327514,92a02163844b695c3edcf3165fa532378ee58cc45e76c85fa0267409eec8ee14,assets/outdoor/grills/grl-0016-corten-hinged-hemisphere-sphere-grill.usdz,previews/outdoor/grills/grl-0016-corten-hinged-hemisphere-sphere-grill.jpg
GRL-0017,grl-0017-board-form-concrete-monolith-hearth-grill,Board-Form Concrete Monolith Hearth Grill,outdoor/grills,1.18,0.68,1.28,944,1832,2,176712,0ccb4cc30936a3abbbc359064cf961d532ab23cf504abf7c58b9e1e616377759,assets/outdoor/grills/grl-0017-board-form-concrete-monolith-hearth-grill.usdz,previews/outdoor/grills/grl-0017-board-form-concrete-monolith-hearth-grill.jpg
GRL-0018,grl-0018-warm-terrazzo-cone-hood-fireplace-grill,Warm-Terrazzo Cone-Hood Fireplace Grill,outdoor/grills,1.08,0.78,1.52,4020,7892,2,491005,559c39464238f1b55c9bb4fcddd7ce64e28517cb5eb61f25f931581efab1df8c,assets/outdoor/grills/grl-0018-warm-terrazzo-cone-hood-fireplace-grill.usdz,previews/outdoor/grills/grl-0018-warm-terrazzo-cone-hood-fireplace-grill.jpg
GRL-0019,grl-0019-smoked-glass-windscreen-stainless-grill,Smoked-Glass Windscreen Stainless Grill,outdoor/grills,0.98,0.64,1.12,2016,3896,4,625412,85e4e5059045b2453866666fb14f84de780d127aef5647b74ed0546aa6fe1a0c,assets/outdoor/grills/grl-0019-smoked-glass-windscreen-stainless-grill.usdz,previews/outdoor/grills/grl-0019-smoked-glass-windscreen-stainless-grill.jpg
GRL-0020,grl-0020-brutalist-black-steel-six-fin-communal-grill,Brutalist Black-Steel Six-Fin Communal Grill,outdoor/grills,1.44,0.72,1.08,2616,5076,1,117402,9519d16a6be372ef9ff691deacdcf8e805ec4dd5815f949ec774988aaa28f671,assets/outdoor/grills/grl-0020-brutalist-black-steel-six-fin-communal-grill.usdz,previews/outdoor/grills/grl-0020-brutalist-black-steel-six-fin-communal-grill.jpg
PLT-0001,plt-0001-georgian-weathered-lead-oval-lion-handle-urn-planter,Georgian Weathered-Lead Oval Lion-Handle Urn Planter,outdoor/planters,0.76,0.6,0.82,5192,10348,2,511352,b6021283adae991b199376e2c992be21f1c26d32aea3c66d3392ae54f23c0ac9,assets/outdoor/planters/plt-0001-georgian-weathered-lead-oval-lion-handle-urn-planter.usdz,previews/outdoor/planters/plt-0001-georgian-weathered-lead-oval-lion-handle-urn-planter.jpg
PLT-0002,plt-0002-tuscan-terracotta-twenty-four-flute-amphora-planter,Tuscan Terracotta Twenty-Four-Flute Amphora Planter,outdoor/planters,0.68,0.6,0.88,9504,17656,1,724287,6d5f6de2785254a5947f9501956abb06ca89fdf06fb55096ccb140359ff0040d,assets/outdoor/planters/plt-0002-tuscan-terracotta-twenty-four-flute-amphora-planter.usdz,previews/outdoor/planters/plt-0002-tuscan-terracotta-twenty-four-flute-amphora-planter.jpg
PLT-0003,plt-0003-victorian-cast-iron-quatrefoil-four-foot-urn-planter,Victorian Cast-Iron Quatrefoil Four-Foot Urn Planter,outdoor/planters,0.72,0.72,0.64,15752,31280,1,741456,af0907011b879bd1a990c0cb4d670b42af2738ef2c9d7ab3a427a2b930732afc,assets/outdoor/planters/plt-0003-victorian-cast-iron-quatrefoil-four-foot-urn-planter.usdz,previews/outdoor/planters/plt-0003-victorian-cast-iron-quatrefoil-four-foot-urn-planter.jpg
PLT-0004,plt-0004-arts-and-crafts-patinated-copper-riveted-square-planter,Arts-and-Crafts Patinated-Copper Riveted Square Planter,outdoor/planters,0.74,0.74,0.68,3352,6620,2,265494,87decc3f9e1f5770fdeea03cbd2924853b9935dfb26658c23e20360e5dfe4201,assets/outdoor/planters/plt-0004-arts-and-crafts-patinated-copper-riveted-square-planter.usdz,previews/outdoor/planters/plt-0004-arts-and-crafts-patinated-copper-riveted-square-planter.jpg
PLT-0005,plt-0005-french-limestone-three-panel-rectangular-trough-planter,French Limestone Three-Panel Rectangular Trough Planter,outdoor/planters,1.2,0.52,0.58,1448,2860,1,261140,c7ae38fb9b6d529bcfa4a06364f825de611355e031af70dc994a75906c421c3e,assets/outdoor/planters/plt-0005-french-limestone-three-panel-rectangular-trough-planter.usdz,previews/outdoor/planters/plt-0005-french-limestone-three-panel-rectangular-trough-planter.jpg
PLT-0006,plt-0006-matte-charcoal-cylindrical-reveal-band-planter,Matte-Charcoal Cylindrical Reveal-Band Planter,outdoor/planters,0.62,0.62,0.72,3584,7164,2,261478,05c93cef1874e2abf72c743a039dc7b199e31e5a977af72add03de130db3da3a,assets/outdoor/planters/plt-0006-matte-charcoal-cylindrical-reveal-band-planter.usdz,previews/outdoor/planters/plt-0006-matte-charcoal-cylindrical-reveal-band-planter.jpg
PLT-0007,plt-0007-white-fiberstone-tapered-shadow-plinth-planter,White Fiberstone Tapered Shadow-Plinth Planter,outdoor/planters,0.76,0.54,0.88,456,900,2,261159,035292a2a9fcda9da5bb89754ad60f5cb13391db93066410e64ac13daca44832,assets/outdoor/planters/plt-0007-white-fiberstone-tapered-shadow-plinth-planter.usdz,previews/outdoor/planters/plt-0007-white-fiberstone-tapered-shadow-plinth-planter.jpg
PLT-0008,plt-0008-corten-long-trough-four-blade-foot-planter,Corten Long-Trough Four-Blade-Foot Planter,outdoor/planters,1.3,0.52,0.62,992,1944,2,137112,9e08b04e2feb76ee1c2d25aa68efb12653797d0b08ca2088c79610489ad923e7,assets/outdoor/planters/plt-0008-corten-long-trough-four-blade-foot-planter.usdz,previews/outdoor/planters/plt-0008-corten-long-trough-four-blade-foot-planter.jpg
PLT-0009,plt-0009-warm-terrazzo-low-bowl-drum-pedestal-planter,Warm-Terrazzo Low-Bowl Drum-Pedestal Planter,outdoor/planters,0.88,0.88,0.6,3328,6648,2,493469,11c5ce1e65b5bf41e87b6078a44dd1dd32b48f11dab83d039a038eb3ae3dc958,assets/outdoor/planters/plt-0009-warm-terrazzo-low-bowl-drum-pedestal-planter.usdz,previews/outdoor/planters/plt-0009-warm-terrazzo-low-bowl-drum-pedestal-planter.jpg
PLT-0010,plt-0010-black-aluminum-triple-bay-sled-planter,Black-Aluminum Triple-Bay Sled Planter,outdoor/planters,1.18,0.54,0.66,1528,2992,1,89436,278e0ed00221864a98d0fdbe4724d0b1ddb6f377b4666469767de22cfa68a019,assets/outdoor/planters/plt-0010-black-aluminum-triple-bay-sled-planter.usdz,previews/outdoor/planters/plt-0010-black-aluminum-triple-bay-sled-planter.jpg
PLT-0011,plt-0011-sage-enamel-two-hook-balcony-rail-planter,Sage-Enamel Two-Hook Balcony Rail Planter,outdoor/planters,0.72,0.36,0.48,1560,3004,2,145200,ff3ccd8599ba0413b5e78c2f253778a143e18e5521a5f1a69ab46cc7cd67cccc,assets/outdoor/planters/plt-0011-sage-enamel-two-hook-balcony-rail-planter.usdz,previews/outdoor/planters/plt-0011-sage-enamel-two-hook-balcony-rail-planter.jpg
PLT-0012,plt-0012-cedar-four-leg-raised-shelf-planter,Cedar Four-Leg Raised Shelf Planter,outdoor/planters,0.92,0.48,0.84,1824,3588,2,532171,b99bb1018084babf0c48ff0445a2f7195c2627e13dd09d3a3ab57ed82ad60534,assets/outdoor/planters/plt-0012-cedar-four-leg-raised-shelf-planter.usdz,previews/outdoor/planters/plt-0012-cedar-four-leg-raised-shelf-planter.jpg
PLT-0013,plt-0013-galvanized-zinc-four-caster-square-planter,Galvanized-Zinc Four-Caster Square Planter,outdoor/planters,0.58,0.58,0.68,2784,5412,3,346596,1a18871c30057dd8e1acc11c65d513b84e0da7a28b7775a005825f2c86fec2ac,assets/outdoor/planters/plt-0013-galvanized-zinc-four-caster-square-planter.usdz,previews/outdoor/planters/plt-0013-galvanized-zinc-four-caster-square-planter.jpg
PLT-0014,plt-0014-teak-x-frame-olive-canvas-folding-trough-planter,Teak X-Frame Olive-Canvas Folding Trough Planter,outdoor/planters,0.86,0.460062,0.73998,1392,2752,3,759686,74d70693d8410564e2041f7a12d81bc92942d762807cedf76f5fdcfc5b3472d0,assets/outdoor/planters/plt-0014-teak-x-frame-olive-canvas-folding-trough-planter.usdz,previews/outdoor/planters/plt-0014-teak-x-frame-olive-canvas-folding-trough-planter.jpg
PLT-0015,plt-0015-ochre-recycled-plastic-hexagonal-three-foot-planter,Ochre Recycled-Plastic Hexagonal Three-Foot Planter,outdoor/planters,0.64,0.64,0.58,1896,3756,1,233716,5452e4e394e1cc7191057892126033e9db9087395a8d34d48d442f78c23eff0f,assets/outdoor/planters/plt-0015-ochre-recycled-plastic-hexagonal-three-foot-planter.usdz,previews/outdoor/planters/plt-0015-ochre-recycled-plastic-hexagonal-three-foot-planter.jpg
PLT-0016,plt-0016-corten-spiral-shell-ring-foot-planter,Corten Spiral-Shell Ring-Foot Planter,outdoor/planters,0.84,0.66,0.82,15624,31136,2,1100803,f79b0d44d9fa517b860f4920a7c4a0b2ca6f1fac3a255dceb90f217725a389aa,assets/outdoor/planters/plt-0016-corten-spiral-shell-ring-foot-planter.usdz,previews/outdoor/planters/plt-0016-corten-spiral-shell-ring-foot-planter.jpg
PLT-0017,plt-0017-white-concrete-pentagonal-origami-planter,White-Concrete Pentagonal Origami Planter,outdoor/planters,0.720126,0.720097,0.76,840,1656,1,239725,786d58716545b160d19951f9360a501aae788dd44e5d487ca044ef7aad6fb952,assets/outdoor/planters/plt-0017-white-concrete-pentagonal-origami-planter.usdz,previews/outdoor/planters/plt-0017-white-concrete-pentagonal-origami-planter.jpg
PLT-0018,plt-0018-smoked-glass-cube-stainless-liner-planter,Smoked-Glass Cube Stainless-Liner Planter,outdoor/planters,0.66,0.66,0.72,1984,3928,3,372623,adb7eb89fc4d7da060b20474cf04499355bb440d9d4c78cf007d4c6e5d12a410,assets/outdoor/planters/plt-0018-smoked-glass-cube-stainless-liner-planter.usdz,previews/outdoor/planters/plt-0018-smoked-glass-cube-stainless-liner-planter.jpg
PLT-0019,plt-0019-pebble-terrazzo-three-vessel-cluster-planter,Pebble-Terrazzo Three-Vessel Cluster Planter,outdoor/planters,1.12,0.74,0.68,2832,5660,1,373327,1bb66d049fb1f85115ebcb8ca19337b8d346c860c2926fe6295e7a7701105681,assets/outdoor/planters/plt-0019-pebble-terrazzo-three-vessel-cluster-planter.usdz,previews/outdoor/planters/plt-0019-pebble-terrazzo-three-vessel-cluster-planter.jpg
PLT-0020,plt-0020-brutalist-concrete-six-fin-sled-base-trough-planter,Brutalist Concrete Six-Fin Sled-Base Trough Planter,outdoor/planters,1.42,0.62,0.72,912,1784,2,135360,9055d00fa340d335f74b1c8388c4d2aa2964b9ce7338d96fe877e8c918b4442b,assets/outdoor/planters/plt-0020-brutalist-concrete-six-fin-sled-base-trough-planter.usdz,previews/outdoor/planters/plt-0020-brutalist-concrete-six-fin-sled-base-trough-planter.jpg
ODS-0001,ods-0001-lutyens-teak-three-bay-cross-lattice-garden-bench,Lutyens Teak Three-Bay Cross-Lattice Garden Bench,outdoor/seating,1.78,0.68,1.05,3952,7688,1,539201,50e12a79241e61e751fa5f29e97f82433c4699ed1ff4755165665891f6495276,assets/outdoor/seating/ods-0001-lutyens-teak-three-bay-cross-lattice-garden-bench.usdz,previews/outdoor/seating/ods-0001-lutyens-teak-three-bay-cross-lattice-garden-bench.jpg
ODS-0002,ods-0002-victorian-green-cast-iron-twelve-slat-park-bench,Victorian Green Cast-Iron Twelve-Slat Park Bench,outdoor/seating,1.56,0.66,0.88,4056,7748,2,934964,6fde145d877c26f4cb76129ab1c76bc01b6a34d439b98a9a2bacde0f532022a1,assets/outdoor/seating/ods-0002-victorian-green-cast-iron-twelve-slat-park-bench.usdz,previews/outdoor/seating/ods-0002-victorian-green-cast-iron-twelve-slat-park-bench.jpg
ODS-0003,ods-0003-adirondack-cedar-seven-slat-fan-back-lounge-chair,Adirondack Cedar Seven-Slat Fan-Back Lounge Chair,outdoor/seating,0.860035,0.939909,0.980018,2808,5524,1,497021,dd2395e4c0c3eb04e35b6844dd4e1e9df1889320da9788d9628f36a5506cf53f,assets/outdoor/seating/ods-0003-adirondack-cedar-seven-slat-fan-back-lounge-chair.usdz,previews/outdoor/seating/ods-0003-adirondack-cedar-seven-slat-fan-back-lounge-chair.jpg
ODS-0004,ods-0004-mediterranean-wrought-iron-four-rosette-garden-chair,Mediterranean Wrought-Iron Four-Rosette Garden Chair,outdoor/seating,0.62,0.62,0.92,24620,48868,1,1110512,7ce927fd46c61c1ef151930c84e3b0c61a495b18c868caa71574789588f58685,assets/outdoor/seating/ods-0004-mediterranean-wrought-iron-four-rosette-garden-chair.usdz,previews/outdoor/seating/ods-0004-mediterranean-wrought-iron-four-rosette-garden-chair.jpg
ODS-0005,ods-0005-edwardian-teak-blue-canvas-folding-deck-chair,Edwardian Teak Blue-Canvas Folding Deck Chair,outdoor/seating,0.66,1.02,0.920705,2896,5748,3,1121743,1ffa2a78c56d6d7e571e00f968d59a62ca014876a29793e4ae8b387906b10c3f,assets/outdoor/seating/ods-0005-edwardian-teak-blue-canvas-folding-deck-chair.usdz,previews/outdoor/seating/ods-0005-edwardian-teak-blue-canvas-folding-deck-chair.jpg
ODS-0006,ods-0006-matte-black-aluminum-taupe-sling-cantilever-lounge-chair,Matte-Black Aluminum Taupe-Sling Cantilever Lounge Chair,outdoor/seating,0.72,0.82,0.8,1640,3164,2,510829,3fb1686f1bb5ebddbd79a212dc615a033812a5b965bef3dea1735800ed5d5a6f,assets/outdoor/seating/ods-0006-matte-black-aluminum-taupe-sling-cantilever-lounge-chair.usdz,previews/outdoor/seating/ods-0006-matte-black-aluminum-taupe-sling-cantilever-lounge-chair.jpg
ODS-0007,ods-0007-white-aluminum-three-seat-channel-cushion-outdoor-sofa,White-Aluminum Three-Seat Channel-Cushion Outdoor Sofa,outdoor/seating,2.1,0.82,0.76,2888,5700,3,890901,6c8549020c1f4bc7cb83c39ca46a1a26ccd8f883aedbacc395150e54055dfd5f,assets/outdoor/seating/ods-0007-white-aluminum-three-seat-channel-cushion-outdoor-sofa.usdz,previews/outdoor/seating/ods-0007-white-aluminum-three-seat-channel-cushion-outdoor-sofa.jpg
ODS-0008,ods-0008-sand-rope-sixteen-line-woven-barrel-lounge-chair,Sand-Rope Sixteen-Line Woven Barrel Lounge Chair,outdoor/seating,0.82,0.78,0.8,17664,35244,3,1814404,ab232dfd87b65dafd6b46e8f1c858f225652565bd5758453240ba0881b660699,assets/outdoor/seating/ods-0008-sand-rope-sixteen-line-woven-barrel-lounge-chair.usdz,previews/outdoor/seating/ods-0008-sand-rope-sixteen-line-woven-barrel-lounge-chair.jpg
ODS-0009,ods-0009-charcoal-fiberstone-monolithic-lumbar-aperture-loop-chair,Charcoal Fiberstone Monolithic Lumbar-Aperture Loop Chair,outdoor/seating,0.72,0.78,0.78,2040,4056,2,394714,a28fe1d29873d8b3310cd455393f71e2b295960b1bd1f87b410f32806ed74a48,assets/outdoor/seating/ods-0009-charcoal-fiberstone-monolithic-lumbar-aperture-loop-chair.usdz,previews/outdoor/seating/ods-0009-charcoal-fiberstone-monolithic-lumbar-aperture-loop-chair.jpg
ODS-0010,ods-0010-teak-stainless-two-wheel-twelve-slat-sun-lounger,Teak Stainless Two-Wheel Twelve-Slat Sun Lounger,outdoor/seating,2.019999,0.72,0.880001,4552,8916,3,1019130,7cc3c21e7e26bc56f629238659c3b3eec9eb9b60cf03a4f421401a7f7cffe4b7,assets/outdoor/seating/ods-0010-teak-stainless-two-wheel-twelve-slat-sun-lounger.usdz,previews/outdoor/seating/ods-0010-teak-stainless-two-wheel-twelve-slat-sun-lounger.jpg
ODS-0011,ods-0011-sage-aluminum-black-canvas-folding-director-chair,Sage Aluminum Black-Canvas Folding Director Chair,outdoor/seating,0.64,0.585759,0.877596,1904,3760,2,616945,06cc12c909de75ea33dc29782e846b275ee919f1ad8a40458a8cef003b3f1c2a,assets/outdoor/seating/ods-0011-sage-aluminum-black-canvas-folding-director-chair.usdz,previews/outdoor/seating/ods-0011-sage-aluminum-black-canvas-folding-director-chair.jpg
ODS-0012,ods-0012-ochre-recycled-plastic-eighteen-perforation-stack-chair,Ochre Recycled-Plastic Eighteen-Perforation Stack Chair,outdoor/seating,0.579998,0.58,0.82,6184,12264,2,301156,12778cbff69d2a22bab7009d6111c727e58d824b1c35eb878c551163eb908c6c,assets/outdoor/seating/ods-0012-ochre-recycled-plastic-eighteen-perforation-stack-chair.usdz,previews/outdoor/seating/ods-0012-ochre-recycled-plastic-eighteen-perforation-stack-chair.jpg
ODS-0013,ods-0013-olive-canvas-three-leg-tripod-camp-stool,Olive-Canvas Three-Leg Tripod Camp Stool,outdoor/seating,0.48,0.481445,0.54,1960,3888,3,487256,00da731f434bc639fa2fd1bc961fd82090cc90269f4b9e503c4020c1ee8982e2,assets/outdoor/seating/ods-0013-olive-canvas-three-leg-tripod-camp-stool.usdz,previews/outdoor/seating/ods-0013-olive-canvas-three-leg-tripod-camp-stool.jpg
ODS-0014,ods-0014-white-steel-mesh-narrow-balcony-loveseat,White-Steel Mesh Narrow Balcony Loveseat,outdoor/seating,1.12,0.58,0.82,1988,3712,2,599733,2b0d59568ed1df5dcb259d71749a4945694a337fe85f530d85a7bd94adb08858,assets/outdoor/seating/ods-0014-white-steel-mesh-narrow-balcony-loveseat.usdz,previews/outdoor/seating/ods-0014-white-steel-mesh-narrow-balcony-loveseat.jpg
ODS-0015,ods-0015-cobalt-tubular-steel-five-strap-sled-rocking-chair,Cobalt Tubular-Steel Five-Strap Sled Rocking Chair,outdoor/seating,0.62,0.84,0.82,3336,6428,1,485865,69c82c1b7b8d1b8fc9146353983ffb0f1883bfa7f84abfb5ce3746ef36ca5f0d,assets/outdoor/seating/ods-0015-cobalt-tubular-steel-five-strap-sled-rocking-chair.usdz,previews/outdoor/seating/ods-0015-cobalt-tubular-steel-five-strap-sled-rocking-chair.jpg
ODS-0016,ods-0016-natural-rattan-egg-hanging-chair-arc-stand,Natural-Rattan Egg Hanging Chair Arc Stand,outdoor/seating,1.12,1.02,1.96,14980,29016,3,1909575,3e4d6ba9a552fff43e292ee52efb20ceb6bb1705e2e784bb797c53c9ecd59fdd,assets/outdoor/seating/ods-0016-natural-rattan-egg-hanging-chair-arc-stand.usdz,previews/outdoor/seating/ods-0016-natural-rattan-egg-hanging-chair-arc-stand.jpg
ODS-0017,ods-0017-ivory-sixteen-rib-half-dome-canopy-daybed,Ivory Sixteen-Rib Half-Dome Canopy Daybed,outdoor/seating,1.82,1.58,1.72,6272,11688,2,1164139,e92c2f85cb1a56e4a8eb95d5e55b7c53ce8c6dcb05e5d8a4b9d6cb120e65f802,assets/outdoor/seating/ods-0017-ivory-sixteen-rib-half-dome-canopy-daybed.usdz,previews/outdoor/seating/ods-0017-ivory-sixteen-rib-half-dome-canopy-daybed.jpg
ODS-0018,ods-0018-corten-quarter-circle-six-fin-curved-bench,Corten Quarter-Circle Six-Fin Curved Bench,outdoor/seating,2.2,1.2,0.78,6168,12204,2,496969,69c7dec67870fd831ba2b2f0aaa13cc40e9e8521413bf0945128fefd318c227d,assets/outdoor/seating/ods-0018-corten-quarter-circle-six-fin-curved-bench.usdz,previews/outdoor/seating/ods-0018-corten-quarter-circle-six-fin-curved-bench.jpg
ODS-0019,ods-0019-white-concrete-continuous-ribbon-outdoor-chaise,White-Concrete Continuous-Ribbon Outdoor Chaise,outdoor/seating,1.72,0.72,0.86,944,1872,2,536790,60686adc875bd66efc8746e6b998d9ec6422901450151b2f342d93655d3a1058,assets/outdoor/seating/ods-0019-white-concrete-continuous-ribbon-outdoor-chaise.usdz,previews/outdoor/seating/ods-0019-white-concrete-continuous-ribbon-outdoor-chaise.jpg
ODS-0020,ods-0020-brutalist-board-form-concrete-eight-fin-high-back-bench,Brutalist Board-Form Concrete Eight-Fin High-Back Bench,outdoor/seating,1.72,0.68,1.02,1376,2704,2,565022,bf6eeefc4553f64bd87674425361b35c827cf83e747b963fcf4712a8358d8e12,assets/outdoor/seating/ods-0020-brutalist-board-form-concrete-eight-fin-high-back-bench.usdz,previews/outdoor/seating/ods-0020-brutalist-board-form-concrete-eight-fin-high-back-bench.jpg
OST-0001,ost-0001-teak-eleven-slat-raised-panel-deck-chest,Teak Eleven-Slat Raised-Panel Deck Chest,outdoor/storage,1.28,0.62,0.68,3368,6636,2,518978,2e28ee3f82c73da0ed8b28a0aac431cc812dfdc011786b26e9ccd2a36e3bc527,assets/outdoor/storage/ost-0001-teak-eleven-slat-raised-panel-deck-chest.usdz,previews/outdoor/storage/ost-0001-teak-eleven-slat-raised-panel-deck-chest.jpg
OST-0002,ost-0002-cedar-twelve-louver-double-door-garden-tool-cabinet,Cedar Twelve-Louver Double-Door Garden Tool Cabinet,outdoor/storage,0.98,0.56,1.72,2368,4640,2,507442,226b82d0f15719806e09fce8f2bb8f5c08a3f9aede7e92d2108b45c00ee7427b,assets/outdoor/storage/ost-0002-cedar-twelve-louver-double-door-garden-tool-cabinet.usdz,previews/outdoor/storage/ost-0002-cedar-twelve-louver-double-door-garden-tool-cabinet.jpg
OST-0003,ost-0003-galvanized-eight-rib-sloped-lid-coal-storage-bin,Galvanized Eight-Rib Sloped-Lid Coal Storage Bin,outdoor/storage,0.84,0.679999,0.820002,1440,2824,1,458841,67be3b88f2038a3aed93005ed788c22a54041d5acea2acbf2995168ffcc84690,assets/outdoor/storage/ost-0003-galvanized-eight-rib-sloped-lid-coal-storage-bin.usdz,previews/outdoor/storage/ost-0003-galvanized-eight-rib-sloped-lid-coal-storage-bin.jpg
OST-0004,ost-0004-forest-green-tongue-and-groove-potting-storage-hutch,Forest-Green Tongue-and-Groove Potting Storage Hutch,outdoor/storage,1.12,0.54,1.58,2576,5068,3,586738,dfeb715b039e98cec86af8d4e5f2e696536920384375eefced5863a769129650,assets/outdoor/storage/ost-0004-forest-green-tongue-and-groove-potting-storage-hutch.usdz,previews/outdoor/storage/ost-0004-forest-green-tongue-and-groove-potting-storage-hutch.jpg
OST-0005,ost-0005-acacia-three-bay-shingle-roof-firewood-store,Acacia Three-Bay Shingle-Roof Firewood Store,outdoor/storage,1.52,0.58,1.34,3032,5916,2,493761,c824446c8ba301812cfc424d530f236822cdff8a5541b80fef3b7e0f7de2a4e3,assets/outdoor/storage/ost-0005-acacia-three-bay-shingle-roof-firewood-store.usdz,previews/outdoor/storage/ost-0005-acacia-three-bay-shingle-roof-firewood-store.jpg
OST-0006,ost-0006-charcoal-aluminum-three-panel-cushion-deck-box,Charcoal Aluminum Three-Panel Cushion Deck Box,outdoor/storage,1.46,0.699841,0.720237,1352,2660,2,214717,1f4eab1e32a06d28946db2b723091e5df847419264501f498e1037255d415314,assets/outdoor/storage/ost-0006-charcoal-aluminum-three-panel-cushion-deck-box.usdz,previews/outdoor/storage/ost-0006-charcoal-aluminum-three-panel-cushion-deck-box.jpg
OST-0007,ost-0007-white-resin-rattan-twenty-line-storage-chest,White Resin-Rattan Twenty-Line Storage Chest,outdoor/storage,1.2,0.58,0.66,3520,6936,2,634773,08805c01531e8487e21d8ab50e628b496557fd10ffea93155c54378a852db9c5,assets/outdoor/storage/ost-0007-white-resin-rattan-twenty-line-storage-chest.usdz,previews/outdoor/storage/ost-0007-white-resin-rattan-twenty-line-storage-chest.jpg
OST-0008,ost-0008-corten-six-vent-double-door-garden-cabinet,Corten Six-Vent Double-Door Garden Cabinet,outdoor/storage,1.16,0.52,1.46,1716,3336,2,250922,6bd8257a7f85d5fe76cd6736430a28b4846607c9d1aceca32299e3645eea4b74,assets/outdoor/storage/ost-0008-corten-six-vent-double-door-garden-cabinet.usdz,previews/outdoor/storage/ost-0008-corten-six-vent-double-door-garden-cabinet.jpg
OST-0009,ost-0009-pale-gray-fiberstone-monolithic-parcel-vault,Pale-Gray Fiberstone Monolithic Parcel Vault,outdoor/storage,0.72,0.6,1.02,920,1808,2,504562,d4a5c5b0fcf6da763544dd9443780acc5372cde9c1bde4132e4dbf5e1a5cb350,assets/outdoor/storage/ost-0009-pale-gray-fiberstone-monolithic-parcel-vault.usdz,previews/outdoor/storage/ost-0009-pale-gray-fiberstone-monolithic-parcel-vault.jpg
OST-0010,ost-0010-black-steel-three-bay-wheelie-bin-enclosure,Black-Steel Three-Bay Wheelie-Bin Enclosure,outdoor/storage,2.14,0.84,1.34,3360,6580,2,218969,0f61e5be5b82122458da1e1b41dfab7d3a83feb3c1f9faeb7a69ce74f3c6847a,assets/outdoor/storage/ost-0010-black-steel-three-bay-wheelie-bin-enclosure.usdz,previews/outdoor/storage/ost-0010-black-steel-three-bay-wheelie-bin-enclosure.jpg
OST-0011,ost-0011-sage-two-door-narrow-balcony-cabinet,Sage Two-Door Narrow Balcony Cabinet,outdoor/storage,0.72,0.38,1.12,1544,2940,2,485572,0bdb3b3abcdc5ca055dd3ccf0e2fe6404debebe9f00ffa820dca64cde6569933,assets/outdoor/storage/ost-0011-sage-two-door-narrow-balcony-cabinet.usdz,previews/outdoor/storage/ost-0011-sage-two-door-narrow-balcony-cabinet.jpg
OST-0012,ost-0012-teak-two-drawer-four-caster-outdoor-organizer-cart,Teak Two-Drawer Four-Caster Outdoor Organizer Cart,outdoor/storage,0.86,0.48,0.92,2636,5132,2,607952,4e32f959340420b6e905e420c26b63267b5e0a44b20a65436eccfc5786bd5170,assets/outdoor/storage/ost-0012-teak-two-drawer-four-caster-outdoor-organizer-cart.usdz,previews/outdoor/storage/ost-0012-teak-two-drawer-four-caster-outdoor-organizer-cart.jpg
OST-0013,ost-0013-galvanized-crank-reel-hose-storage-cabinet,Galvanized Crank-Reel Hose Storage Cabinet,outdoor/storage,0.66,0.42,0.72,2688,5324,2,671553,e18559ebf45544d5c84d36eb15b7d89f157cc2359833e1250c2a1bc89a224463,assets/outdoor/storage/ost-0013-galvanized-crank-reel-hose-storage-cabinet.usdz,previews/outdoor/storage/ost-0013-galvanized-crank-reel-hose-storage-cabinet.jpg
OST-0014,ost-0014-teak-x-frame-olive-canvas-folding-log-carrier,Teak X-Frame Olive-Canvas Folding Log Carrier,outdoor/storage,0.76,0.48,0.619883,2064,4084,3,839478,3b63fe1a20ddd01b0f7c1b4b6263d3f6725b3f6044ea4f3511d564d9aa8015ac,assets/outdoor/storage/ost-0014-teak-x-frame-olive-canvas-folding-log-carrier.usdz,previews/outdoor/storage/ost-0014-teak-x-frame-olive-canvas-folding-log-carrier.jpg
OST-0015,ost-0015-navy-vertical-six-vent-bicycle-storage-locker,Navy Vertical Six-Vent Bicycle Storage Locker,outdoor/storage,0.78,1.12,1.42,2412,4720,2,432914,1924d9d2154f4d316139d026b9731fdbee933ebf2462f47a66a5fbe2efa71cfd,assets/outdoor/storage/ost-0015-navy-vertical-six-vent-bicycle-storage-locker.usdz,previews/outdoor/storage/ost-0015-navy-vertical-six-vent-bicycle-storage-locker.jpg
OST-0016,ost-0016-white-fiberglass-pebble-lift-lid-storage-pod,White Fiberglass Pebble Lift-Lid Storage Pod,outdoor/storage,1.18,0.83986,0.680267,4440,8604,3,875481,74bee6f04b560cd4b54062bcb67ccb0debac338310ea7222bdaecc1a5d05423f,assets/outdoor/storage/ost-0016-white-fiberglass-pebble-lift-lid-storage-pod.usdz,previews/outdoor/storage/ost-0016-white-fiberglass-pebble-lift-lid-storage-pod.jpg
OST-0017,ost-0017-smoked-glass-hexagonal-pool-towel-storage-tower,Smoked-Glass Hexagonal Pool-Towel Storage Tower,outdoor/storage,0.82,0.74,1.54,2856,5632,2,584223,c7e83fa0b829930bbb7c4ec76b11f4a04d0a38da0613a8474bf8207b1d14dbdc,assets/outdoor/storage/ost-0017-smoked-glass-hexagonal-pool-towel-storage-tower.usdz,previews/outdoor/storage/ost-0017-smoked-glass-hexagonal-pool-towel-storage-tower.jpg
OST-0018,ost-0018-natural-rattan-twenty-four-spoke-cylindrical-storage-drum,Natural-Rattan Twenty-Four-Spoke Cylindrical Storage Drum,outdoor/storage,0.82,0.82,0.88,5680,11256,2,674086,0a2ae63e1f182c681c140a6cf8074517876fc00e4b2e1e8965cdbb5779c5a1dc,assets/outdoor/storage/ost-0018-natural-rattan-twenty-four-spoke-cylindrical-storage-drum.usdz,previews/outdoor/storage/ost-0018-natural-rattan-twenty-four-spoke-cylindrical-storage-drum.jpg
OST-0019,ost-0019-corten-quarter-circle-five-door-equipment-cabinet,Corten Quarter-Circle Five-Door Equipment Cabinet,outdoor/storage,1.72,1.02,1.18,5540,10984,2,423737,1c64b3be5680473cd732bbf61b4516b92e2c8063886cef80dde85f1d53dbe402,assets/outdoor/storage/ost-0019-corten-quarter-circle-five-door-equipment-cabinet.usdz,previews/outdoor/storage/ost-0019-corten-quarter-circle-five-door-equipment-cabinet.jpg
OST-0020,ost-0020-brutalist-concrete-eight-fin-outdoor-storage-bench,Brutalist Concrete Eight-Fin Outdoor Storage Bench,outdoor/storage,1.68,0.62,0.66,1528,3004,2,584506,5accc2cbae88d49191a97bdf2d3f499a04b4e25b60f215ad92712102b2a0d0d4,assets/outdoor/storage/ost-0020-brutalist-concrete-eight-fin-outdoor-storage-bench.usdz,previews/outdoor/storage/ost-0020-brutalist-concrete-eight-fin-outdoor-storage-bench.jpg
ODT-0001,odt-0001-teak-twelve-slat-trestle-garden-dining-table,Teak Twelve-Slat Trestle Garden Dining Table,outdoor/tables,1.9,0.92,0.760002,2248,4420,1,463972,209a9985fef8ab8310925d7e64ad99c6597ce982318ca3f869b462c0733c7ecf,assets/outdoor/tables/odt-0001-teak-twelve-slat-trestle-garden-dining-table.usdz,previews/outdoor/tables/odt-0001-teak-twelve-slat-trestle-garden-dining-table.jpg
ODT-0002,odt-0002-moss-green-wrought-iron-eight-segment-mosaic-bistro-table,Moss-Green Wrought-Iron Eight-Segment Mosaic Bistro Table,outdoor/tables,0.78,0.78,0.74,3940,7676,2,1036843,ef10abc011ca58075d1e53ea14f4e8c29221d964365f5a4f6e4d094b6bf3902e,assets/outdoor/tables/odt-0002-moss-green-wrought-iron-eight-segment-mosaic-bistro-table.usdz,previews/outdoor/tables/odt-0002-moss-green-wrought-iron-eight-segment-mosaic-bistro-table.jpg
ODT-0003,odt-0003-cedar-six-plank-a-frame-picnic-table,Cedar Six-Plank A-Frame Picnic Table,outdoor/tables,1.72,1.48,0.759998,1752,3444,1,485412,28dbb8d4f13e02993da44ed51343ca500008695d1888d07ddaac68b72d37842f,assets/outdoor/tables/odt-0003-cedar-six-plank-a-frame-picnic-table.usdz,previews/outdoor/tables/odt-0003-cedar-six-plank-a-frame-picnic-table.jpg
ODT-0004,odt-0004-limestone-four-lobe-quatrefoil-pedestal-garden-table,Limestone Four-Lobe Quatrefoil Pedestal Garden Table,outdoor/tables,1.05,1.05,0.740002,2360,4696,1,618184,bc0d4c052cf62325b41667ce795676f9e2ea7da1b2d028517406e5828567230a,assets/outdoor/tables/odt-0004-limestone-four-lobe-quatrefoil-pedestal-garden-table.usdz,previews/outdoor/tables/odt-0004-limestone-four-lobe-quatrefoil-pedestal-garden-table.jpg
ODT-0005,odt-0005-acacia-double-drop-leaf-gateleg-terrace-table,Acacia Double-Drop-Leaf Gateleg Terrace Table,outdoor/tables,1.42,0.9,0.75,2400,4732,1,488572,31615a92f025aacb43a715467ef9091dbb5c97758fec4813c761fb34bef6ab50,assets/outdoor/tables/odt-0005-acacia-double-drop-leaf-gateleg-terrace-table.usdz,previews/outdoor/tables/odt-0005-acacia-double-drop-leaf-gateleg-terrace-table.jpg
ODT-0006,odt-0006-charcoal-aluminum-six-slat-butterfly-leaf-dining-table,Charcoal Aluminum Six-Slat Butterfly-Leaf Dining Table,outdoor/tables,1.98,0.94,0.76,1472,2808,2,220544,036fcf92b5b45c73808c191032a26dafcf345de7b7ec8f2312a873fd43ae8bf4,assets/outdoor/tables/odt-0006-charcoal-aluminum-six-slat-butterfly-leaf-dining-table.usdz,previews/outdoor/tables/odt-0006-charcoal-aluminum-six-slat-butterfly-leaf-dining-table.jpg
ODT-0007,odt-0007-white-fiberstone-oval-slot-pedestal-dining-table,White Fiberstone Oval Slot-Pedestal Dining Table,outdoor/tables,1.72,0.92,0.75,2304,4580,2,599478,bdc398a9e43199bc0e00c3ceae2c3d159201a2178afb0450f1bdd75e67e38eb9,assets/outdoor/tables/odt-0007-white-fiberstone-oval-slot-pedestal-dining-table.usdz,previews/outdoor/tables/odt-0007-white-fiberstone-oval-slot-pedestal-dining-table.jpg
ODT-0008,odt-0008-teak-black-steel-sixteen-slat-square-fire-table,Teak Black-Steel Sixteen-Slat Square Fire Table,outdoor/tables,1.18,1.18,0.68,2576,5068,2,600428,f1bd5635f4e4f0cec3784e00914c7c8ea9e880a3f0db53e128360aff63514852,assets/outdoor/tables/odt-0008-teak-black-steel-sixteen-slat-square-fire-table.usdz,previews/outdoor/tables/odt-0008-teak-black-steel-sixteen-slat-square-fire-table.jpg
ODT-0009,odt-0009-smoked-glass-four-spoke-lazy-susan-dining-table,Smoked-Glass Four-Spoke Lazy-Susan Dining Table,outdoor/tables,1.36,1.36,0.760007,2304,4568,2,588234,ea6dca1796c7134b6cff35f2cbfa965a7a9452d655a26a68c7882d8d913e68e9,assets/outdoor/tables/odt-0009-smoked-glass-four-spoke-lazy-susan-dining-table.usdz,previews/outdoor/tables/odt-0009-smoked-glass-four-spoke-lazy-susan-dining-table.jpg
ODT-0010,odt-0010-navy-aluminum-twelve-perforation-outdoor-bar-table,Navy Aluminum Twelve-Perforation Outdoor Bar Table,outdoor/tables,1.34,0.62,1.05,4248,8320,2,445902,92ea1d4467d0c3a286cf2d51016eab65fdc74499a3b44117c3e65b0363346a1c,assets/outdoor/tables/odt-0010-navy-aluminum-twelve-perforation-outdoor-bar-table.usdz,previews/outdoor/tables/odt-0010-navy-aluminum-twelve-perforation-outdoor-bar-table.jpg
ODT-0011,odt-0011-sage-steel-half-round-folding-balcony-table,Sage-Steel Half-Round Folding Balcony Table,outdoor/tables,0.82,0.46,0.74,2160,4192,1,484794,71748e44704583e7408e03a361288a7b3e53c66b954cac16b6b091ae3a576bc7,assets/outdoor/tables/odt-0011-sage-steel-half-round-folding-balcony-table.usdz,previews/outdoor/tables/odt-0011-sage-steel-half-round-folding-balcony-table.jpg
ODT-0012,odt-0012-teak-two-tier-four-caster-outdoor-serving-table,Teak Two-Tier Four-Caster Outdoor Serving Table,outdoor/tables,0.92,0.52,0.88,3684,7196,2,624556,84f215eddb5b896836e61fef2df0ab14fd17d9b1d00aec975f6ba4349766da15,assets/outdoor/tables/odt-0012-teak-two-tier-four-caster-outdoor-serving-table.usdz,previews/outdoor/tables/odt-0012-teak-two-tier-four-caster-outdoor-serving-table.jpg
ODT-0013,odt-0013-ochre-recycled-plastic-eighteen-hole-tripod-side-table,Ochre Recycled-Plastic Eighteen-Hole Tripod Side Table,outdoor/tables,0.52,0.52,0.49,5192,10280,2,532443,4aaab030875a612c1d8d4e18f50234201c0b4e12a78e119c7fa815949d777474,assets/outdoor/tables/odt-0013-ochre-recycled-plastic-eighteen-hole-tripod-side-table.usdz,previews/outdoor/tables/odt-0013-ochre-recycled-plastic-eighteen-hole-tripod-side-table.jpg
ODT-0014,odt-0014-brushed-aluminum-twelve-slat-roll-top-camp-table,Brushed-Aluminum Twelve-Slat Roll-Top Camp Table,outdoor/tables,0.96,0.64,0.7,4096,8096,2,528905,c0506062fb505e3a5f93fc4277856c9a81e82d837a2044592ed845d36fcbe41d,assets/outdoor/tables/odt-0014-brushed-aluminum-twelve-slat-roll-top-camp-table.usdz,previews/outdoor/tables/odt-0014-brushed-aluminum-twelve-slat-roll-top-camp-table.jpg
ODT-0015,odt-0015-cobalt-three-piece-nesting-patio-table-set,Cobalt Three-Piece Nesting Patio Table Set,outdoor/tables,0.68,0.48,0.58,3288,6492,1,431927,a9611c5e1e8c73df0e54f8c55773eaa193f70b3a39fd3ee35fe6d8d10cd04dab,assets/outdoor/tables/odt-0015-cobalt-three-piece-nesting-patio-table-set.usdz,previews/outdoor/tables/odt-0015-cobalt-three-piece-nesting-patio-table-set.jpg
ODT-0016,odt-0016-corten-quarter-circle-seven-fin-outdoor-bar-table,Corten Quarter-Circle Seven-Fin Outdoor Bar Table,outdoor/tables,1.54,0.92,1.04,5848,11560,2,466471,733c3c7e96a9c382ad026f16c0389fe922b695ab307ebb7e78100646bea4dbaf,assets/outdoor/tables/odt-0016-corten-quarter-circle-seven-fin-outdoor-bar-table.usdz,previews/outdoor/tables/odt-0016-corten-quarter-circle-seven-fin-outdoor-bar-table.jpg
ODT-0017,odt-0017-travertine-ring-pedestal-glass-top-garden-table,Travertine Ring-Pedestal Glass-Top Garden Table,outdoor/tables,1.28,1.28,0.75,1664,3320,3,844705,17b417d23f883d8e1cd9b294d77cc61ecc3fb83d6397196232d23be6f57bdf52,assets/outdoor/tables/odt-0017-travertine-ring-pedestal-glass-top-garden-table.usdz,previews/outdoor/tables/odt-0017-travertine-ring-pedestal-glass-top-garden-table.jpg
ODT-0018,odt-0018-white-terrazzo-pebble-three-column-outdoor-table,White-Terrazzo Pebble Three-Column Outdoor Table,outdoor/tables,1.62,0.92,0.74,2944,5860,2,685175,a5be4ab079e7ad845e8b0acaf1160b33b5574c9cfc55673e00c148753b65a1d5,assets/outdoor/tables/odt-0018-white-terrazzo-pebble-three-column-outdoor-table.usdz,previews/outdoor/tables/odt-0018-white-terrazzo-pebble-three-column-outdoor-table.jpg
ODT-0019,odt-0019-natural-rattan-twenty-four-spoke-hourglass-table,Natural-Rattan Twenty-Four-Spoke Hourglass Table,outdoor/tables,1.02,1.02,0.75,7568,13880,3,1185721,18b62dfd90f204b38a7656f6d676be8f588736175c721a6217c84de64cd18502,assets/outdoor/tables/odt-0019-natural-rattan-twenty-four-spoke-hourglass-table.usdz,previews/outdoor/tables/odt-0019-natural-rattan-twenty-four-spoke-hourglass-table.jpg
ODT-0020,odt-0020-brutalist-concrete-eight-fin-cantilever-outdoor-table,Brutalist Concrete Eight-Fin Cantilever Outdoor Table,outdoor/tables,1.86,0.82,0.76,1320,2592,2,475254,b75d0454007a05dde8fe35bd234c443c204331c25566cc42986f122e69f9fbbf,assets/outdoor/tables/odt-0020-brutalist-concrete-eight-fin-cantilever-outdoor-table.usdz,previews/outdoor/tables/odt-0020-brutalist-concrete-eight-fin-cantilever-outdoor-table.jpg
ARM-0001,arm-0001-scandinavian-oak-open-armchair,Scandinavian Oak Open-Arm Armchair,seating/armchairs,0.680013,0.759988,0.820002,1760,3460,3,1292737,e3fc436f4835b1479049f04802bff9e0607dfe8cce2c6509a9031e837aa72ba5,assets/seating/armchairs/arm-0001-scandinavian-oak-open-armchair.usdz,previews/seating/armchairs/arm-0001-scandinavian-oak-open-armchair.jpg
ARM-0002,arm-0002-bauhaus-tubular-cantilever-armchair,Bauhaus Tubular Cantilever Armchair,seating/armchairs,0.66,0.78,0.79,2552,4976,3,903734,ac61d28a1259af0c65992c2066e1790c7fe757f839e9863fd03c400fec2e76b3,assets/seating/armchairs/arm-0002-bauhaus-tubular-cantilever-armchair.usdz,previews/seating/armchairs/arm-0002-bauhaus-tubular-cantilever-armchair.jpg
ARM-0003,arm-0003-windsor-comb-back-armchair,Windsor Comb-Back Armchair,seating/armchairs,0.7,0.719992,1.02,6476,12724,3,996424,695f8b3c5f965c5106031c744d816015e223b4b309f3d592cf333b409bd383d2,assets/seating/armchairs/arm-0003-windsor-comb-back-armchair.usdz,previews/seating/armchairs/arm-0003-windsor-comb-back-armchair.jpg
ARM-0004,arm-0004-japanese-ash-spindle-armchair,Japanese Ash Spindle Armchair,seating/armchairs,0.690006,0.749995,0.78,6616,13148,3,963992,72933a834a67413a973a845acd0312606ee1b02075a77d73fff03ed925f42cbf,assets/seating/armchairs/arm-0004-japanese-ash-spindle-armchair.usdz,previews/seating/armchairs/arm-0004-japanese-ash-spindle-armchair.jpg
ARM-0005,arm-0005-art-deco-fan-velvet-armchair,Art Deco Fan Velvet Armchair,seating/armchairs,0.73,0.77,0.86,3544,7040,3,754916,95163068e859116033ba75b8ad42a1b74d6900d77b286eb8faa26b0a97b30c60,assets/seating/armchairs/arm-0005-art-deco-fan-velvet-armchair.usdz,previews/seating/armchairs/arm-0005-art-deco-fan-velvet-armchair.jpg
ARM-0006,arm-0006-french-cane-bergere,French Cane Bergère,seating/armchairs,0.76,0.819996,0.93,10068,19840,3,1527758,8878d7f54a114bda926976fc08626f5569a6dadff671c63fe572b58699646f2c,assets/seating/armchairs/arm-0006-french-cane-bergere.usdz,previews/seating/armchairs/arm-0006-french-cane-bergere.jpg
ARM-0007,arm-0007-mid-century-walnut-sling-armchair,Mid-Century Walnut Sling Armchair,seating/armchairs,0.740019,0.839961,0.800008,1488,2924,3,1359136,f7014aac2134ad417912cedbc7485a62e1e75cda60e9be13210dfa2ef03af86c,assets/seating/armchairs/arm-0007-mid-century-walnut-sling-armchair.usdz,previews/seating/armchairs/arm-0007-mid-century-walnut-sling-armchair.jpg
ARM-0008,arm-0008-mission-oak-morris-armchair,Mission Oak Morris Armchair,seating/armchairs,0.78,0.86,0.96,2064,4052,3,756459,c6128bee8868486a8a68334023bd28d686a1061566222da1ea640c8038bb004a,assets/seating/armchairs/arm-0008-mission-oak-morris-armchair.usdz,previews/seating/armchairs/arm-0008-mission-oak-morris-armchair.jpg
ARM-0009,arm-0009-ivory-boucle-barrel-armchair,Ivory Bouclé Barrel Armchair,seating/armchairs,0.79,0.8,0.78,3048,6068,3,1109655,a450463205d5353af30f3b57082bb9b846a77a4adada9a7c673cc1ada3240f48,assets/seating/armchairs/arm-0009-ivory-boucle-barrel-armchair.usdz,previews/seating/armchairs/arm-0009-ivory-boucle-barrel-armchair.jpg
ARM-0010,arm-0010-italian-chrome-leather-armchair,Italian Chrome Leather Armchair,seating/armchairs,0.76,0.83,0.77,2856,5576,3,912294,e18f727d2f58218a17df519a8e70dfa5655c5c7856549d9d6641c86f33480b4b,assets/seating/armchairs/arm-0010-italian-chrome-leather-armchair.usdz,previews/seating/armchairs/arm-0010-italian-chrome-leather-armchair.jpg
ARM-0011,arm-0011-english-leather-club-armchair,English Leather Club Armchair,seating/armchairs,0.86,0.91,0.84,3048,6056,3,951977,2fea62a12c4db4864341dc54c54d04134ae01f8dc3742f7c6423298b5ad279af,assets/seating/armchairs/arm-0011-english-leather-club-armchair.usdz,previews/seating/armchairs/arm-0011-english-leather-club-armchair.jpg
ARM-0012,arm-0012-danish-cord-wing-armchair,Danish Cord Wing Armchair,seating/armchairs,0.820042,0.919972,1.010002,1232,2420,3,1346821,c9197c5613243347854d5c4460bc5f01b219e7b2bcaa727977fe345ddd5d9030,assets/seating/armchairs/arm-0012-danish-cord-wing-armchair.usdz,previews/seating/armchairs/arm-0012-danish-cord-wing-armchair.jpg
ARM-0013,arm-0013-coastal-rattan-peacock-armchair,Coastal Rattan Peacock Armchair,seating/armchairs,0.84,0.9,1.05,6336,12208,3,1643747,447df3e84292ebfe03cb27087d792e60af7024711f72efab2dcd678a7aa75a05,assets/seating/armchairs/arm-0013-coastal-rattan-peacock-armchair.usdz,previews/seating/armchairs/arm-0013-coastal-rattan-peacock-armchair.jpg
ARM-0014,arm-0014-sculptural-ash-wing-armchair,Sculptural Ash Wing Armchair,seating/armchairs,0.88,0.919995,0.930001,2080,3932,3,1316271,17cfa9a785faacb156d59d958810932456f4d041eaa045260c7c2d2f2c9c5c61,assets/seating/armchairs/arm-0014-sculptural-ash-wing-armchair.usdz,previews/seating/armchairs/arm-0014-sculptural-ash-wing-armchair.jpg
ARM-0015,arm-0015-shearling-safari-sling-armchair,Shearling Safari Sling Armchair,seating/armchairs,0.840007,0.939964,0.850009,1904,3748,3,1706949,8c315155905900c1d0c646e9f91546e19cf14374c1efccf09814c0a6af93077c,assets/seating/armchairs/arm-0015-shearling-safari-sling-armchair.usdz,previews/seating/armchairs/arm-0015-shearling-safari-sling-armchair.jpg
ARM-0016,arm-0016-chesterfield-club-armchair,Chesterfield Club Armchair,seating/armchairs,0.98,0.94,0.82,6088,12076,3,993466,ad977d22eedd6dbd4baa39d8c018601049e97544caedee7d73cee49d25ac2868,assets/seating/armchairs/arm-0016-chesterfield-club-armchair.usdz,previews/seating/armchairs/arm-0016-chesterfield-club-armchair.jpg
ARM-0017,arm-0017-brutalist-block-armchair,Brutalist Block Armchair,seating/armchairs,0.96,0.91,0.74,896,1772,3,463570,02e410ad24808d9b8d64fce3256a74d6a95d15a6befbb691435c794e6b1d6d48,assets/seating/armchairs/arm-0017-brutalist-block-armchair.usdz,previews/seating/armchairs/arm-0017-brutalist-block-armchair.jpg
ARM-0018,arm-0018-walnut-reading-armchair,Walnut Reading Armchair,seating/armchairs,0.920037,0.979967,1.000011,1376,2708,3,1248285,a8ab4b3369027a3923432d503fa979604cc257eca77221cd7ac56a2841e3e8c3,assets/seating/armchairs/arm-0018-walnut-reading-armchair.usdz,previews/seating/armchairs/arm-0018-walnut-reading-armchair.jpg
ARM-0019,arm-0019-modular-wool-lounge-armchair,Modular Wool Lounge Armchair,seating/armchairs,1.02,0.96,0.79,1496,2968,3,747447,bfe6dd53dc1ffb092e5ec3336ed99b2e64bb653be604c5730d257166139f001e,assets/seating/armchairs/arm-0019-modular-wool-lounge-armchair.usdz,previews/seating/armchairs/arm-0019-modular-wool-lounge-armchair.jpg
ARM-0020,arm-0020-saddle-leather-high-back-armchair,Saddle Leather High-Back Armchair,seating/armchairs,0.910009,1.02983,1.080079,2440,4816,3,1440876,089882ad4494d49bef2c0b0a64c6bd368c48784a7a3accac31660ab18a8356ed,assets/seating/armchairs/arm-0020-saddle-leather-high-back-armchair.usdz,previews/seating/armchairs/arm-0020-saddle-leather-high-back-armchair.jpg
BEN-0001,ben-0001-scandinavian-oak-slat-entry-bench,Scandinavian Oak Slat Entry Bench,seating/benches,1.000001,0.379999,0.45,2336,4608,3,888925,4a35fe52a7752c35cdffd8ff73f5b0086340b57efad14f3da22f2bdb0bc8a67b,assets/seating/benches/ben-0001-scandinavian-oak-slat-entry-bench.usdz,previews/seating/benches/ben-0001-scandinavian-oak-slat-entry-bench.jpg
BEN-0002,ben-0002-japanese-hinoki-shoe-bench,Japanese Hinoki Shoe Bench,seating/benches,0.9,0.35,0.43,664,1296,3,736126,de9f0d70828482295f62afe88cabbda87f9c707aa640f111eaf73a82f9e8a411,assets/seating/benches/ben-0002-japanese-hinoki-shoe-bench.usdz,previews/seating/benches/ben-0002-japanese-hinoki-shoe-bench.jpg
BEN-0003,ben-0003-industrial-steel-locker-bench,Industrial Steel Locker Bench,seating/benches,1.05,0.38,0.46,10176,20096,3,460683,28e2a37256c1ccad27d8910c46e881a02c92dd731942b24357c724dcedd80e19,assets/seating/benches/ben-0003-industrial-steel-locker-bench.usdz,previews/seating/benches/ben-0003-industrial-steel-locker-bench.jpg
BEN-0004,ben-0004-rattan-waterfall-entry-bench,Rattan Waterfall Entry Bench,seating/benches,0.95,0.4,0.47,11016,21772,3,1197518,69a27f280d4a29acd65dc083e2c39d51796ff098ef2bb1c1976e90cb05efca97,assets/seating/benches/ben-0004-rattan-waterfall-entry-bench.usdz,previews/seating/benches/ben-0004-rattan-waterfall-entry-bench.jpg
BEN-0005,ben-0005-art-deco-velvet-vanity-bench,Art Deco Velvet Vanity Bench,seating/benches,0.85,0.42,0.480057,2712,5376,3,694223,3ca96f0a91e2f56318df79a409aeb993d955dea771a3043e045eea188b8fe901,assets/seating/benches/ben-0005-art-deco-velvet-vanity-bench.usdz,previews/seating/benches/ben-0005-art-deco-velvet-vanity-bench.jpg
BEN-0006,ben-0006-shaker-maple-trestle-bench,Shaker Maple Trestle Bench,seating/benches,1.45,0.38,0.45,904,1776,3,677290,d1e23af5805ac8ac35e2a7f93ef4179d9301f722f13d9d634ba3b2099c7cfb50,assets/seating/benches/ben-0006-shaker-maple-trestle-bench.usdz,previews/seating/benches/ben-0006-shaker-maple-trestle-bench.jpg
BEN-0007,ben-0007-windsor-spindle-back-dining-bench,Windsor Spindle-Back Dining Bench,seating/benches,1.5,0.53,0.88,5508,10876,3,855577,bd10bdfd893e3c1a2a2f61fa7f93b8608a981c002ebaa754e9bed5b2ced4c021,assets/seating/benches/ben-0007-windsor-spindle-back-dining-bench.usdz,previews/seating/benches/ben-0007-windsor-spindle-back-dining-bench.jpg
BEN-0008,ben-0008-reclaimed-pine-x-frame-bench,Reclaimed Pine X-Frame Bench,seating/benches,1.6,0.42,0.460054,760,1480,3,667093,076deeea02951ef6eea2a35bca0c1803ef4fd435dd64b4934aeb4c17a0a7a155,assets/seating/benches/ben-0008-reclaimed-pine-x-frame-bench.usdz,previews/seating/benches/ben-0008-reclaimed-pine-x-frame-bench.jpg
BEN-0009,ben-0009-mid-century-walnut-wishbone-bench,Mid-Century Walnut Wishbone Bench,seating/benches,1.35,0.44,0.470002,944,1856,3,910346,cc798da5be05e7a6ba4d8f0ca90a27627b145d36a3fc37679e02d7b452947b7e,assets/seating/benches/ben-0009-mid-century-walnut-wishbone-bench.usdz,previews/seating/benches/ben-0009-mid-century-walnut-wishbone-bench.jpg
BEN-0010,ben-0010-bauhaus-tubular-cantilever-bench,Bauhaus Tubular Cantilever Bench,seating/benches,1.4,0.48,0.46,2688,5336,3,875345,72561f4f5f347748872b7174a2ba9ab6e0597b3e76e9baf5706dd5c9e5a948b4,assets/seating/benches/ben-0010-bauhaus-tubular-cantilever-bench.usdz,previews/seating/benches/ben-0010-bauhaus-tubular-cantilever-bench.jpg
BEN-0011,ben-0011-chesterfield-rolled-end-bench,Chesterfield Rolled-End Bench,seating/benches,1.55,0.58,0.62,5920,11708,3,1050576,9ec54358edc6198adb3da6bda955519630f14713584048781a8886a8a64a6135,assets/seating/benches/ben-0011-chesterfield-rolled-end-bench.usdz,previews/seating/benches/ben-0011-chesterfield-rolled-end-bench.jpg
BEN-0012,ben-0012-ivory-boucle-waterfall-bench,Ivory Bouclé Waterfall Bench,seating/benches,1.3,0.5,0.48,1464,2916,3,749991,d25abef790f0af06f9194e8f26d0894757e826cb08d2563cff79377b9332d4bd,assets/seating/benches/ben-0012-ivory-boucle-waterfall-bench.usdz,previews/seating/benches/ben-0012-ivory-boucle-waterfall-bench.jpg
BEN-0013,ben-0013-french-tufted-settee-bench,French Tufted Settee Bench,seating/benches,1.45,0.62,0.88,4396,8544,3,929978,f5eb23b35d583f2d2a2acd2514ff4819afbbcb4f807caa594f953c2b91da84d1,assets/seating/benches/ben-0013-french-tufted-settee-bench.usdz,previews/seating/benches/ben-0013-french-tufted-settee-bench.jpg
BEN-0014,ben-0014-modular-wool-platform-bench,Modular Wool Platform Bench,seating/benches,1.7,0.6,0.45,1136,2252,3,734908,92deb2fc885d85a8c8dfedfbed92bee273fcafeb1859248212ffec8902931013,assets/seating/benches/ben-0014-modular-wool-platform-bench.usdz,previews/seating/benches/ben-0014-modular-wool-platform-bench.jpg
BEN-0015,ben-0015-saddle-leather-sling-bench,Saddle Leather Sling Bench,seating/benches,1.35,0.52,0.49,2456,4832,3,1357880,82206cef03e50b153ea63022e224794a9d8ff55b3253c6cb3ef4d8240dcd3222,assets/seating/benches/ben-0015-saddle-leather-sling-bench.usdz,previews/seating/benches/ben-0015-saddle-leather-sling-bench.jpg
BEN-0016,ben-0016-brutalist-concrete-monolith-bench,Brutalist Concrete Monolith Bench,seating/benches,1.8,0.48,0.47,288,564,3,360707,9c492482a405eb688799aa0f136abc18423b8feceb1f74ee3498faf27df44c8c,assets/seating/benches/ben-0016-brutalist-concrete-monolith-bench.usdz,previews/seating/benches/ben-0016-brutalist-concrete-monolith-bench.jpg
BEN-0017,ben-0017-cast-iron-park-slat-bench,Cast-Iron Park Slat Bench,seating/benches,1.75,0.62,0.82,3540,6680,3,654961,2b055d1c15e254e4d608fb1263ae37146c0d229a7eb811a54b105f6d774e81b6,assets/seating/benches/ben-0017-cast-iron-park-slat-bench.usdz,previews/seating/benches/ben-0017-cast-iron-park-slat-bench.jpg
BEN-0018,ben-0018-coastal-teak-rope-bench,Coastal Teak Rope Bench,seating/benches,1.599995,0.600018,0.779999,9672,19176,3,1455035,e96d15a2b18dbd4c0a8ab9fe00f237403bac7712debe503eca7fa58f30c136ee,assets/seating/benches/ben-0018-coastal-teak-rope-bench.usdz,previews/seating/benches/ben-0018-coastal-teak-rope-bench.jpg
BEN-0019,ben-0019-travertine-serpentine-bench,Travertine Serpentine Bench,seating/benches,1.9,0.55,0.5,1600,3184,3,547000,3042c1198f40fd687f4f812db0a0ddafd210c9de9fe68dade22732b634651834,assets/seating/benches/ben-0019-travertine-serpentine-bench.usdz,previews/seating/benches/ben-0019-travertine-serpentine-bench.jpg
BEN-0020,ben-0020-aluminum-ribbon-bench,Aluminum Ribbon Bench,seating/benches,2.0,0.58,0.76,22384,44208,3,617418,2ad35be96f3a24863f4427cdd7c608658972c5871a4fab5c8779bf85cfd7f2c6,assets/seating/benches/ben-0020-aluminum-ribbon-bench.usdz,previews/seating/benches/ben-0020-aluminum-ribbon-bench.jpg
OTT-0001,ott-0001-scandinavian-wool-round-pouf,Scandinavian Wool Round Pouf,seating/ottomans,0.48,0.48,0.42,800,1584,2,830624,2bb778f03ffc843034af021d53030b942ab824de1a9609f0b21fb30b55259393,assets/seating/ottomans/ott-0001-scandinavian-wool-round-pouf.usdz,previews/seating/ottomans/ott-0001-scandinavian-wool-round-pouf.jpg
OTT-0002,ott-0002-moroccan-leather-pouf,Moroccan Leather Pouf,seating/ottomans,0.52,0.52,0.36,6034,11432,3,1753056,8159911a2ec7b2c5f73770f7fb80761e033afba23863cf56ef46e34cd7e664e0,assets/seating/ottomans/ott-0002-moroccan-leather-pouf.usdz,previews/seating/ottomans/ott-0002-moroccan-leather-pouf.jpg
OTT-0003,ott-0003-japanese-rush-footstool,Japanese Rush Footstool,seating/ottomans,0.55,0.42,0.34,2592,5076,3,1450775,f8d8a02c2876f249ba8b4f68e1b07ad7f6b5c313b0ac8fe1369fbdfb4fc70e4d,assets/seating/ottomans/ott-0003-japanese-rush-footstool.usdz,previews/seating/ottomans/ott-0003-japanese-rush-footstool.jpg
OTT-0004,ott-0004-bauhaus-chrome-leather-footstool,Bauhaus Chrome Leather Footstool,seating/ottomans,0.58,0.48,0.4,1448,2884,2,876220,7680c6568b129b3ae97c378a8f5febf0a9e2afe054d76541db355d429f9aa3f3,assets/seating/ottomans/ott-0004-bauhaus-chrome-leather-footstool.usdz,previews/seating/ottomans/ott-0004-bauhaus-chrome-leather-footstool.jpg
OTT-0005,ott-0005-art-deco-channel-ottoman,Art Deco Channel Ottoman,seating/ottomans,0.62,0.45,0.43,2112,4196,2,692717,5293612a4849f573d074c21eb1fb9c917b8a3fca3b213465b8ebe2e2f8e511e3,assets/seating/ottomans/ott-0005-art-deco-channel-ottoman.usdz,previews/seating/ottomans/ott-0005-art-deco-channel-ottoman.jpg
OTT-0006,ott-0006-shaker-cedar-lift-top-ottoman,Shaker Cedar Lift-Top Ottoman,seating/ottomans,0.8,0.48,0.47,1176,2316,3,1358674,73dcbf9a67933243a3c743e04109f071b047146a27d07554f94d13389b0869aa,assets/seating/ottomans/ott-0006-shaker-cedar-lift-top-ottoman.usdz,previews/seating/ottomans/ott-0006-shaker-cedar-lift-top-ottoman.jpg
OTT-0007,ott-0007-mid-century-walnut-drawer-ottoman,Mid-Century Walnut Drawer Ottoman,seating/ottomans,0.72,0.52,0.43,1080,2128,3,1057914,a5ef32f42f04b5f881125fd11ee4696b23b70ffca474db96d983717197d6cb48,assets/seating/ottomans/ott-0007-mid-century-walnut-drawer-ottoman.usdz,previews/seating/ottomans/ott-0007-mid-century-walnut-drawer-ottoman.jpg
OTT-0008,ott-0008-coastal-rattan-storage-drum,Coastal Rattan Storage Drum,seating/ottomans,0.58,0.58,0.46,20168,40112,2,1789947,df48cc26299bf194cc137ed3acc5f504058431e8ac42fe9611b732d9776695e7,assets/seating/ottomans/ott-0008-coastal-rattan-storage-drum.usdz,previews/seating/ottomans/ott-0008-coastal-rattan-storage-drum.jpg
OTT-0009,ott-0009-industrial-canvas-trunk-ottoman,Industrial Canvas Trunk Ottoman,seating/ottomans,0.85,0.52,0.44,3888,7588,3,1063006,075f98154f71cd313343829179be5b9b7b175322543d913328ac1444b9de0c24,assets/seating/ottomans/ott-0009-industrial-canvas-trunk-ottoman.usdz,previews/seating/ottomans/ott-0009-industrial-canvas-trunk-ottoman.jpg
OTT-0010,ott-0010-contemporary-reversible-tray-ottoman,Contemporary Reversible Tray Ottoman,seating/ottomans,0.75,0.6,0.4,1520,3004,3,1000991,3d7ef276ba10f2bd9c994dbd766e606163bffa4d4823052ce64a400e91356937,assets/seating/ottomans/ott-0010-contemporary-reversible-tray-ottoman.usdz,previews/seating/ottomans/ott-0010-contemporary-reversible-tray-ottoman.jpg
OTT-0011,ott-0011-chesterfield-round-tufted-ottoman,Chesterfield Round Tufted Ottoman,seating/ottomans,0.9,0.9,0.42,11024,21812,3,1169991,5e6e7a8b46249055bf78036024da741e764e42f1f84d27832216beda85c69698,assets/seating/ottomans/ott-0011-chesterfield-round-tufted-ottoman.usdz,previews/seating/ottomans/ott-0011-chesterfield-round-tufted-ottoman.jpg
OTT-0012,ott-0012-ivory-boucle-kidney-ottoman,Ivory Bouclé Kidney Ottoman,seating/ottomans,0.95,0.6,0.4,496,984,2,842728,25e9d5ba6e01859207faaa2855560696ebf00bb69fa94763cefacba629be9a13,assets/seating/ottomans/ott-0012-ivory-boucle-kidney-ottoman.usdz,previews/seating/ottomans/ott-0012-ivory-boucle-kidney-ottoman.jpg
OTT-0013,ott-0013-french-cabriole-tufted-ottoman,French Cabriole Tufted Ottoman,seating/ottomans,0.82,0.58,0.45,4236,8156,3,1403285,0c98b84357fa57004ae0cc2d1c6aa7096df47f06cc9f6687aeb7e3315de34e3e,assets/seating/ottomans/ott-0013-french-cabriole-tufted-ottoman.usdz,previews/seating/ottomans/ott-0013-french-cabriole-tufted-ottoman.jpg
OTT-0014,ott-0014-saddle-leather-x-frame-ottoman,Saddle Leather X-Frame Ottoman,seating/ottomans,0.88,0.55,0.421495,2000,3936,3,1450385,cc2adcf95f264553ffa3d185e19bcd67318100f95ca22b7c41ba4a4b4724a971,assets/seating/ottomans/ott-0014-saddle-leather-x-frame-ottoman.usdz,previews/seating/ottomans/ott-0014-saddle-leather-x-frame-ottoman.jpg
OTT-0015,ott-0015-shearling-waterfall-ottoman,Shearling Waterfall Ottoman,seating/ottomans,0.78,0.58,0.43,1464,2916,1,747708,d1672a1258a5c52220dfe4a26215e46e83d25431661acfed8611284b1db9c6e4,assets/seating/ottomans/ott-0015-shearling-waterfall-ottoman.usdz,previews/seating/ottomans/ott-0015-shearling-waterfall-ottoman.jpg
OTT-0016,ott-0016-modular-wool-quadrant-ottoman,Modular Wool Quadrant Ottoman,seating/ottomans,1.05,0.9,0.4,576,1140,3,568784,17e49a35441131d4f903629724cd8bee43c50dd09b0b3064e726d56fd9af61b9,assets/seating/ottomans/ott-0016-modular-wool-quadrant-ottoman.usdz,previews/seating/ottomans/ott-0016-modular-wool-quadrant-ottoman.jpg
OTT-0017,ott-0017-travertine-fluted-drum-ottoman,Travertine Fluted Drum Ottoman,seating/ottomans,0.78,0.78,0.42,6016,11928,3,1372988,001d8d850df6200a84b98c623510d4e652f0480ea4d6eb1d5e82b996aacd87d8,assets/seating/ottomans/ott-0017-travertine-fluted-drum-ottoman.usdz,previews/seating/ottomans/ott-0017-travertine-fluted-drum-ottoman.jpg
OTT-0018,ott-0018-outdoor-teak-rope-cube-ottoman,Outdoor Teak Rope Cube Ottoman,seating/ottomans,0.68,0.68,0.42,5376,10616,2,960224,e952278d2647ee9fda39047b730ef4182460036192cba797ac3c3abee9efbd35,assets/seating/ottomans/ott-0018-outdoor-teak-rope-cube-ottoman.usdz,previews/seating/ottomans/ott-0018-outdoor-teak-rope-cube-ottoman.jpg
OTT-0019,ott-0019-italian-leather-donut-ottoman,Italian Leather Donut Ottoman,seating/ottomans,1.1,1.1,0.38,3200,6332,2,841204,edadc135c97797a12f8a114d001f6263ea67e186a8f76229b04b0a295e0a0e69,assets/seating/ottomans/ott-0019-italian-leather-donut-ottoman.usdz,previews/seating/ottomans/ott-0019-italian-leather-donut-ottoman.jpg
OTT-0020,ott-0020-perforated-aluminum-outdoor-ottoman,Perforated Aluminum Outdoor Ottoman,seating/ottomans,0.82,0.65,0.4,13184,26052,3,901255,6dee159ddc1a5cdff3ca59e0d3b3883ee3fa56d24322e4361ae6decf7eb1f046,assets/seating/ottomans/ott-0020-perforated-aluminum-outdoor-ottoman.usdz,previews/seating/ottomans/ott-0020-perforated-aluminum-outdoor-ottoman.jpg
SOF-0001,sof-0001-scandinavian-ash-loveseat,Scandinavian Ash Loveseat,seating/sofas,1.55,0.82,0.8,2208,4360,2,840271,467e2c9fa84f25c7c843fa6aeeda3dd04156e7e2948e7908231573cc9f22db57,assets/seating/sofas/sof-0001-scandinavian-ash-loveseat.usdz,previews/seating/sofas/sof-0001-scandinavian-ash-loveseat.jpg
SOF-0002,sof-0002-mid-century-walnut-tuxedo-loveseat,Mid-Century Walnut Tuxedo Loveseat,seating/sofas,1.7,0.84,0.78,2440,4820,3,1024651,3f8a2274afc69e38681b7e90274dd28a025bf53b6eb4b18d86f4d415c466c891,assets/seating/sofas/sof-0002-mid-century-walnut-tuxedo-loveseat.usdz,previews/seating/sofas/sof-0002-mid-century-walnut-tuxedo-loveseat.jpg
SOF-0003,sof-0003-bauhaus-chrome-sling-sofa,Bauhaus Chrome Sling Sofa,seating/sofas,1.85,0.82,0.76,2560,5076,3,1015619,9f7e2aaffc441bca8a26e9264e40c6ca6815334ab2ef2d6cf3cbf3e0fbdcc4bc,assets/seating/sofas/sof-0003-bauhaus-chrome-sling-sofa.usdz,previews/seating/sofas/sof-0003-bauhaus-chrome-sling-sofa.jpg
SOF-0004,sof-0004-japanese-low-platform-sofa,Japanese Low Platform Sofa,seating/sofas,1.8,0.9,0.62,1568,3104,3,823190,57eda3bfe24fd94a829371f7e887deddeac52682b6a33829968c0ba8351f9428,assets/seating/sofas/sof-0004-japanese-low-platform-sofa.usdz,previews/seating/sofas/sof-0004-japanese-low-platform-sofa.jpg
SOF-0005,sof-0005-art-deco-scallop-settee,Art Deco Scallop Settee,seating/sofas,1.65,0.8,0.82,3576,7116,3,947582,b6410f397f4838d2c7800d6212e0d9b0c050416cf58b3cf811467983454211fc,assets/seating/sofas/sof-0005-art-deco-scallop-settee.usdz,previews/seating/sofas/sof-0005-art-deco-scallop-settee.jpg
SOF-0006,sof-0006-chesterfield-rolled-arm-sofa,Chesterfield Rolled-Arm Sofa,seating/sofas,2.2,0.95,0.82,8352,16508,3,1494485,3cbba00890f70179dbfe9ec39147d56d2b4dbf00f0d1a8887764241c96ba1a67,assets/seating/sofas/sof-0006-chesterfield-rolled-arm-sofa.usdz,previews/seating/sofas/sof-0006-chesterfield-rolled-arm-sofa.jpg
SOF-0007,sof-0007-english-lawson-linen-sofa,English Lawson Linen Sofa,seating/sofas,2.05,0.92,0.86,3520,6988,2,978876,f371325f7a764f75d9c3610fa7080b66ad8f33f3db14c3a3e0cab03711fdc4e0,assets/seating/sofas/sof-0007-english-lawson-linen-sofa.usdz,previews/seating/sofas/sof-0007-english-lawson-linen-sofa.jpg
SOF-0008,sof-0008-french-cabriole-camelback-sofa,French Cabriole Camelback Sofa,seating/sofas,1.9,0.88,0.92,2408,4484,3,1287669,6edcf76751fc528bdb9ae50ae9faf6139774caece25d0dc39f161dbcc6655d3a,assets/seating/sofas/sof-0008-french-cabriole-camelback-sofa.usdz,previews/seating/sofas/sof-0008-french-cabriole-camelback-sofa.jpg
SOF-0009,sof-0009-italian-channel-velvet-sofa,Italian Channel Velvet Sofa,seating/sofas,2.1,0.9,0.78,7056,14040,2,523791,eec3d25fbedd94879a744e6b19f45952e6fbd121efebdeba9643e8ae0c510057,assets/seating/sofas/sof-0009-italian-channel-velvet-sofa.usdz,previews/seating/sofas/sof-0009-italian-channel-velvet-sofa.jpg
SOF-0010,sof-0010-coastal-slipcovered-sofa,Coastal Slipcovered Sofa,seating/sofas,2.15,0.98,0.87,2952,5856,2,569413,37895eb2c24880c49bb40b3979cd2a2ab2b0f3dba30b3b62ee1a841dff91e73d,assets/seating/sofas/sof-0010-coastal-slipcovered-sofa.usdz,previews/seating/sofas/sof-0010-coastal-slipcovered-sofa.jpg
SOF-0011,sof-0011-contemporary-three-module-sofa,Contemporary Three-Module Sofa,seating/sofas,2.4,1.0,0.72,1928,3828,2,466027,3adae4aef8521624d665f9e882881090ca66c11dfefc31a9b442f9746e941858,assets/seating/sofas/sof-0011-contemporary-three-module-sofa.usdz,previews/seating/sofas/sof-0011-contemporary-three-module-sofa.jpg
SOF-0012,sof-0012-ivory-boucle-serpentine-sofa,Ivory Bouclé Serpentine Sofa,seating/sofas,2.3,1.05,0.76,2160,4308,2,940765,b9d2589a6a564e7d9fe9ed26abd3805d80776c2f7ac870eabd13fd161e0c041e,assets/seating/sofas/sof-0012-ivory-boucle-serpentine-sofa.usdz,previews/seating/sofas/sof-0012-ivory-boucle-serpentine-sofa.jpg
SOF-0013,sof-0013-warm-gray-corner-sectional,Warm-Gray Corner Sectional,seating/sofas,2.6,2.1,0.74,3256,6448,2,525398,deb6a2c27efc7865dcb48d4ea0e7675c3580488c5847eb55859368ddcfa8b6a3,assets/seating/sofas/sof-0013-warm-gray-corner-sectional.usdz,previews/seating/sofas/sof-0013-warm-gray-corner-sectional.jpg
SOF-0014,sof-0014-shearling-conversation-crescent,Shearling Conversation Crescent,seating/sofas,2.2,1.05,0.75,1584,3156,2,902894,fb4f82b09616dc308963965b097cc6e99e98ff1abbc64f572dcfcf8707292727,assets/seating/sofas/sof-0014-shearling-conversation-crescent.usdz,previews/seating/sofas/sof-0014-shearling-conversation-crescent.jpg
SOF-0015,sof-0015-cognac-leather-chaise-sofa,Cognac Leather Chaise Sofa,seating/sofas,2.35,1.0,0.8,3792,7520,2,847026,cb04cddece6600493657ef5b6145e6321d11e926e4c82a81b13d130c63d3d742,assets/seating/sofas/sof-0015-cognac-leather-chaise-sofa.usdz,previews/seating/sofas/sof-0015-cognac-leather-chaise-sofa.jpg
SOF-0016,sof-0016-brutalist-concrete-outdoor-sofa,Brutalist Concrete Outdoor Sofa,seating/sofas,2.3,0.9,0.76,2216,4392,2,680469,7ee41f70275ae4590a5d8b9defb1742bbe93c97f0f9443962a33bd02b963599d,assets/seating/sofas/sof-0016-brutalist-concrete-outdoor-sofa.usdz,previews/seating/sofas/sof-0016-brutalist-concrete-outdoor-sofa.jpg
SOF-0017,sof-0017-teak-rope-outdoor-sofa,Teak Rope Outdoor Sofa,seating/sofas,2.1,0.92,0.8,8624,17000,3,1343823,142890c0bdbf985e96104eb441777008f9e8061a63a263ed8cbe1ee0014eae7d,assets/seating/sofas/sof-0017-teak-rope-outdoor-sofa.usdz,previews/seating/sofas/sof-0017-teak-rope-outdoor-sofa.jpg
SOF-0018,sof-0018-rattan-peacock-sofa,Rattan Peacock Sofa,seating/sofas,2.05,0.95,1.15,14728,27040,2,1728232,28be1b743feb91b1f4c348bde4ee4bc7b74ff3294217e08db4773c3774c3cce8,assets/seating/sofas/sof-0018-rattan-peacock-sofa.usdz,previews/seating/sofas/sof-0018-rattan-peacock-sofa.jpg
SOF-0019,sof-0019-perforated-aluminum-ribbon-sofa,Perforated Aluminum Ribbon Sofa,seating/sofas,2.2,0.88,0.78,17544,34520,3,906510,a3986a803d67b704e73930a43f1162f10f8cd7b1b26b9ee23860f414f4566b8c,assets/seating/sofas/sof-0019-perforated-aluminum-ribbon-sofa.usdz,previews/seating/sofas/sof-0019-perforated-aluminum-ribbon-sofa.jpg
SOF-0020,sof-0020-travertine-plinth-sofa,Travertine Plinth Sofa,seating/sofas,2.25,0.95,0.72,8864,17508,3,1291110,cbdc664625c9ed2fcc7aacac83366b9613a62fa55ef9c7fe59e5aadf72c8b17c,assets/seating/sofas/sof-0020-travertine-plinth-sofa.usdz,previews/seating/sofas/sof-0020-travertine-plinth-sofa.jpg
STL-0001,stl-0001-scandinavian-ash-round-stool,Scandinavian Ash Round Stool,seating/stools,0.42,0.42,0.45,800,1584,1,480507,a5aeb4cbf375109aca3398358c0dfcdca9aad211298a8c13996a5fd9a39938a0,assets/seating/stools/stl-0001-scandinavian-ash-round-stool.usdz,previews/seating/stools/stl-0001-scandinavian-ash-round-stool.jpg
STL-0002,stl-0002-shaker-maple-milking-stool,Shaker Maple Milking Stool,seating/stools,0.4,0.32,0.42,976,1916,1,354475,3a3d2b7accba36bf75a7f98793b5b3088467468e49dbc676eec8744d07f19141,assets/seating/stools/stl-0002-shaker-maple-milking-stool.usdz,previews/seating/stools/stl-0002-shaker-maple-milking-stool.jpg
STL-0003,stl-0003-japanese-hinoki-joinery-stool,Japanese Hinoki Joinery Stool,seating/stools,0.45,0.34,0.43,592,1160,1,448953,b11027e1b62ecd3795bf123fa00540d36f97488a628c72cc0b4188296e247f60,assets/seating/stools/stl-0003-japanese-hinoki-joinery-stool.usdz,previews/seating/stools/stl-0003-japanese-hinoki-joinery-stool.jpg
STL-0004,stl-0004-industrial-steel-shop-stool,Industrial Steel Shop Stool,seating/stools,0.4,0.4,0.47,11232,22252,2,411730,bf24c226235b8fab99cf6f8a18f1d67ab4610f8e6d0de0e039b4521af8fba5c8,assets/seating/stools/stl-0004-industrial-steel-shop-stool.usdz,previews/seating/stools/stl-0004-industrial-steel-shop-stool.jpg
STL-0005,stl-0005-rattan-hourglass-drum-stool,Rattan Hourglass Drum Stool,seating/stools,0.42,0.42,0.46,15632,29388,1,1443311,206c55ba33cfd43665f805a5cf32d57a394f3341882744e930d6060965a4e155,assets/seating/stools/stl-0005-rattan-hourglass-drum-stool.usdz,previews/seating/stools/stl-0005-rattan-hourglass-drum-stool.jpg
STL-0006,stl-0006-mid-century-walnut-counter-stool,Mid-Century Walnut Counter Stool,seating/stools,0.48,0.5,0.68,1636,3176,3,1228947,bc15b8f14c1323eace17f3e0a34664b5afbdf3902c4f3ec8255e48b5ca7fd14a,assets/seating/stools/stl-0006-mid-century-walnut-counter-stool.usdz,previews/seating/stools/stl-0006-mid-century-walnut-counter-stool.jpg
STL-0007,stl-0007-bauhaus-chrome-cantilever-bar-stool,Bauhaus Chrome Cantilever Bar Stool,seating/stools,0.46,0.5,0.78,1336,2556,2,859454,a12c301d08b46fb850e868c1179f6d5962d9b6ade370729de3fd86a031baf446,assets/seating/stools/stl-0007-bauhaus-chrome-cantilever-bar-stool.usdz,previews/seating/stools/stl-0007-bauhaus-chrome-cantilever-bar-stool.jpg
STL-0008,stl-0008-windsor-spindle-counter-stool,Windsor Spindle Counter Stool,seating/stools,0.5,0.52,0.72,2652,5192,1,552679,d2e34dd68caffa3df740edabd1706bf9bce56748a5cfb831aa6d5026e5ac5986,assets/seating/stools/stl-0008-windsor-spindle-counter-stool.usdz,previews/seating/stools/stl-0008-windsor-spindle-counter-stool.jpg
STL-0009,stl-0009-cognac-saddle-leather-bar-stool,Cognac Saddle Leather Bar Stool,seating/stools,0.48,0.45,0.76,1360,2684,2,735463,9449df2b4788564d5925ee8e050e36ed967db7a0f2ec8ae316fecc257fe2bd13,assets/seating/stools/stl-0009-cognac-saddle-leather-bar-stool.usdz,previews/seating/stools/stl-0009-cognac-saddle-leather-bar-stool.jpg
STL-0010,stl-0010-coastal-teak-rope-bar-stool,Coastal Teak Rope Bar Stool,seating/stools,0.47001,0.499992,0.75,5220,10256,2,824618,753af523d4a4e7d0b111ac4caf1fa463d7de82c929cd3a6ce72547c9886f925d,assets/seating/stools/stl-0010-coastal-teak-rope-bar-stool.usdz,previews/seating/stools/stl-0010-coastal-teak-rope-bar-stool.jpg
STL-0011,stl-0011-art-deco-channel-vanity-stool,Art Deco Channel Vanity Stool,seating/stools,0.52,0.42,0.49,2112,4196,2,675307,44a4bb6835d76e5a4bd0b540a163765e03d1c5e7efa9a3d3d683457d303adf48,assets/seating/stools/stl-0011-art-deco-channel-vanity-stool.usdz,previews/seating/stools/stl-0011-art-deco-channel-vanity-stool.jpg
STL-0012,stl-0012-ivory-boucle-mushroom-stool,Ivory Bouclé Mushroom Stool,seating/stools,0.55,0.55,0.48,768,1532,1,736354,7ee45b310f8f83c54ba1ecad8815653fcd10501990211d21ec9f2ed97707ab4b,assets/seating/stools/stl-0012-ivory-boucle-mushroom-stool.usdz,previews/seating/stools/stl-0012-ivory-boucle-mushroom-stool.jpg
STL-0013,stl-0013-chesterfield-tufted-leather-stool,Chesterfield Tufted Leather Stool,seating/stools,0.58,0.48,0.5,5280,10440,2,1032445,e91668c138d95f11458cfcf8a8ecda44acfe3288371eaa737d413b11d4040c87,assets/seating/stools/stl-0013-chesterfield-tufted-leather-stool.usdz,previews/seating/stools/stl-0013-chesterfield-tufted-leather-stool.jpg
STL-0014,stl-0014-french-cabriole-vanity-stool,French Cabriole Vanity Stool,seating/stools,0.54,0.42,0.5,3276,6260,2,943098,d6f6a6054158f7c5aadc7134f8195603b099cd704629337f05803d20559d963d,assets/seating/stools/stl-0014-french-cabriole-vanity-stool.usdz,previews/seating/stools/stl-0014-french-cabriole-vanity-stool.jpg
STL-0015,stl-0015-shearling-waterfall-stool,Shearling Waterfall Stool,seating/stools,0.5,0.45,0.48,1256,2500,1,744327,5eedc80879e2b5f9bb14102436fa47007a66c5770d27c2b4d229c78a2573e569,assets/seating/stools/stl-0015-shearling-waterfall-stool.usdz,previews/seating/stools/stl-0015-shearling-waterfall-stool.jpg
STL-0016,stl-0016-brutalist-concrete-stool,Brutalist Concrete Stool,seating/stools,0.46,0.4,0.46,456,900,1,391288,be4d6f8324dcbd3fec126b294fee1fc77efaceafb554660f0624883c245c7808,assets/seating/stools/stl-0016-brutalist-concrete-stool.usdz,previews/seating/stools/stl-0016-brutalist-concrete-stool.jpg
STL-0017,stl-0017-fluted-travertine-pedestal-stool,Fluted Travertine Pedestal Stool,seating/stools,0.44,0.44,0.47,3584,7080,2,1108327,d9b233e59d33c2dd92347d01c7e461e8d5a4e9289f92936b11b132bd9638acef,assets/seating/stools/stl-0017-fluted-travertine-pedestal-stool.usdz,previews/seating/stools/stl-0017-fluted-travertine-pedestal-stool.jpg
STL-0018,stl-0018-teak-slatted-outdoor-stool,Teak Slatted Outdoor Stool,seating/stools,0.48,0.42,0.45,1248,2444,1,456775,06ff8dc12a8a5901569147a91d492c03e1954a0a6b9e45897fef1a7c2459d261,assets/seating/stools/stl-0018-teak-slatted-outdoor-stool.usdz,previews/seating/stools/stl-0018-teak-slatted-outdoor-stool.jpg
STL-0019,stl-0019-perforated-aluminum-ribbon-stool,Perforated Aluminum Ribbon Stool,seating/stools,0.46,0.42,0.47,11592,22904,2,572756,c1532afd4d5897d6b054b1365fff8997f65e5fa5f48f6ef49e19ba9810f7c14c,assets/seating/stools/stl-0019-perforated-aluminum-ribbon-stool.usdz,previews/seating/stools/stl-0019-perforated-aluminum-ribbon-stool.jpg
STL-0020,stl-0020-cobalt-ceramic-totem-stool,Cobalt Ceramic Totem Stool,seating/stools,0.43,0.43,0.48,1344,2684,1,121462,d413fb2d99afe44bc4433924fc57eeb5f0378bf501576ebcb6f5d139b610680b,assets/seating/stools/stl-0020-cobalt-ceramic-totem-stool.usdz,previews/seating/stools/stl-0020-cobalt-ceramic-totem-stool.jpg
BAR-0001,bar-0001-english-oak-round-pub-table,English Oak Round Pub Table,tables/bar,0.78,0.78,1.05,4608,9192,2,1140622,8133067d29ccb345423c3001ef0306a8eace1435db69543ff4eb2fabff22e0ea,assets/tables/bar/bar-0001-english-oak-round-pub-table.usdz,previews/tables/bar/bar-0001-english-oak-round-pub-table.jpg
BAR-0002,bar-0002-irish-marble-cast-iron-bistro-table,Irish Marble Cast-Iron Bistro Table,tables/bar,0.7,0.7,1.04,1872,3528,2,640068,1dd27d9d445ae2ba9e288887031241d289edf6ac75cb046c96fd77f960bc501b,assets/tables/bar/bar-0002-irish-marble-cast-iron-bistro-table.usdz,previews/tables/bar/bar-0002-irish-marble-cast-iron-bistro-table.jpg
BAR-0003,bar-0003-shaker-maple-tavern-table,Shaker Maple Tavern Table,tables/bar,1.1,0.55,1.0,664,1292,1,327710,e9ea562b802eb28a7db30e757d6daf1243daa9e82357c33d2757178601177567,assets/tables/bar/bar-0003-shaker-maple-tavern-table.usdz,previews/tables/bar/bar-0003-shaker-maple-tavern-table.jpg
BAR-0004,bar-0004-french-walnut-wine-table,French Walnut Wine Table,tables/bar,0.65,0.65,1.02,4332,8496,1,792714,21c846b6529e4a5834cdb0603f312aaebc08bdbc31cd5c7a82a939fbe2da42dd,assets/tables/bar/bar-0004-french-walnut-wine-table.usdz,previews/tables/bar/bar-0004-french-walnut-wine-table.jpg
BAR-0005,bar-0005-reclaimed-elm-sawhorse-bar-table,Reclaimed Elm Sawhorse Bar Table,tables/bar,1.25,0.6,1.04,1408,2768,1,575975,918516eb40a4c7b6ed94f724a4cb7c8becd8a66b77fa3dfefa13a62ef40d65cf,assets/tables/bar/bar-0005-reclaimed-elm-sawhorse-bar-table.usdz,previews/tables/bar/bar-0005-reclaimed-elm-sawhorse-bar-table.jpg
BAR-0006,bar-0006-scandinavian-ash-standing-table,Scandinavian Ash Standing Table,tables/bar,1.2,0.55,1.01,1608,3104,2,586247,aa4bec1bd7e2a17a6a906b60652fb71cc632e160dd5ff6eff9e978c9a5012ef9,assets/tables/bar/bar-0006-scandinavian-ash-standing-table.usdz,previews/tables/bar/bar-0006-scandinavian-ash-standing-table.jpg
BAR-0007,bar-0007-mid-century-walnut-kidney-bar-table,Mid-Century Walnut Kidney Bar Table,tables/bar,1.1,0.62,1.02,3584,7152,2,1125643,c5321317a35132369bb98848bd32c495e55e93052804b2ca13bcb71c3d3cebb5,assets/tables/bar/bar-0007-mid-century-walnut-kidney-bar-table.usdz,previews/tables/bar/bar-0007-mid-century-walnut-kidney-bar-table.jpg
BAR-0008,bar-0008-bauhaus-chrome-smoked-glass-bar-table,Bauhaus Chrome Smoked-Glass Bar Table,tables/bar,0.9,0.9,1.05,8064,16100,2,1004652,c25e83fba7553cefeb214e2f8f186ce9498bfa7dc02b5f91b722c4090f8b7770,assets/tables/bar/bar-0008-bauhaus-chrome-smoked-glass-bar-table.usdz,previews/tables/bar/bar-0008-bauhaus-chrome-smoked-glass-bar-table.jpg
BAR-0009,bar-0009-white-stone-waterfall-bar-table,White Stone Waterfall Bar Table,tables/bar,1.4,0.6,1.02,840,1664,2,926419,af7d1b86112075f8bd023ae2de506b7bca82bcacaa6404c16ed7098521c495ae,assets/tables/bar/bar-0009-white-stone-waterfall-bar-table.usdz,previews/tables/bar/bar-0009-white-stone-waterfall-bar-table.jpg
BAR-0010,bar-0010-art-deco-fluted-brass-cocktail-table,Art Deco Fluted Brass Cocktail Table,tables/bar,0.8,0.8,1.04,3328,6572,3,768869,052e0b4ac1535f46d03a5d47f687acf7bb3e966cc5f6e00f01e79d0ee44d52ca,assets/tables/bar/bar-0010-art-deco-fluted-brass-cocktail-table.usdz,previews/tables/bar/bar-0010-art-deco-fluted-brass-cocktail-table.jpg
BAR-0011,bar-0011-industrial-oak-steel-communal-bar-table,Industrial Oak Steel Communal Bar Table,tables/bar,2.0,0.7,1.05,1056,2076,2,613001,7ce951fd2f1c3a95155c0f17d7d7bb4e7b35cacefd4781bbb0f81b9a2df28873,assets/tables/bar/bar-0011-industrial-oak-steel-communal-bar-table.usdz,previews/tables/bar/bar-0011-industrial-oak-steel-communal-bar-table.jpg
BAR-0012,bar-0012-restaurant-zinc-twin-pedestal-bar-table,Restaurant Zinc Twin-Pedestal Bar Table,tables/bar,1.4,0.6,1.04,2280,4424,2,614316,6c3e29f81097adb0687efe79542e4e1ed33e758b3d0e572022a4d13c3a190325,assets/tables/bar/bar-0012-restaurant-zinc-twin-pedestal-bar-table.usdz,previews/tables/bar/bar-0012-restaurant-zinc-twin-pedestal-bar-table.jpg
BAR-0013,bar-0013-live-edge-walnut-trestle-bar-table,Live-Edge Walnut Trestle Bar Table,tables/bar,1.8,0.65,1.05,1128,2220,2,682496,791be0e3c433e40c4e279d6bb449ec7c01cdbf0e62f047724a4e11e229263d9f,assets/tables/bar/bar-0013-live-edge-walnut-trestle-bar-table.usdz,previews/tables/bar/bar-0013-live-edge-walnut-trestle-bar-table.jpg
BAR-0014,bar-0014-library-oak-brass-rail-table,Library Oak Brass-Rail Table,tables/bar,1.5,0.55,1.04,1248,2456,2,893025,17cb55f6a5f56f1e18ec1830828e3463fdfa743b0bd7678ddc6e3db82978dbe0,assets/tables/bar/bar-0014-library-oak-brass-rail-table.usdz,previews/tables/bar/bar-0014-library-oak-brass-rail-table.jpg
BAR-0015,bar-0015-canteen-linoleum-communal-bar-table,Canteen Linoleum Communal Bar Table,tables/bar,1.6,0.65,1.03,1344,2660,3,559153,191c8f417aca8977ddb5b7854efa8318fbb4a2d07b5129d762c1111a0f4d223b,assets/tables/bar/bar-0015-canteen-linoleum-communal-bar-table.usdz,previews/tables/bar/bar-0015-canteen-linoleum-communal-bar-table.jpg
BAR-0016,bar-0016-teak-slatted-outdoor-bar-table,Teak Slatted Outdoor Bar Table,tables/bar,1.4,0.7,1.05,1728,3388,1,458075,d3719de6b6967efca814e96bcd022cf01fceb23b997f9426a3f1af923ea29d94,assets/tables/bar/bar-0016-teak-slatted-outdoor-bar-table.usdz,previews/tables/bar/bar-0016-teak-slatted-outdoor-bar-table.jpg
BAR-0017,bar-0017-brutalist-concrete-standing-table,Brutalist Concrete Standing Table,tables/bar,1.3,0.6,1.02,288,564,1,392440,bbb2e0732aaf16bedb98b92dc2d6d2076a84263bde5de6c503d10ae15806aec8,assets/tables/bar/bar-0017-brutalist-concrete-standing-table.usdz,previews/tables/bar/bar-0017-brutalist-concrete-standing-table.jpg
BAR-0018,bar-0018-fluted-travertine-pedestal-bar-table,Fluted Travertine Pedestal Bar Table,tables/bar,0.8,0.8,1.05,4672,9236,1,615330,3eaf7868b2090d22926ea36b9f5bc5a27d9d4c14223334f7dd794447b7ef8418,assets/tables/bar/bar-0018-fluted-travertine-pedestal-bar-table.usdz,previews/tables/bar/bar-0018-fluted-travertine-pedestal-bar-table.jpg
BAR-0019,bar-0019-perforated-aluminum-folded-bar-table,Perforated Aluminum Folded Bar Table,tables/bar,1.3,0.6,1.04,12280,24264,2,576906,9e5e411c46f0ea4e94d8fdb6edbd020f71b08c70a2525bdd79580414af628f8c,assets/tables/bar/bar-0019-perforated-aluminum-folded-bar-table.usdz,previews/tables/bar/bar-0019-perforated-aluminum-folded-bar-table.jpg
BAR-0020,bar-0020-cobalt-tile-mosaic-bar-table,Cobalt Tile Mosaic Bar Table,tables/bar,1.2,0.65,1.02,2384,4644,2,237576,415ccce1edaf245abe1ed517b58e14b9997f3e578a22d4bc727264a38d1feb07,assets/tables/bar/bar-0020-cobalt-tile-mosaic-bar-table.usdz,previews/tables/bar/bar-0020-cobalt-tile-mosaic-bar-table.jpg
COF-0001,cof-0001-georgian-mahogany-oval-stretcher-table,Georgian Mahogany Oval Stretcher Table,tables/coffee,1.08,0.68,0.43,1952,3872,1,456121,4988b4c77cd8101c09f1c740e0c0267dc954cc3407129f02de0e9030af79fe4c,assets/tables/coffee/cof-0001-georgian-mahogany-oval-stretcher-table.usdz,previews/tables/coffee/cof-0001-georgian-mahogany-oval-stretcher-table.jpg
COF-0002,cof-0002-french-oak-parquetry-drawer-table,French Oak Parquetry Drawer Table,tables/coffee,1.2,0.7,0.45,4320,8236,4,1627646,ce7ca1c990adccb8632b6f90bc64c0365565144618b7065b43ffb44c645eb404,assets/tables/coffee/cof-0002-french-oak-parquetry-drawer-table.usdz,previews/tables/coffee/cof-0002-french-oak-parquetry-drawer-table.jpg
COF-0003,cof-0003-japanese-cedar-low-tea-table,Japanese Cedar Low Tea Table,tables/coffee,0.95,0.6,0.32,896,1748,2,751728,deccff2d33293cfe8e5dafd2ff1856461620d1fd5ada2f66dccd259318275a6d,assets/tables/coffee/cof-0003-japanese-cedar-low-tea-table.usdz,previews/tables/coffee/cof-0003-japanese-cedar-low-tea-table.jpg
COF-0004,cof-0004-arts-and-crafts-oak-keyed-trestle-table,Arts-and-Crafts Oak Keyed Trestle Table,tables/coffee,1.1,0.65,0.42,688,1344,1,364845,e025a86c904f39af3108430779007df33e11b88fcfce9d8630b831da7aa19e2e,assets/tables/coffee/cof-0004-arts-and-crafts-oak-keyed-trestle-table.usdz,previews/tables/coffee/cof-0004-arts-and-crafts-oak-keyed-trestle-table.jpg
COF-0005,cof-0005-moroccan-brass-tray-folding-table,Moroccan Brass Tray Folding Table,tables/coffee,0.86,0.86,0.439825,5472,10904,2,1058036,2e4b3cad87dc71c9b82c5212576bc82b57b0665208af423baa8b11c7d2d2d1b1,assets/tables/coffee/cof-0005-moroccan-brass-tray-folding-table.usdz,previews/tables/coffee/cof-0005-moroccan-brass-tray-folding-table.jpg
COF-0006,cof-0006-scandinavian-ash-surfboard-table,Scandinavian Ash Surfboard Table,tables/coffee,1.25,0.58,0.4,784,1548,1,467979,00c3e5900761283bfeaa00403810eb890e9f69081f302ee8548f8da3a1bf77b9,assets/tables/coffee/cof-0006-scandinavian-ash-surfboard-table.usdz,previews/tables/coffee/cof-0006-scandinavian-ash-surfboard-table.jpg
COF-0007,cof-0007-mid-century-walnut-boomerang-table,Mid-Century Walnut Boomerang Table,tables/coffee,1.08,0.72,0.38,576,1136,1,549201,e5f0f4084b308c300a5835891fdeda0b3c3651ecc1da5d3000b64d7650e67219,assets/tables/coffee/cof-0007-mid-century-walnut-boomerang-table.usdz,previews/tables/coffee/cof-0007-mid-century-walnut-boomerang-table.jpg
COF-0008,cof-0008-bauhaus-chrome-smoked-glass-two-tier-table,Bauhaus Chrome Smoked-Glass Two-Tier Table,tables/coffee,1.05,0.62,0.42,2392,4664,2,678680,1350cfe0feeffc206534cbde2fd57cd46bfdcaff234d3e15e29d35768ec16421,assets/tables/coffee/cof-0008-bauhaus-chrome-smoked-glass-two-tier-table.usdz,previews/tables/coffee/cof-0008-bauhaus-chrome-smoked-glass-two-tier-table.jpg
COF-0009,cof-0009-white-stone-offset-monolith-table,White Stone Offset Monolith Table,tables/coffee,1.2,0.65,0.34,520,1028,1,525351,0ab9ce98c4534611a871b37cc1cdbc363b8338e84a7b0febf05e4938dfe028c5,assets/tables/coffee/cof-0009-white-stone-offset-monolith-table.usdz,previews/tables/coffee/cof-0009-white-stone-offset-monolith-table.jpg
COF-0010,cof-0010-vermilion-lacquer-drum-table,Vermilion Lacquer Drum Table,tables/coffee,0.88,0.88,0.36,1664,3316,2,300764,47426ee4d8ac1f1bbe7f9be5a7fc977482dbbfca7923bd9b8d3942c8998d0224,assets/tables/coffee/cof-0010-vermilion-lacquer-drum-table.usdz,previews/tables/coffee/cof-0010-vermilion-lacquer-drum-table.jpg
COF-0011,cof-0011-oak-slide-open-storage-table,Oak Slide-Open Storage Table,tables/coffee,1.2,0.65,0.43,936,1828,2,508907,5b2b99de708407249c81a88ff12569a539307c411e15ed7681f722ddb7e13224,assets/tables/coffee/cof-0011-oak-slide-open-storage-table.usdz,previews/tables/coffee/cof-0011-oak-slide-open-storage-table.jpg
COF-0012,cof-0012-oak-glass-shadow-box-display-table,Oak Glass Shadow-Box Display Table,tables/coffee,1.1,0.65,0.43,976,1892,3,719566,bbddf4a28a11ab952a8464ca4a6903bb33de5958689416b7d0d2b89fb3a2a279,assets/tables/coffee/cof-0012-oak-glass-shadow-box-display-table.usdz,previews/tables/coffee/cof-0012-oak-glass-shadow-box-display-table.jpg
COF-0013,cof-0013-matte-black-modular-cube-cluster-table,Matte-Black Modular Cube Cluster Table,tables/coffee,1.05,0.75,0.39,576,1128,2,158311,6924eda78b678f8559e971650a6345caccaee9d41fdcb971919c195bc03b9837,assets/tables/coffee/cof-0013-matte-black-modular-cube-cluster-table.usdz,previews/tables/coffee/cof-0013-matte-black-modular-cube-cluster-table.jpg
COF-0014,cof-0014-industrial-crank-height-cast-iron-table,Industrial Crank-Height Cast-Iron Table,tables/coffee,0.9,0.9,0.45,7776,15476,2,994635,b985ba6d0224e10f890cb3f5b048e52eee9244d720ee079dec2a99dd1e64c49a,assets/tables/coffee/cof-0014-industrial-crank-height-cast-iron-table.usdz,previews/tables/coffee/cof-0014-industrial-crank-height-cast-iron-table.jpg
COF-0015,cof-0015-woven-rattan-trunk-coffee-table,Woven Rattan Trunk Coffee Table,tables/coffee,1.15,0.65,0.45,7648,14800,4,1911665,5f4de226565bb7260e3fd18fcb384e89134f45c15348c31c9cb188f2102bbf8d,assets/tables/coffee/cof-0015-woven-rattan-trunk-coffee-table.usdz,previews/tables/coffee/cof-0015-woven-rattan-trunk-coffee-table.jpg
COF-0016,cof-0016-sculptural-glass-interlocking-walnut-table,Sculptural Glass Interlocking-Walnut Table,tables/coffee,1.15,0.78,0.4,1584,3048,3,1230047,96d155ec5678b24997e9f7cf82ac5c1161695185b8b8811cbe9a368455cf092d,assets/tables/coffee/cof-0016-sculptural-glass-interlocking-walnut-table.usdz,previews/tables/coffee/cof-0016-sculptural-glass-interlocking-walnut-table.jpg
COF-0017,cof-0017-travertine-pill-twin-pier-table,Travertine Pill Twin-Pier Table,tables/coffee,1.1,0.62,0.34,1168,2324,1,552078,dc905a896d12d72021c800a1630910c30fb1216dbc327035ae993c0909b9e00d,assets/tables/coffee/cof-0017-travertine-pill-twin-pier-table.usdz,previews/tables/coffee/cof-0017-travertine-pill-twin-pier-table.jpg
COF-0018,cof-0018-cast-concrete-hollow-arch-table,Cast-Concrete Hollow-Arch Table,tables/coffee,1.15,0.6,0.38,908,1812,1,455840,25da7d00da871fd0cd27a4e966170767f9f248215ab52eef4f0fe0e683ae57cf,assets/tables/coffee/cof-0018-cast-concrete-hollow-arch-table.usdz,previews/tables/coffee/cof-0018-cast-concrete-hollow-arch-table.jpg
COF-0019,cof-0019-teak-slatted-outdoor-shelf-table,Teak Slatted Outdoor Shelf Table,tables/coffee,1.2,0.7,0.4,1888,3664,1,439597,81ce3d323568bc4f642d0a9652685dabd3835af3a6604ffe3b46fe1b0dbfcee1,assets/tables/coffee/cof-0019-teak-slatted-outdoor-shelf-table.usdz,previews/tables/coffee/cof-0019-teak-slatted-outdoor-shelf-table.jpg
COF-0020,cof-0020-cobalt-cream-checker-mosaic-table,Cobalt-Cream Checker Mosaic Table,tables/coffee,0.92,0.92,0.38,9544,18420,3,541332,ad12f41a92e956340d82008edc777cd72cf7e00fc04662b9d509eb54df71ebfd,assets/tables/coffee/cof-0020-cobalt-cream-checker-mosaic-table.usdz,previews/tables/coffee/cof-0020-cobalt-cream-checker-mosaic-table.jpg
CON-0001,con-0001-georgian-mahogany-bow-front-drawer-console,Georgian Mahogany Bow-Front Drawer Console,tables/console,1.2,0.38,0.82,1432,2816,2,820060,ca16c3efc42a23741ee71d19d24e6c2bcacf124f361205ff0ba1051c14eea0c4,assets/tables/console/con-0001-georgian-mahogany-bow-front-drawer-console.usdz,previews/tables/console/con-0001-georgian-mahogany-bow-front-drawer-console.jpg
CON-0002,con-0002-louis-xv-oak-marble-demilune-console,Louis XV Oak-Marble Demilune Console,tables/console,1.1,0.42,0.83,2088,3948,3,1496047,84e5d99d64e38e327bea2e3e1e8f153e000155fed6e502b2a6070c75f67451fc,assets/tables/console/con-0002-louis-xv-oak-marble-demilune-console.usdz,previews/tables/console/con-0002-louis-xv-oak-marble-demilune-console.jpg
CON-0003,con-0003-shaker-cherry-two-drawer-console,Shaker Cherry Two-Drawer Console,tables/console,1.15,0.36,0.79,872,1704,1,447689,aae869a792f43bb95d191b87cc2a7778d0731de36795ea3a063e4e7a8699a558,assets/tables/console/con-0003-shaker-cherry-two-drawer-console.usdz,previews/tables/console/con-0003-shaker-cherry-two-drawer-console.jpg
CON-0004,con-0004-ming-elm-altar-console,Ming Elm Altar Console,tables/console,1.4,0.38,0.86,2000,3680,1,540121,ec415b70f565b3bc0a4383580714c9a67b3247ee547b0a572584067f5a6e6ed7,assets/tables/console/con-0004-ming-elm-altar-console.usdz,previews/tables/console/con-0004-ming-elm-altar-console.jpg
CON-0005,con-0005-arts-and-crafts-oak-through-tenon-console,Arts-and-Crafts Oak Through-Tenon Console,tables/console,1.3,0.4,0.82,472,916,1,501256,e9261f7ef8b9095aaff2cc5d4de8670f88ed9baa2495dda4b15baef55816ec2d,assets/tables/console/con-0005-arts-and-crafts-oak-through-tenon-console.usdz,previews/tables/console/con-0005-arts-and-crafts-oak-through-tenon-console.jpg
CON-0006,con-0006-scandinavian-ash-waterfall-console,Scandinavian Ash Waterfall Console,tables/console,1.25,0.34,0.78,1152,2292,1,509263,7497c75cfe1d26fb8c04d377cd84607f60bd98c79ae1b4f13478126b6ae30d55,assets/tables/console/con-0006-scandinavian-ash-waterfall-console.usdz,previews/tables/console/con-0006-scandinavian-ash-waterfall-console.jpg
CON-0007,con-0007-mid-century-walnut-floating-drawer-console,Mid-Century Walnut Floating-Drawer Console,tables/console,1.3,0.35,0.8,1128,2212,3,918765,75cc55b5b5b0d3a2d7c584fc116a67c9dc85168434e8970fd500a73844c036d0,assets/tables/console/con-0007-mid-century-walnut-floating-drawer-console.usdz,previews/tables/console/con-0007-mid-century-walnut-floating-drawer-console.jpg
CON-0008,con-0008-bauhaus-chrome-clear-glass-cantilever-console,Bauhaus Chrome Clear-Glass Cantilever Console,tables/console,1.2,0.36,0.78,1248,2384,2,718314,56bbd59806a7c03ab97c3db31cd6fccc7ea5d56d983affd298b34dcb7ccff7c6,assets/tables/console/con-0008-bauhaus-chrome-clear-glass-cantilever-console.usdz,previews/tables/console/con-0008-bauhaus-chrome-clear-glass-cantilever-console.jpg
CON-0009,con-0009-minimal-white-oak-portal-console,Minimal White-Oak Portal Console,tables/console,1.35,0.33,0.8,400,780,2,544799,ac6b590d17d671d5b2067de23635720d26bff503c40a63a43609029d97a9ef31,assets/tables/console/con-0009-minimal-white-oak-portal-console.usdz,previews/tables/console/con-0009-minimal-white-oak-portal-console.jpg
CON-0010,con-0010-smoked-glass-bent-waterfall-console,Smoked-Glass Bent Waterfall Console,tables/console,1.2,0.35,0.78,1464,2916,1,143728,3ce45f8db3760b11cc004d4c7f22899094e18b9a349d951dda2419c6295806a1,assets/tables/console/con-0010-smoked-glass-bent-waterfall-console.usdz,previews/tables/console/con-0010-smoked-glass-bent-waterfall-console.jpg
CON-0011,con-0011-entryway-oak-cubby-drawer-console,Entryway Oak Cubby-Drawer Console,tables/console,1.2,0.38,0.82,1096,2136,2,582226,6c6387f3c06ead2c0aedacab3bd9e63316ce007a6902fe36dedc6a4445585696,assets/tables/console/con-0011-entryway-oak-cubby-drawer-console.usdz,previews/tables/console/con-0011-entryway-oak-cubby-drawer-console.jpg
CON-0012,con-0012-black-steel-mesh-shoe-shelf-console,Black-Steel Mesh Shoe-Shelf Console,tables/console,1.1,0.35,0.78,4104,8048,3,739096,a2ed123ee4ded7058f4cdd84f77b940427b8467e54f1c249bafb58767f4a4b81,assets/tables/console/con-0012-black-steel-mesh-shoe-shelf-console.usdz,previews/tables/console/con-0012-black-steel-mesh-shoe-shelf-console.jpg
CON-0013,con-0013-rattan-cane-front-drawer-console,Rattan Cane-Front Drawer Console,tables/console,1.15,0.4,0.8,3436,6580,3,1567821,c81d13e389a58e921ebad7bb7ee2b5c67086496e24336c14f054bdb4f90fd955,assets/tables/console/con-0013-rattan-cane-front-drawer-console.usdz,previews/tables/console/con-0013-rattan-cane-front-drawer-console.jpg
CON-0014,con-0014-reclaimed-wood-pipe-frame-console,Reclaimed-Wood Pipe-Frame Console,tables/console,1.4,0.4,0.84,2112,4176,2,699640,03b540a414f4cd3f70285c0d01183eb6e8954ba0ed51854e7ae6c437e987fe94,assets/tables/console/con-0014-reclaimed-wood-pipe-frame-console.usdz,previews/tables/console/con-0014-reclaimed-wood-pipe-frame-console.jpg
CON-0015,con-0015-flip-top-charging-hall-console,Flip-Top Charging Hall Console,tables/console,1.0,0.300002,0.799998,1880,3712,3,717652,acf05b77b62b6ef70a7745a864a0a0c780d8a1cc607ff19df55cdb48fc78d180,assets/tables/console/con-0015-flip-top-charging-hall-console.usdz,previews/tables/console/con-0015-flip-top-charging-hall-console.jpg
CON-0016,con-0016-travertine-triple-arch-console,Travertine Triple-Arch Console,tables/console,1.3,0.38,0.82,2048,3968,1,538154,deba2990ba20eeff43a110c368986878369ab764b48ffabeba826039c962b303,assets/tables/console/con-0016-travertine-triple-arch-console.usdz,previews/tables/console/con-0016-travertine-triple-arch-console.jpg
CON-0017,con-0017-vermilion-lacquer-folded-ribbon-console,Vermilion-Lacquer Folded-Ribbon Console,tables/console,1.2,0.35,0.8,440,876,1,198873,d5eaab816e8f85d872988ebe2b2007b2810d5164edaca1ae85a648271a70a8db,assets/tables/console/con-0017-vermilion-lacquer-folded-ribbon-console.usdz,previews/tables/console/con-0017-vermilion-lacquer-folded-ribbon-console.jpg
CON-0018,con-0018-brutalist-concrete-asymmetric-fin-console,Brutalist Concrete Asymmetric-Fin Console,tables/console,1.4,0.4,0.78,384,752,1,406925,ce7625fc0103ace8914e1bfd751a91e96b0936a0ca1d656190ae98277d41b571,assets/tables/console/con-0018-brutalist-concrete-asymmetric-fin-console.usdz,previews/tables/console/con-0018-brutalist-concrete-asymmetric-fin-console.jpg
CON-0019,con-0019-teak-slatted-outdoor-console,Teak Slatted Outdoor Console,tables/console,1.25,0.42,0.82,1504,2912,1,436392,4a3a19e557df425fcabb0c9b62d84bbb5d8caed9be7a8a8ddc4fd0f5d10285b2,assets/tables/console/con-0019-teak-slatted-outdoor-console.usdz,previews/tables/console/con-0019-teak-slatted-outdoor-console.jpg
CON-0020,con-0020-cobalt-cream-mosaic-serpentine-console,Cobalt-Cream Mosaic Serpentine Console,tables/console,1.2,0.4,0.82,11884,23412,3,697816,923b9e1d617f053b1917dc5866efd342ff43081df2e033830f503e1fa4a4351f,assets/tables/console/con-0020-cobalt-cream-mosaic-serpentine-console.usdz,previews/tables/console/con-0020-cobalt-cream-mosaic-serpentine-console.jpg
SID-0001,sid-0001-georgian-mahogany-tripod-wine-side-table,Georgian Mahogany Tripod Wine Side Table,tables/side,0.48,0.48,0.62,2188,4212,1,520008,ff6e16906e13793c18fde0921b18d41c0087eee31d49aedb7cb956d18f5cb434,assets/tables/side/sid-0001-georgian-mahogany-tripod-wine-side-table.usdz,previews/tables/side/sid-0001-georgian-mahogany-tripod-wine-side-table.jpg
SID-0002,sid-0002-arts-and-crafts-oak-keyed-trestle-side-table,Arts-and-Crafts Oak Keyed-Trestle Side Table,tables/side,0.52,0.45,0.58,472,916,1,426672,e3c2698c6da521ea3660428de2295d39646083f04a9ca5eb76cbce52807a4b97,assets/tables/side/sid-0002-arts-and-crafts-oak-keyed-trestle-side-table.usdz,previews/tables/side/sid-0002-arts-and-crafts-oak-keyed-trestle-side-table.jpg
SID-0003,sid-0003-japanese-sugi-kumiko-lattice-side-table,Japanese Sugi Kumiko-Lattice Side Table,tables/side,0.5,0.42,0.55,1592,3096,1,449770,a886ea39dd710617fc7ccbda95db27b8b0538857fb291ad9a1c8d66d1734e201,assets/tables/side/sid-0003-japanese-sugi-kumiko-lattice-side-table.usdz,previews/tables/side/sid-0003-japanese-sugi-kumiko-lattice-side-table.jpg
SID-0004,sid-0004-louis-xv-oak-marble-one-drawer-side-table,Louis XV Oak-Marble One-Drawer Side Table,tables/side,0.45,0.38,0.66,2200,4176,3,1432095,41af90298d4b2d9b4e0e436f1356945fd0537260c579b54909b7e6ffff7142c4,assets/tables/side/sid-0004-louis-xv-oak-marble-one-drawer-side-table.usdz,previews/tables/side/sid-0004-louis-xv-oak-marble-one-drawer-side-table.jpg
SID-0005,sid-0005-shaker-cherry-sewing-side-table,Shaker Cherry Sewing Side Table,tables/side,0.5,0.399967,0.600062,1176,2300,2,860322,e4ef3a819a7f485a1e095ee046b291b54c17c80d181563fd2981200e1420faa0,assets/tables/side/sid-0005-shaker-cherry-sewing-side-table.usdz,previews/tables/side/sid-0005-shaker-cherry-sewing-side-table.jpg
SID-0006,sid-0006-mid-century-walnut-triangular-hairpin-side-table,Mid-Century Walnut Triangular-Hairpin Side Table,tables/side,0.52,0.48,0.52,1044,1928,2,601577,5d14ad36e59518550f087263a593fc8afd8cc8b5f9711952a256bfd42d6d5cc8,assets/tables/side/sid-0006-mid-century-walnut-triangular-hairpin-side-table.usdz,previews/tables/side/sid-0006-mid-century-walnut-triangular-hairpin-side-table.jpg
SID-0007,sid-0007-scandinavian-ash-c-sofa-side-table,Scandinavian Ash C-Sofa Side Table,tables/side,0.42,0.32,0.64,552,1088,1,489954,f692c82b9bdbf91248d4912442685f58b26b846669a97553cdea84f9c42b8988,assets/tables/side/sid-0007-scandinavian-ash-c-sofa-side-table.usdz,previews/tables/side/sid-0007-scandinavian-ash-c-sofa-side-table.jpg
SID-0008,sid-0008-smoked-glass-bent-nesting-side-table-pair,Smoked-Glass Bent Nesting Side-Table Pair,tables/side,0.5,0.4,0.54,1296,2568,1,230155,127fb164c9bb11e7affc563dbb0eedd090bfbb5ae19c64d4249a53512389c8a9,assets/tables/side/sid-0008-smoked-glass-bent-nesting-side-table-pair.usdz,previews/tables/side/sid-0008-smoked-glass-bent-nesting-side-table-pair.jpg
SID-0009,sid-0009-terrazzo-mushroom-pedestal-side-table,Terrazzo Mushroom-Pedestal Side Table,tables/side,0.46,0.46,0.52,648,1292,1,502008,96520ee477c94677c62126c10f6e671eaf0da63eb0c2f5c5f12821d607641e4a,assets/tables/side/sid-0009-terrazzo-mushroom-pedestal-side-table.usdz,previews/tables/side/sid-0009-terrazzo-mushroom-pedestal-side-table.jpg
SID-0010,sid-0010-clear-acrylic-waterfall-magazine-side-table,Clear-Acrylic Waterfall Magazine Side Table,tables/side,0.45,0.35,0.55,1448,2776,1,292774,695be67866306737664546cade7e8d5cd4a6344a5998d01ecc8d30dcc1da8131,assets/tables/side/sid-0010-clear-acrylic-waterfall-magazine-side-table.usdz,previews/tables/side/sid-0010-clear-acrylic-waterfall-magazine-side-table.jpg
SID-0011,sid-0011-oak-tambour-drum-storage-side-table,Oak Tambour-Drum Storage Side Table,tables/side,0.48,0.48,0.58,17152,34156,2,1382551,8a0073400bb614fd792ca134008972928538472f9aacac0943212c26faad8a74,assets/tables/side/sid-0011-oak-tambour-drum-storage-side-table.usdz,previews/tables/side/sid-0011-oak-tambour-drum-storage-side-table.jpg
SID-0012,sid-0012-green-marble-brass-two-tier-side-table,Green-Marble Brass Two-Tier Side Table,tables/side,0.46,0.38,0.6,3008,5960,2,875971,07dffa78975440a2764d3f476d62858de0934de5e99b16d3c284fef6e6dd45a7,assets/tables/side/sid-0012-green-marble-brass-two-tier-side-table.usdz,previews/tables/side/sid-0012-green-marble-brass-two-tier-side-table.jpg
SID-0013,sid-0013-wireless-charging-oak-drawer-side-table,Wireless-Charging Oak Drawer Side Table,tables/side,0.45,0.4,0.58,1368,2700,3,717551,46642d03c281e5da3e91d361ce7da5cbc4e31be7eeb6acebe75464fe0c284ecb,assets/tables/side/sid-0013-wireless-charging-oak-drawer-side-table.usdz,previews/tables/side/sid-0013-wireless-charging-oak-drawer-side-table.jpg
SID-0014,sid-0014-rolling-black-steel-adjustable-laptop-side-table,Rolling Black-Steel Adjustable Laptop Side Table,tables/side,0.48,0.36,0.68,1496,2948,1,192396,513b6b2a44222982a824576ad7b29cbf0cc83a91d63dc45483d207e543861d3a,assets/tables/side/sid-0014-rolling-black-steel-adjustable-laptop-side-table.usdz,previews/tables/side/sid-0014-rolling-black-steel-adjustable-laptop-side-table.jpg
SID-0015,sid-0015-rattan-hamper-tray-top-side-table,Rattan Hamper Tray-Top Side Table,tables/side,0.46,0.459999,0.550004,30536,60884,3,3277554,f4df9770b3bd51e9eb43b6efd805fd258687da8cb3ea1bc8c8917b031a1ffd8e,assets/tables/side/sid-0015-rattan-hamper-tray-top-side-table.usdz,previews/tables/side/sid-0015-rattan-hamper-tray-top-side-table.jpg
SID-0016,sid-0016-travertine-hourglass-side-table,Travertine Hourglass Side Table,tables/side,0.44,0.44,0.52,576,1148,1,537540,c22f42366c251c26b8e5863078291181917245d97e394635525f9f9571804ba1,assets/tables/side/sid-0016-travertine-hourglass-side-table.usdz,previews/tables/side/sid-0016-travertine-hourglass-side-table.jpg
SID-0017,sid-0017-cobalt-ceramic-twisted-column-side-table,Cobalt-Ceramic Twisted-Column Side Table,tables/side,0.42,0.42,0.5,15340,30512,1,1093939,06b15e569b3250b6eae7f8f45cee9704a93de7f232014ba85a5f4760ac6add0c,assets/tables/side/sid-0017-cobalt-ceramic-twisted-column-side-table.usdz,previews/tables/side/sid-0017-cobalt-ceramic-twisted-column-side-table.jpg
SID-0018,sid-0018-brutalist-concrete-zigzag-side-table,Brutalist Concrete Zigzag Side Table,tables/side,0.45,0.4,0.5,456,908,1,410830,8ec53b3c3da31957590487ed41e9af7a4e91f12262cf52606e9bdae544eda607,assets/tables/side/sid-0018-brutalist-concrete-zigzag-side-table.usdz,previews/tables/side/sid-0018-brutalist-concrete-zigzag-side-table.jpg
SID-0019,sid-0019-teak-slatted-cube-outdoor-side-table,Teak Slatted-Cube Outdoor Side Table,tables/side,0.48,0.48,0.48,1336,2588,1,441918,126097a22a3618400f01f77545cc22002e2811825c279b9adb1bc5560bb4ec27,assets/tables/side/sid-0019-teak-slatted-cube-outdoor-side-table.usdz,previews/tables/side/sid-0019-teak-slatted-cube-outdoor-side-table.jpg
SID-0020,sid-0020-recycled-plastic-stacked-ring-side-table,Recycled-Plastic Stacked-Ring Side Table,tables/side,0.44,0.44,0.48,10752,21468,5,2637699,e757cff54e8e9905b14dcd184796ab58c6473a1e4e4a77a9d5a8d4bb2b5c3c9f,assets/tables/side/sid-0020-recycled-plastic-stacked-ring-side-table.usdz,previews/tables/side/sid-0020-recycled-plastic-stacked-ring-side-table.jpg
CUT-0001,cut-0001-brushed-five-piece-teardrop-place-setting,Brushed Five-Piece Teardrop Place Setting,tableware-utensils/cutlery,0.21,0.27,0.018,3148,6216,1,639005,83df8c254719b273c5def0ae56e1cad3844ec973da485c2a369da990fc6f9520,assets/tableware-utensils/cutlery/cut-0001-brushed-five-piece-teardrop-place-setting.usdz,previews/tableware-utensils/cutlery/cut-0001-brushed-five-piece-teardrop-place-setting.jpg
CUT-0002,cut-0002-polished-four-piece-arc-handle-place-setting,Polished Four-Piece Arc-Handle Place Setting,tableware-utensils/cutlery,0.18,0.26,0.02,2556,5056,1,629506,4cd2522b66ff7fcc1c5d4dd7e7d83612486782a64c2e65303ee596854a606180,assets/tableware-utensils/cutlery/cut-0002-polished-four-piece-arc-handle-place-setting.usdz,previews/tableware-utensils/cutlery/cut-0002-polished-four-piece-arc-handle-place-setting.jpg
CUT-0003,cut-0003-black-five-piece-square-end-place-setting,Black Five-Piece Square-End Place Setting,tableware-utensils/cutlery,0.21,0.27,0.018,3148,6216,1,322507,e3209b91ef6c3356186f0dd2898f6b17f5df229bc9e365ae7ddc795fc378cdc1,assets/tableware-utensils/cutlery/cut-0003-black-five-piece-square-end-place-setting.usdz,previews/tableware-utensils/cutlery/cut-0003-black-five-piece-square-end-place-setting.jpg
CUT-0004,cut-0004-gold-five-piece-tapered-place-setting,Gold Five-Piece Tapered Place Setting,tableware-utensils/cutlery,0.21,0.27,0.018,3148,6216,1,601451,657cddd73ba8b9e537eeec6aa3078a61ce5ec92007b7f5f64e6861dacc80b310,assets/tableware-utensils/cutlery/cut-0004-gold-five-piece-tapered-place-setting.usdz,previews/tableware-utensils/cutlery/cut-0004-gold-five-piece-tapered-place-setting.jpg
CUT-0005,cut-0005-hammered-four-piece-round-end-place-setting,Hammered Four-Piece Round-End Place Setting,tableware-utensils/cutlery,0.18,0.26,0.022,2556,5056,2,1046488,46a797590e6916c8bb66179db1f2af590986d5a6be44c32d5b359164bf87a183,assets/tableware-utensils/cutlery/cut-0005-hammered-four-piece-round-end-place-setting.usdz,previews/tableware-utensils/cutlery/cut-0005-hammered-four-piece-round-end-place-setting.jpg
CUT-0006,cut-0006-silver-four-tine-dinner-fork,Silver Four-Tine Dinner Fork,tableware-utensils/cutlery,0.03,0.21,0.012,592,1160,1,506068,efb7596e1caf1c2df56714be5dcc62a7b4a12e5a5e6b0864a78e7875ee72792d,assets/tableware-utensils/cutlery/cut-0006-silver-four-tine-dinner-fork.usdz,previews/tableware-utensils/cutlery/cut-0006-silver-four-tine-dinner-fork.jpg
CUT-0007,cut-0007-silver-three-tine-oyster-fork,Silver Three-Tine Oyster Fork,tableware-utensils/cutlery,0.026,0.155,0.01,600,1180,1,506519,287a5c2fbc669ad1c639e94fe3556b8a895daa1e361959c082013da564d66857,assets/tableware-utensils/cutlery/cut-0007-silver-three-tine-oyster-fork.usdz,previews/tableware-utensils/cutlery/cut-0007-silver-three-tine-oyster-fork.jpg
CUT-0008,cut-0008-gold-two-tine-carving-fork,Gold Two-Tine Carving Fork,tableware-utensils/cutlery,0.034,0.225,0.015,480,944,1,436142,45c1aa37eee4d3f55433a5e9f387a705c1f96e8769f1aef36f001d9b5bb0bfbe,assets/tableware-utensils/cutlery/cut-0008-gold-two-tine-carving-fork.usdz,previews/tableware-utensils/cutlery/cut-0008-gold-two-tine-carving-fork.jpg
CUT-0009,cut-0009-black-four-tine-dessert-fork,Black Four-Tine Dessert Fork,tableware-utensils/cutlery,0.027,0.18,0.01,592,1160,1,163036,4e366610d70b0cbea060072062b525404d2b32d11e5f2fcd86f5238ffd66cf18,assets/tableware-utensils/cutlery/cut-0009-black-four-tine-dessert-fork.usdz,previews/tableware-utensils/cutlery/cut-0009-black-four-tine-dessert-fork.jpg
CUT-0010,cut-0010-brass-four-tine-pastry-fork,Brass Four-Tine Pastry Fork,tableware-utensils/cutlery,0.034,0.17,0.01,624,1224,1,428983,aff899b5e2dae56f8f44e20bdf6b430da4aef8ac800df9c0930d5de9c3a5995b,assets/tableware-utensils/cutlery/cut-0010-brass-four-tine-pastry-fork.usdz,previews/tableware-utensils/cutlery/cut-0010-brass-four-tine-pastry-fork.jpg
CUT-0011,cut-0011-silver-oval-tablespoon,Silver Oval Tablespoon,tableware-utensils/cutlery,0.045,0.205,0.018,866,1720,1,523982,859c96e85b75b64478819ce9b2f9928189b6109ba501ce2165bfcab7dac8c867,assets/tableware-utensils/cutlery/cut-0011-silver-oval-tablespoon.usdz,previews/tableware-utensils/cutlery/cut-0011-silver-oval-tablespoon.jpg
CUT-0012,cut-0012-silver-round-soup-spoon,Silver Round Soup Spoon,tableware-utensils/cutlery,0.05,0.19,0.02,866,1720,1,524181,26262112c2df1f16220d244638376af764da6674a60a0640f49a93f66e971a54,assets/tableware-utensils/cutlery/cut-0012-silver-round-soup-spoon.usdz,previews/tableware-utensils/cutlery/cut-0012-silver-round-soup-spoon.jpg
CUT-0013,cut-0013-black-long-iced-tea-spoon,Black Long Iced-Tea Spoon,tableware-utensils/cutlery,0.034,0.23,0.015,866,1720,1,181265,86348ab1d2abbb55d53277b4c560925fcab25acde04fd72add9220c475cedbc0,assets/tableware-utensils/cutlery/cut-0013-black-long-iced-tea-spoon.usdz,previews/tableware-utensils/cutlery/cut-0013-black-long-iced-tea-spoon.jpg
CUT-0014,cut-0014-gold-twelve-serration-grapefruit-spoon,Gold Twelve-Serration Grapefruit Spoon,tableware-utensils/cutlery,0.036,0.17,0.015,1730,3400,1,515346,6440072255cb778c7bcc6d1759e9399a7e83fa29222f35ffceb07cff303bf226,assets/tableware-utensils/cutlery/cut-0014-gold-twelve-serration-grapefruit-spoon.usdz,previews/tableware-utensils/cutlery/cut-0014-gold-twelve-serration-grapefruit-spoon.jpg
CUT-0015,cut-0015-steel-five-slot-serving-spoon,Steel Five-Slot Serving Spoon,tableware-utensils/cutlery,0.058,0.245,0.02,1804,3620,1,574626,39fe12e35c70b7cb8b49830a9870888d43388eb41470323817b24017902a37e1,assets/tableware-utensils/cutlery/cut-0015-steel-five-slot-serving-spoon.usdz,previews/tableware-utensils/cutlery/cut-0015-steel-five-slot-serving-spoon.jpg
CUT-0016,cut-0016-silver-eighteen-serration-dinner-knife,Silver Eighteen-Serration Dinner Knife,tableware-utensils/cutlery,0.028,0.225,0.014,1528,2976,1,565126,fd1384cfa56a5f29813781d6c9dcc1c72a6e72fe32a2b55ee3d654d828aedf0e,assets/tableware-utensils/cutlery/cut-0016-silver-eighteen-serration-dinner-knife.usdz,previews/tableware-utensils/cutlery/cut-0016-silver-eighteen-serration-dinner-knife.jpg
CUT-0017,cut-0017-cream-three-rivet-butter-spreader,Cream Three-Rivet Butter Spreader,tableware-utensils/cutlery,0.03,0.18,0.016,1104,2188,3,1086378,26dd16fdae8314f8cf58d50633d36d335698647f6f7687eca70ae072cf19a139,assets/tableware-utensils/cutlery/cut-0017-cream-three-rivet-butter-spreader.usdz,previews/tableware-utensils/cutlery/cut-0017-cream-three-rivet-butter-spreader.jpg
CUT-0018,cut-0018-brass-broad-blade-fish-knife,Brass Broad-Blade Fish Knife,tableware-utensils/cutlery,0.038,0.21,0.012,416,824,1,418489,dc25ecfdfc5cd3792c80332086657b78289f45a213f1fa047899bb935652f8a9,assets/tableware-utensils/cutlery/cut-0018-brass-broad-blade-fish-knife.usdz,previews/tableware-utensils/cutlery/cut-0018-brass-broad-blade-fish-knife.jpg
CUT-0019,cut-0019-walnut-three-rivet-steak-knife,Walnut Three-Rivet Steak Knife,tableware-utensils/cutlery,0.03,0.235,0.02,2488,4884,2,933462,f5372b0a5c35724937cbc15e88dc00757c1683953304c0416dab92fa2e1b83fa,assets/tableware-utensils/cutlery/cut-0019-walnut-three-rivet-steak-knife.usdz,previews/tableware-utensils/cutlery/cut-0019-walnut-three-rivet-steak-knife.jpg
CUT-0020,cut-0020-steel-three-hole-cheese-spreader,Steel Three-Hole Cheese Spreader,tableware-utensils/cutlery,0.04,0.185,0.014,1948,3900,1,608255,cfbada8ea06ef5a27c9b215ee05eb09c8ec7fb7f5b8a1113862c18525e2142dd,assets/tableware-utensils/cutlery/cut-0020-steel-three-hole-cheese-spreader.usdz,previews/tableware-utensils/cutlery/cut-0020-steel-three-hole-cheese-spreader.jpg
GLW-0001,glw-0001-clear-heavy-base-water-tumbler,Clear Heavy-Base Water Tumbler,tableware-utensils/glassware,0.085,0.085,0.105,1857,3710,1,285814,4e58329717773f05fec29513cf3f930646c8138e670ed0fd989e9704a3437b4d,assets/tableware-utensils/glassware/glw-0001-clear-heavy-base-water-tumbler.usdz,previews/tableware-utensils/glassware/glw-0001-clear-heavy-base-water-tumbler.jpg
GLW-0002,glw-0002-amber-twelve-flute-lowball-glass,Amber Twelve-Flute Lowball Glass,tableware-utensils/glassware,0.09,0.09,0.095,5137,9646,1,426496,aaee1dd8bf255cd732e1b4a7e8bc36376b74e8f5dfa9a4fe27a635a0114e7dba,assets/tableware-utensils/glassware/glw-0002-amber-twelve-flute-lowball-glass.usdz,previews/tableware-utensils/glassware/glw-0002-amber-twelve-flute-lowball-glass.jpg
GLW-0003,glw-0003-smoke-eight-facet-highball-glass,Smoke Eight-Facet Highball Glass,tableware-utensils/glassware,0.075,0.075,0.155,513,1022,1,81963,cbd05a483f69c108baba80c860e71e4756fca8c0d051dfa9a5a19f2be9b4d185,assets/tableware-utensils/glassware/glw-0003-smoke-eight-facet-highball-glass.usdz,previews/tableware-utensils/glassware/glw-0003-smoke-eight-facet-highball-glass.jpg
GLW-0004,glw-0004-cobalt-ten-rib-collins-glass,Cobalt Ten-Rib Collins Glass,tableware-utensils/glassware,0.07,0.07,0.18,5177,9830,2,614426,98a10b441099c24b5a9aad61f6b1bc63482edfbbcefd494dc57cdb0e622e68de,assets/tableware-utensils/glassware/glw-0004-cobalt-ten-rib-collins-glass.usdz,previews/tableware-utensils/glassware/glw-0004-cobalt-ten-rib-collins-glass.jpg
GLW-0005,glw-0005-clear-stackable-step-waist-tumbler,Clear Stackable Step-Waist Tumbler,tableware-utensils/glassware,0.085,0.085,0.115,2945,5886,1,354340,44fa000897a971780b732410f2f44a30c8f6d33acdd3ec896f4bf6d7c7c04d40,assets/tableware-utensils/glassware/glw-0005-clear-stackable-step-waist-tumbler.usdz,previews/tableware-utensils/glassware/glw-0005-clear-stackable-step-waist-tumbler.jpg
GLW-0006,glw-0006-clear-round-bowl-burgundy-glass,Clear Round-Bowl Burgundy Glass,tableware-utensils/glassware,0.105,0.105,0.23,3201,6390,1,375420,6860ed7e986609ccd819f035f22f345651efcccdd2095d85895ad26653c8df1b,assets/tableware-utensils/glassware/glw-0006-clear-round-bowl-burgundy-glass.usdz,previews/tableware-utensils/glassware/glw-0006-clear-round-bowl-burgundy-glass.jpg
GLW-0007,glw-0007-clear-tulip-white-wine-glass,Clear Tulip White-Wine Glass,tableware-utensils/glassware,0.085,0.085,0.215,3393,6774,1,386496,7b515e3e7a58268d52e243b985de40722642198fce785dd974a793e167dcd107,assets/tableware-utensils/glassware/glw-0007-clear-tulip-white-wine-glass.usdz,previews/tableware-utensils/glassware/glw-0007-clear-tulip-white-wine-glass.jpg
GLW-0008,glw-0008-rose-slender-champagne-flute,Rose Slender Champagne Flute,tableware-utensils/glassware,0.07,0.07,0.245,3201,6390,1,388876,a811019a8614f25a1aee2d892fc7a4f5bfe8a8e52f33816d550717f21e80a0c8,assets/tableware-utensils/glassware/glw-0008-rose-slender-champagne-flute.usdz,previews/tableware-utensils/glassware/glw-0008-rose-slender-champagne-flute.jpg
GLW-0009,glw-0009-clear-broad-champagne-coupe,Clear Broad Champagne Coupe,tableware-utensils/glassware,0.11,0.11,0.165,3009,6006,1,363662,e335a93e3ebb3a71d22d5e44f2a57eddae426153f3e840ec2a5d51434b74c3e7,assets/tableware-utensils/glassware/glw-0009-clear-broad-champagne-coupe.usdz,previews/tableware-utensils/glassware/glw-0009-clear-broad-champagne-coupe.jpg
GLW-0010,glw-0010-emerald-six-facet-goblet,Emerald Six-Facet Goblet,tableware-utensils/glassware,0.095,0.095,0.2,1573,3122,1,157681,2c2ca4fc327e493f1b71884da88b597b1125a22395bccfe341aa34ce595c1b91,assets/tableware-utensils/glassware/glw-0010-emerald-six-facet-goblet.usdz,previews/tableware-utensils/glassware/glw-0010-emerald-six-facet-goblet.jpg
GLW-0011,glw-0011-clear-flared-pilsner-glass,Clear Flared Pilsner Glass,tableware-utensils/glassware,0.085,0.085,0.22,2817,5622,1,351654,33b7d4fe0b27ba7830dd6bd321fba187a4aebe5c4804f5824811138cbcd85845,assets/tableware-utensils/glassware/glw-0011-clear-flared-pilsner-glass.usdz,previews/tableware-utensils/glassware/glw-0011-clear-flared-pilsner-glass.jpg
GLW-0012,glw-0012-clear-single-band-nonic-pint-glass,Clear Single-Band Nonic Pint Glass,tableware-utensils/glassware,0.09,0.09,0.155,3009,6014,1,358421,3a156e1a9b468902c37e5284dd33a1753ad24ca595399504381ae1281781c347,assets/tableware-utensils/glassware/glw-0012-clear-single-band-nonic-pint-glass.usdz,previews/tableware-utensils/glassware/glw-0012-clear-single-band-nonic-pint-glass.jpg
GLW-0013,glw-0013-amber-open-handle-beer-mug,Amber Open-Handle Beer Mug,tableware-utensils/glassware,0.145,0.095,0.145,2277,4498,1,261224,b4cecc681a4e0fa0e0d7b28e2e766d6c61895750750ec2dcf5d1fb67aaacc726,assets/tableware-utensils/glassware/glw-0013-amber-open-handle-beer-mug.usdz,previews/tableware-utensils/glassware/glw-0013-amber-open-handle-beer-mug.jpg
GLW-0014,glw-0014-clear-conical-martini-glass,Clear Conical Martini Glass,tableware-utensils/glassware,0.12,0.12,0.18,2561,5110,1,334371,84dea6bfd7f7a3253485cd47f3443c692db4632acbf574631037ee6d52ff76e1,assets/tableware-utensils/glassware/glw-0014-clear-conical-martini-glass.usdz,previews/tableware-utensils/glassware/glw-0014-clear-conical-martini-glass.jpg
GLW-0015,glw-0015-cobalt-curved-hurricane-glass,Cobalt Curved Hurricane Glass,tableware-utensils/glassware,0.095,0.095,0.235,3905,7798,1,387887,75215f369ffef0928d551d5d93540034ce80beb45db63e78891abb1755ba069a,assets/tableware-utensils/glassware/glw-0015-cobalt-curved-hurricane-glass.usdz,previews/tableware-utensils/glassware/glw-0015-cobalt-curved-hurricane-glass.jpg
GLW-0016,glw-0016-clear-inward-rim-whisky-tasting-glass,Clear Inward-Rim Whisky Tasting Glass,tableware-utensils/glassware,0.08,0.08,0.115,3457,6906,1,389609,8920f57819812e4e0276c3d3e4c9ca3547c26c066a02f74a7ebb0959dec9eeed,assets/tableware-utensils/glassware/glw-0016-clear-inward-rim-whisky-tasting-glass.usdz,previews/tableware-utensils/glassware/glw-0016-clear-inward-rim-whisky-tasting-glass.jpg
GLW-0017,glw-0017-smoke-stemless-wine-glass,Smoke Stemless Wine Glass,tableware-utensils/glassware,0.09,0.09,0.12,2177,4350,1,189647,b9549233785b92dcb03a8295bbf2f480c2b5c69de10af33f65a922fffbb8e2a2,assets/tableware-utensils/glassware/glw-0017-smoke-stemless-wine-glass.usdz,previews/tableware-utensils/glassware/glw-0017-smoke-stemless-wine-glass.jpg
GLW-0018,glw-0018-clear-double-wall-espresso-glass,Clear Double-Wall Espresso Glass,tableware-utensils/glassware,0.075,0.075,0.085,4674,9340,1,456342,c83f321e8ab85e791db7e9a99e494b84f137b71d3429bd3d01d6b89da008cae3,assets/tableware-utensils/glassware/glw-0018-clear-double-wall-espresso-glass.usdz,previews/tableware-utensils/glassware/glw-0018-clear-double-wall-espresso-glass.jpg
GLW-0019,glw-0019-clear-long-neck-pouring-carafe,Clear Long-Neck Pouring Carafe,tableware-utensils/glassware,0.13,0.13,0.27,3273,6538,1,375135,72e9e9b1a16d7f3abc1e69884bfe816134243e9222cacbeda5ebf15df52f56b1,assets/tableware-utensils/glassware/glw-0019-clear-long-neck-pouring-carafe.usdz,previews/tableware-utensils/glassware/glw-0019-clear-long-neck-pouring-carafe.jpg
GLW-0020,glw-0020-clear-open-handle-spouted-pitcher,Clear Open-Handle Spouted Pitcher,tableware-utensils/glassware,0.18,0.13,0.22,2669,5278,1,339865,90c700c8ee0884fc65ecf915d4904eff200f964905a9826daca78e50d9030dd8,assets/tableware-utensils/glassware/glw-0020-clear-open-handle-spouted-pitcher.usdz,previews/tableware-utensils/glassware/glw-0020-clear-open-handle-spouted-pitcher.jpg
KTN-0001,ktn-0001-red-silicone-jar-spatula,Red Silicone Jar Spatula,tableware-utensils/kitchen-tools,0.31,0.055,0.018,680,1356,2,474443,e81cf4ecb8f681d937d990fcb24024ea54e86493efe1b066d7d54fba8d0db4d3,assets/tableware-utensils/kitchen-tools/ktn-0001-red-silicone-jar-spatula.usdz,previews/tableware-utensils/kitchen-tools/ktn-0001-red-silicone-jar-spatula.jpg
KTN-0002,ktn-0002-black-four-slot-nylon-turner,Black Four-Slot Nylon Turner,tableware-utensils/kitchen-tools,0.34,0.09,0.025,1874,3760,2,351615,491e47e08b0b5ce5c89922256db64ef418ce818f7298c454cfb341e89b5f9e8e,assets/tableware-utensils/kitchen-tools/ktn-0002-black-four-slot-nylon-turner.usdz,previews/tableware-utensils/kitchen-tools/ktn-0002-black-four-slot-nylon-turner.jpg
KTN-0003,ktn-0003-steel-three-slot-fish-turner,Steel Three-Slot Fish Turner,tableware-utensils/kitchen-tools,0.36,0.08,0.028,1488,2972,2,1023364,4db795c421222ff6f935ed362375b3a565fc2d676f2d76ce758923d74fd01f33,assets/tableware-utensils/kitchen-tools/ktn-0003-steel-three-slot-fish-turner.usdz,previews/tableware-utensils/kitchen-tools/ktn-0003-steel-three-slot-fish-turner.jpg
KTN-0004,ktn-0004-beech-oval-cooking-spoon,Beech Oval Cooking Spoon,tableware-utensils/kitchen-tools,0.33,0.075,0.025,1290,2572,1,331175,7be609c7081372787b74030ba4e967e8670b1b96be18656d03b7b29093bdddb8,assets/tableware-utensils/kitchen-tools/ktn-0004-beech-oval-cooking-spoon.usdz,previews/tableware-utensils/kitchen-tools/ktn-0004-beech-oval-cooking-spoon.jpg
KTN-0005,ktn-0005-steel-ladle-with-blue-handle,Steel Ladle with Blue Handle,tableware-utensils/kitchen-tools,0.34,0.1,0.06,1854,3648,2,631063,9d9499c16a3b4c9dfe31e9eb967fa87882ae70d47fa05fc8540680405d040007,assets/tableware-utensils/kitchen-tools/ktn-0005-steel-ladle-with-blue-handle.usdz,previews/tableware-utensils/kitchen-tools/ktn-0005-steel-ladle-with-blue-handle.jpg
KTN-0006,ktn-0006-eight-wire-balloon-whisk,Eight-Wire Balloon Whisk,tableware-utensils/kitchen-tools,0.32,0.07,0.045,5976,11944,2,841672,c2802accff63816401971f08b4e86885dd9da9dadca416667c14e2cae2fa4831,assets/tableware-utensils/kitchen-tools/ktn-0006-eight-wire-balloon-whisk.usdz,previews/tableware-utensils/kitchen-tools/ktn-0006-eight-wire-balloon-whisk.jpg
KTN-0007,ktn-0007-double-loop-dough-whisk,Double-Loop Dough Whisk,tableware-utensils/kitchen-tools,0.31,0.075,0.035,2392,4772,2,841808,db08fa230e89ef4f5ee1a0f6db30e8f39ce8c487589fca2f50bd589ede9ffe1d,assets/tableware-utensils/kitchen-tools/ktn-0007-double-loop-dough-whisk.usdz,previews/tableware-utensils/kitchen-tools/ktn-0007-double-loop-dough-whisk.jpg
KTN-0008,ktn-0008-locking-scallop-kitchen-tongs,Locking Scallop Kitchen Tongs,tableware-utensils/kitchen-tools,0.3,0.065,0.035,1848,3676,2,593537,e4f982ba1cabe63e63a120a5bd806b7348ed0a8cd18c6589dbe3f2394c766009,assets/tableware-utensils/kitchen-tools/ktn-0008-locking-scallop-kitchen-tongs.usdz,previews/tableware-utensils/kitchen-tools/ktn-0008-locking-scallop-kitchen-tongs.jpg
KTN-0009,ktn-0009-ten-tooth-pasta-server,Ten-Tooth Pasta Server,tableware-utensils/kitchen-tools,0.33,0.085008,0.035,3404,6768,2,437164,ed2bc5d445e13ba35e0f8a8644a57631c0a73d93148671c52af0e5b1cf226097,assets/tableware-utensils/kitchen-tools/ktn-0009-ten-tooth-pasta-server.usdz,previews/tableware-utensils/kitchen-tools/ktn-0009-ten-tooth-pasta-server.jpg
KTN-0010,ktn-0010-twelve-spoke-wire-skimmer,Twelve-Spoke Wire Skimmer,tableware-utensils/kitchen-tools,0.38,0.15,0.05,5080,10100,2,1146485,2ab8966ee8051d0a16e9fd6e8852e4288d3bd7cef122ca00c81882505496f794,assets/tableware-utensils/kitchen-tools/ktn-0010-twelve-spoke-wire-skimmer.usdz,previews/tableware-utensils/kitchen-tools/ktn-0010-twelve-spoke-wire-skimmer.jpg
KTN-0011,ktn-0011-sage-y-vegetable-peeler,Sage Y Vegetable Peeler,tableware-utensils/kitchen-tools,0.18,0.089911,0.019972,1636,3208,2,614726,78b145103155f6993a616c61a6023de70691947c1b3012757fdf13278bc2c279,assets/tableware-utensils/kitchen-tools/ktn-0011-sage-y-vegetable-peeler.usdz,previews/tableware-utensils/kitchen-tools/ktn-0011-sage-y-vegetable-peeler.jpg
KTN-0012,ktn-0012-four-face-stainless-box-grater,Four-Face Stainless Box Grater,tableware-utensils/kitchen-tools,0.115,0.095,0.245,6174,12388,2,884898,2d8932d40b072c3419e8e352d35528313effe66108bf2b50379f51ea9e804cf5,assets/tableware-utensils/kitchen-tools/ktn-0012-four-face-stainless-box-grater.usdz,previews/tableware-utensils/kitchen-tools/ktn-0012-four-face-stainless-box-grater.jpg
KTN-0013,ktn-0013-twelve-hole-garlic-press,Twelve-Hole Garlic Press,tableware-utensils/kitchen-tools,0.19,0.065,0.055,5474,10956,2,841956,cb1c36cda06f3d84ee24e8b2127cd628fe18f796ef1f9eb7e580909fb06affbb,assets/tableware-utensils/kitchen-tools/ktn-0013-twelve-hole-garlic-press.usdz,previews/tableware-utensils/kitchen-tools/ktn-0013-twelve-hole-garlic-press.jpg
KTN-0014,ktn-0014-yellow-seven-hole-citrus-squeezer,Yellow Seven-Hole Citrus Squeezer,tableware-utensils/kitchen-tools,0.23,0.09,0.07,3086,6176,2,1079475,ebd89145d2ab71b3e1c2cf819ad21b26fe796be844b89c8c92bf2604c8f6beff,assets/tableware-utensils/kitchen-tools/ktn-0014-yellow-seven-hole-citrus-squeezer.usdz,previews/tableware-utensils/kitchen-tools/ktn-0014-yellow-seven-hole-citrus-squeezer.jpg
KTN-0015,ktn-0015-red-wheel-pizza-cutter,Red Wheel Pizza Cutter,tableware-utensils/kitchen-tools,0.22,0.08,0.075,1968,3824,3,805117,f302bab859a90fcb7dffd87a1858012375aaca03b926f9a5f8169ab73d8b3493,assets/tableware-utensils/kitchen-tools/ktn-0015-red-wheel-pizza-cutter.usdz,previews/tableware-utensils/kitchen-tools/ktn-0015-red-wheel-pizza-cutter.jpg
KTN-0016,ktn-0016-chrome-geared-can-opener,Chrome Geared Can Opener,tableware-utensils/kitchen-tools,0.21,0.075,0.06,5640,11188,2,808346,82f3360c9d736607bd33a5dfe35b19ed4275415f4654ba70140e8512e3e50a0f,assets/tableware-utensils/kitchen-tools/ktn-0016-chrome-geared-can-opener.usdz,previews/tableware-utensils/kitchen-tools/ktn-0016-chrome-geared-can-opener.jpg
KTN-0017,ktn-0017-five-loop-potato-masher,Five-Loop Potato Masher,tableware-utensils/kitchen-tools,0.33,0.12,0.04,4512,8916,2,788389,0f99ccb6f9d5aa39626b8c05fed1117307d2b7dc178a2c6ec291568b981fafd3,assets/tableware-utensils/kitchen-tools/ktn-0017-five-loop-potato-masher.usdz,previews/tableware-utensils/kitchen-tools/ktn-0017-five-loop-potato-masher.jpg
KTN-0018,ktn-0018-spring-release-ice-cream-scoop,Spring-Release Ice-Cream Scoop,tableware-utensils/kitchen-tools,0.22,0.065,0.055,3306,6500,2,706078,a3086082f66f3d9480e37b6d2e4be892daafeee9606e401f2a3f41684eba465b,assets/tableware-utensils/kitchen-tools/ktn-0018-spring-release-ice-cream-scoop.usdz,previews/tableware-utensils/kitchen-tools/ktn-0018-spring-release-ice-cream-scoop.jpg
KTN-0019,ktn-0019-beech-two-handle-rolling-pin,Beech Two-Handle Rolling Pin,tableware-utensils/kitchen-tools,0.48,0.07,0.07,3188,6352,2,870356,8c7497d769696c74acecccc943f47b3db0b6987cca72eec3277a9413a1cd75b0,assets/tableware-utensils/kitchen-tools/ktn-0019-beech-two-handle-rolling-pin.usdz,previews/tableware-utensils/kitchen-tools/ktn-0019-beech-two-handle-rolling-pin.jpg
KTN-0020,ktn-0020-stone-mortar-and-beech-pestle-set,Stone Mortar and Beech Pestle Set,tableware-utensils/kitchen-tools,0.220001,0.16,0.12,4545,9070,2,803170,d90b792aac1eb57acdc4e4ce9ec06877624a79884fb0204b9860b5ab51fbb853,assets/tableware-utensils/kitchen-tools/ktn-0020-stone-mortar-and-beech-pestle-set.usdz,previews/tableware-utensils/kitchen-tools/ktn-0020-stone-mortar-and-beech-pestle-set.jpg
KNV-0001,knv-0001-black-triple-rivet-chef-knife,Black Triple-Rivet Chef Knife,tableware-utensils/knives,0.335,0.055,0.025,1360,2692,2,557134,46c77261ddb506fd763d7e2e3225e0070103050d24ea83f5c1e801e76101ca18,assets/tableware-utensils/knives/knv-0001-black-triple-rivet-chef-knife.usdz,previews/tableware-utensils/knives/knv-0001-black-triple-rivet-chef-knife.jpg
KNV-0002,knv-0002-walnut-seven-scallop-santoku,Walnut Seven-Scallop Santoku,tableware-utensils/knives,0.305,0.052,0.024,1013,2010,2,1008333,035aca8982f5ce9c0ad4fcd510cbebb6d66b9cd101b3e4079caedf51809a4428,assets/tableware-utensils/knives/knv-0002-walnut-seven-scallop-santoku.usdz,previews/tableware-utensils/knives/knv-0002-walnut-seven-scallop-santoku.jpg
KNV-0003,knv-0003-olivewood-two-handle-mezzaluna,Olivewood Two-Handle Mezzaluna,tableware-utensils/knives,0.28,0.055,0.115,1328,2636,3,1308759,3dd0100e68d37add0da55db52e39bd362e5fe8b7e5ecfcdb9413f614ef25e095,assets/tableware-utensils/knives/knv-0003-olivewood-two-handle-mezzaluna.usdz,previews/tableware-utensils/knives/knv-0003-olivewood-two-handle-mezzaluna.jpg
KNV-0004,knv-0004-three-rivet-vegetable-cleaver,Three-Rivet Vegetable Cleaver,tableware-utensils/knives,0.315,0.1,0.028,1360,2692,2,1004734,6b2c72b2354bb98763a08990cdae867072cd2a678adf46764789d99947d9bcca,assets/tableware-utensils/knives/knv-0004-three-rivet-vegetable-cleaver.usdz,previews/tableware-utensils/knives/knv-0004-three-rivet-vegetable-cleaver.jpg
KNV-0005,knv-0005-blue-six-scallop-nakiri,Blue Six-Scallop Nakiri,tableware-utensils/knives,0.3,0.065,0.024,904,1792,2,575419,824b1f89531b18baa1d185c532197fe9efa8ea80e44d250ac37e21e220c0f22d,assets/tableware-utensils/knives/knv-0005-blue-six-scallop-nakiri.usdz,previews/tableware-utensils/knives/knv-0005-blue-six-scallop-nakiri.jpg
KNV-0006,knv-0006-twelve-tooth-bread-knife,Twelve-Tooth Bread Knife,tableware-utensils/knives,0.365,0.038,0.025,1360,2656,2,612429,a6521caf6c455ffab823ab58a2e9e7cde8acd420c83773f590d880e988285534,assets/tableware-utensils/knives/knv-0006-twelve-tooth-bread-knife.usdz,previews/tableware-utensils/knives/knv-0006-twelve-tooth-bread-knife.jpg
KNV-0007,knv-0007-maple-six-scallop-carving-knife,Maple Six-Scallop Carving Knife,tableware-utensils/knives,0.35,0.04,0.024,1312,2608,2,825803,ab67afe54ee97fc33621cc231899716da8674ed73a806b60da9961a0034504c3,assets/tableware-utensils/knives/knv-0007-maple-six-scallop-carving-knife.usdz,previews/tableware-utensils/knives/knv-0007-maple-six-scallop-carving-knife.jpg
KNV-0008,knv-0008-rounded-tip-ham-slicer,Rounded-Tip Ham Slicer,tableware-utensils/knives,0.39,0.035,0.023,1553,3090,2,605882,3ff4c2504201444d46d9cbdc9c01cec546d07a546514845267f7b4d046c2a7cf,assets/tableware-utensils/knives/knv-0008-rounded-tip-ham-slicer.usdz,previews/tableware-utensils/knives/knv-0008-rounded-tip-ham-slicer.jpg
KNV-0009,knv-0009-walnut-pointed-roast-slicer,Walnut Pointed Roast Slicer,tableware-utensils/knives,0.36,0.038,0.025,1040,2056,2,1016434,2b05403e37b4e9f84709f426c0de5216d630fc0da0460a6aa81891826aa5441a,assets/tableware-utensils/knives/knv-0009-walnut-pointed-roast-slicer.usdz,previews/tableware-utensils/knives/knv-0009-walnut-pointed-roast-slicer.jpg
KNV-0010,knv-0010-offset-ten-tooth-deli-slicer,Offset Ten-Tooth Deli Slicer,tableware-utensils/knives,0.37,0.06,0.06,1312,2564,2,695786,2630f0fa852507aafabae4ec576f07d3058adef08e23c70f0c29aae79695875d,assets/tableware-utensils/knives/knv-0010-offset-ten-tooth-deli-slicer.usdz,previews/tableware-utensils/knives/knv-0010-offset-ten-tooth-deli-slicer.jpg
KNV-0011,knv-0011-six-tooth-utility-knife,Six-Tooth Utility Knife,tableware-utensils/knives,0.245,0.03,0.02,912,1784,2,594219,94e27f7e50eeaa8f8bb015ea23a0d336d34db7118c24c7f82c88cd15e738c480,assets/tableware-utensils/knives/knv-0011-six-tooth-utility-knife.usdz,previews/tableware-utensils/knives/knv-0011-six-tooth-utility-knife.jpg
KNV-0012,knv-0012-red-spear-point-paring-knife,Red Spear-Point Paring Knife,tableware-utensils/knives,0.195,0.028,0.02,616,1212,2,621341,606d4b95c69aea80072a1b29e94941793b0493924840da98c369c76514456017,assets/tableware-utensils/knives/knv-0012-red-spear-point-paring-knife.usdz,previews/tableware-utensils/knives/knv-0012-red-spear-point-paring-knife.jpg
KNV-0013,knv-0013-green-birds-beak-paring-knife,Green Bird's-Beak Paring Knife,tableware-utensils/knives,0.18,0.035,0.02,480,944,2,528004,5069397d5c80cd15cc46cbf8ac157d3a4430a6bb1196159ad95e7a3ad6048a26,assets/tableware-utensils/knives/knv-0013-green-birds-beak-paring-knife.usdz,previews/tableware-utensils/knives/knv-0013-green-birds-beak-paring-knife.jpg
KNV-0014,knv-0014-eight-tooth-tomato-knife,Eight-Tooth Tomato Knife,tableware-utensils/knives,0.23,0.032,0.02,1260,2472,2,724665,9dd3f10878705304f23f1c5d1e781f233fa486ee29b5872763c7f7b8f19914f7,assets/tableware-utensils/knives/knv-0014-eight-tooth-tomato-knife.usdz,previews/tableware-utensils/knives/knv-0014-eight-tooth-tomato-knife.jpg
KNV-0015,knv-0015-blue-sheep-foot-peeling-knife,Blue Sheep-Foot Peeling Knife,tableware-utensils/knives,0.175,0.03,0.019,488,960,2,544029,058db40b9c4ad9a0e9e92043bfe15b72a00e212da802a5059c659c3b53f017e4,assets/tableware-utensils/knives/knv-0015-blue-sheep-foot-peeling-knife.usdz,previews/tableware-utensils/knives/knv-0015-blue-sheep-foot-peeling-knife.jpg
KNV-0016,knv-0016-curved-boning-knife,Curved Boning Knife,tableware-utensils/knives,0.285,0.035,0.024,632,1244,2,540920,b0f5482be61ed09e3aca077e62854d4dfd1323ad94f57a05f6f014b828b1cee7,assets/tableware-utensils/knives/knv-0016-curved-boning-knife.usdz,previews/tableware-utensils/knives/knv-0016-curved-boning-knife.jpg
KNV-0017,knv-0017-teal-five-slot-fillet-knife,Teal Five-Slot Fillet Knife,tableware-utensils/knives,0.345,0.032,0.022,1544,3092,2,611019,acbf29cdb724476f054ccb945a7d5a941fbf352af0825e8a5109cf7fcc7f60dd,assets/tableware-utensils/knives/knv-0017-teal-five-slot-fillet-knife.usdz,previews/tableware-utensils/knives/knv-0017-teal-five-slot-fillet-knife.jpg
KNV-0018,knv-0018-brass-guard-oyster-knife,Brass-Guard Oyster Knife,tableware-utensils/knives,0.165,0.045,0.03,1528,3028,3,1422154,46076bc9246fdad753b894340f4ae0bdff56b1d418ee2d020a5e8822b7e5cea6,assets/tableware-utensils/knives/knv-0018-brass-guard-oyster-knife.usdz,previews/tableware-utensils/knives/knv-0018-brass-guard-oyster-knife.jpg
KNV-0019,knv-0019-three-window-prong-cheese-knife,Three-Window Prong Cheese Knife,tableware-utensils/knives,0.26,0.055,0.022,1356,2708,2,784173,fe4205d0e856957cdec6d0b62510048c186d350d6808822c9f211e5939ba7ebe,assets/tableware-utensils/knives/knv-0019-three-window-prong-cheese-knife.usdz,previews/tableware-utensils/knives/knv-0019-three-window-prong-cheese-knife.jpg
KNV-0020,knv-0020-arched-handle-ulu-knife,Arched-Handle Ulu Knife,tableware-utensils/knives,0.19,0.035,0.135,2228,4392,2,1108778,d5a727f9c6b7778d8e2355cf49f683667dc3be5263e707b8883e78358beb36f7,assets/tableware-utensils/knives/knv-0020-arched-handle-ulu-knife.usdz,previews/tableware-utensils/knives/knv-0020-arched-handle-ulu-knife.jpg
PLB-0001,plb-0001-white-coupe-dinner-plate,White Coupe Dinner Plate,tableware-utensils/plates-bowls,0.28,0.28,0.028,1513,3022,1,291231,8432b21241ab002ce984cffbc1123ce8b5df282a558e00d5409a7e37783b01bc,assets/tableware-utensils/plates-bowls/plb-0001-white-coupe-dinner-plate.usdz,previews/tableware-utensils/plates-bowls/plb-0001-white-coupe-dinner-plate.jpg
PLB-0002,plb-0002-celadon-eight-facet-dinner-plate,Celadon Eight-Facet Dinner Plate,tableware-utensils/plates-bowls,0.275,0.275,0.032,449,894,1,188401,d470c08644ee43743caf938dc31c09a443fb444638658a4eb8d06bd251cb9d85,assets/tableware-utensils/plates-bowls/plb-0002-celadon-eight-facet-dinner-plate.usdz,previews/tableware-utensils/plates-bowls/plb-0002-celadon-eight-facet-dinner-plate.jpg
PLB-0003,plb-0003-navy-two-band-stoneware-plate,Navy Two-Band Stoneware Plate,tableware-utensils/plates-bowls,0.285,0.285,0.034,3241,6478,2,692473,167e50fc20832333bee33184f37cac133843389867fbc0b1423e2e6a9ab3aa60,assets/tableware-utensils/plates-bowls/plb-0003-navy-two-band-stoneware-plate.usdz,previews/tableware-utensils/plates-bowls/plb-0003-navy-two-band-stoneware-plate.jpg
PLB-0004,plb-0004-speckled-rounded-square-dinner-plate,Speckled Rounded-Square Dinner Plate,tableware-utensils/plates-bowls,0.275,0.275,0.033,1797,3590,1,552007,b717d862736cce7809019f33113bea41eec3c6d44cbd251cac6f06364409dbd2,assets/tableware-utensils/plates-bowls/plb-0004-speckled-rounded-square-dinner-plate.usdz,previews/tableware-utensils/plates-bowls/plb-0004-speckled-rounded-square-dinner-plate.jpg
PLB-0005,plb-0005-ivory-twenty-four-bead-charger,Ivory Twenty-Four-Bead Charger,tableware-utensils/plates-bowls,0.32,0.32,0.026,4033,7966,2,750492,63c2557a02edac5af134271457439a643c1bd222bcb0be316d8c75eca7851af3,assets/tableware-utensils/plates-bowls/plb-0005-ivory-twenty-four-bead-charger.usdz,previews/tableware-utensils/plates-bowls/plb-0005-ivory-twenty-four-bead-charger.jpg
PLB-0006,plb-0006-white-gold-rim-side-plate,White Gold-Rim Side Plate,tableware-utensils/plates-bowls,0.205,0.205,0.024,2377,4750,2,747038,5d432c165106b368387168e34082b8d54c46075ff6b51c95f1b566c0a7b28684,assets/tableware-utensils/plates-bowls/plb-0006-white-gold-rim-side-plate.usdz,previews/tableware-utensils/plates-bowls/plb-0006-white-gold-rim-side-plate.jpg
PLB-0007,plb-0007-terracotta-twelve-flute-dessert-plate,Terracotta Twelve-Flute Dessert Plate,tableware-utensils/plates-bowls,0.22,0.22,0.03,3913,7770,2,752639,58f27408d932362b82e4de5fef02a5c728e323ff790a9089f075671237130cf7,assets/tableware-utensils/plates-bowls/plb-0007-terracotta-twelve-flute-dessert-plate.usdz,previews/tableware-utensils/plates-bowls/plb-0007-terracotta-twelve-flute-dessert-plate.jpg
PLB-0008,plb-0008-teal-twelve-scallop-cake-plate,Teal Twelve-Scallop Cake Plate,tableware-utensils/plates-bowls,0.225,0.225,0.028,2857,5710,1,262137,84b07a852851178aa853c4bd2969ec4cc81641d34e0abed3b3bcba4274eadf6f,assets/tableware-utensils/plates-bowls/plb-0008-teal-twelve-scallop-cake-plate.usdz,previews/tableware-utensils/plates-bowls/plb-0008-teal-twelve-scallop-cake-plate.jpg
PLB-0009,plb-0009-clear-eight-rib-glass-dessert-plate,Clear Eight-Rib Glass Dessert Plate,tableware-utensils/plates-bowls,0.215,0.215,0.025,1897,3374,1,329385,929ab70e20366f1727c6e27caa56809b91d7f7ffce9a678e7b8af0cbb4c7d2f7,assets/tableware-utensils/plates-bowls/plb-0009-clear-eight-rib-glass-dessert-plate.usdz,previews/tableware-utensils/plates-bowls/plb-0009-clear-eight-rib-glass-dessert-plate.jpg
PLB-0010,plb-0010-black-rectangular-slate-sushi-plate,Black Rectangular Slate Sushi Plate,tableware-utensils/plates-bowls,0.32,0.15,0.018,1120,2216,1,192078,289fbcabb1689547be8b4594b746205d3662b99564dc62202397716bf356b6c0,assets/tableware-utensils/plates-bowls/plb-0010-black-rectangular-slate-sushi-plate.usdz,previews/tableware-utensils/plates-bowls/plb-0010-black-rectangular-slate-sushi-plate.jpg
PLB-0011,plb-0011-white-coupe-cereal-bowl,White Coupe Cereal Bowl,tableware-utensils/plates-bowls,0.175,0.175,0.08,2161,4314,1,335733,125468c0f73f0d78b57446e6505f072ac0e73decd6dfa1dfe003e60d7175bafe,assets/tableware-utensils/plates-bowls/plb-0011-white-coupe-cereal-bowl.usdz,previews/tableware-utensils/plates-bowls/plb-0011-white-coupe-cereal-bowl.jpg
PLB-0012,plb-0012-cobalt-six-facet-rice-bowl,Cobalt Six-Facet Rice Bowl,tableware-utensils/plates-bowls,0.16,0.16,0.085,577,1146,1,121240,041043f92530a3587105ad0014c5e94ecff1c649f2a8d48ceb0058018c9f3968,assets/tableware-utensils/plates-bowls/plb-0012-cobalt-six-facet-rice-bowl.usdz,previews/tableware-utensils/plates-bowls/plb-0012-cobalt-six-facet-rice-bowl.jpg
PLB-0013,plb-0013-speckled-footed-ramen-bowl,Speckled Footed Ramen Bowl,tableware-utensils/plates-bowls,0.22,0.22,0.105,3025,6042,2,665213,a240d2c82f4645b4f24347dfe4d04ef1cd77697b0232d40e3ac1a529eb2d4735,assets/tableware-utensils/plates-bowls/plb-0013-speckled-footed-ramen-bowl.usdz,previews/tableware-utensils/plates-bowls/plb-0013-speckled-footed-ramen-bowl.jpg
PLB-0014,plb-0014-amber-twelve-rib-glass-salad-bowl,Amber Twelve-Rib Glass Salad Bowl,tableware-utensils/plates-bowls,0.21,0.21,0.095,4897,9162,1,454381,2a2346d5ab47074970243e3c3523586eccc999f6e034f16a911979d7e6689db1,assets/tableware-utensils/plates-bowls/plb-0014-amber-twelve-rib-glass-salad-bowl.usdz,previews/tableware-utensils/plates-bowls/plb-0014-amber-twelve-rib-glass-salad-bowl.jpg
PLB-0015,plb-0015-acacia-oval-table-bowl,Acacia Oval Table Bowl,tableware-utensils/plates-bowls,0.26,0.18,0.085,2161,4314,1,482696,a81b39709992bbc3b96de5584ef02230b0d1bcb89b7294ced8051e74f3985bd2,assets/tableware-utensils/plates-bowls/plb-0015-acacia-oval-table-bowl.usdz,previews/tableware-utensils/plates-bowls/plb-0015-acacia-oval-table-bowl.jpg
PLB-0016,plb-0016-white-wide-rim-pasta-bowl,White Wide-Rim Pasta Bowl,tableware-utensils/plates-bowls,0.29,0.29,0.058,2377,4750,1,351548,1e0d5f91d0e30be8b301ad5941c167eb37adfe53e6c5c76cdae5459b9cb1281d,assets/tableware-utensils/plates-bowls/plb-0016-white-wide-rim-pasta-bowl.usdz,previews/tableware-utensils/plates-bowls/plb-0016-white-wide-rim-pasta-bowl.jpg
PLB-0017,plb-0017-red-four-compartment-divided-plate,Red Four-Compartment Divided Plate,tableware-utensils/plates-bowls,0.27,0.27,0.038,3001,5974,1,322793,8b7d272047b3166d3bc78b96bb453ef53bc9ff25f6b612efdab14e76df9b28ba,assets/tableware-utensils/plates-bowls/plb-0017-red-four-compartment-divided-plate.usdz,previews/tableware-utensils/plates-bowls/plb-0017-red-four-compartment-divided-plate.jpg
PLB-0018,plb-0018-blue-two-handle-soup-bowl,Blue Two-Handle Soup Bowl,tableware-utensils/plates-bowls,0.25,0.18,0.085,3001,5890,1,339541,5f8f2a8e2769e776be0596e1578689a63df90f8f9b280d1ab1bee4242f4d4b9f,assets/tableware-utensils/plates-bowls/plb-0018-blue-two-handle-soup-bowl.usdz,previews/tableware-utensils/plates-bowls/plb-0018-blue-two-handle-soup-bowl.jpg
PLB-0019,plb-0019-cream-three-well-dipping-tray,Cream Three-Well Dipping Tray,tableware-utensils/plates-bowls,0.3,0.1,0.04,4412,8808,1,481959,2f300cba23401c5abf611dd10190ea7578fe991f284c8028b5fbdea838018dcb,assets/tableware-utensils/plates-bowls/plb-0019-cream-three-well-dipping-tray.usdz,previews/tableware-utensils/plates-bowls/plb-0019-cream-three-well-dipping-tray.jpg
PLB-0020,plb-0020-green-two-handle-oval-gratin-bowl,Green Two-Handle Oval Gratin Bowl,tableware-utensils/plates-bowls,0.32,0.18,0.075,2593,5170,1,518902,8556c8fc9075cad9dd3d3ae41c106f6dcabe355661e80f61620bad6671fa7f05,assets/tableware-utensils/plates-bowls/plb-0020-green-two-handle-oval-gratin-bowl.usdz,previews/tableware-utensils/plates-bowls/plb-0020-green-two-handle-oval-gratin-bowl.jpg
SVW-0001,svw-0001-white-oval-coupe-serving-platter,White Oval Coupe Serving Platter,tableware-utensils/servingware,0.42,0.26,0.045,1513,3022,1,291330,2bab98b953d9bed14d4a89643f3c9c41885f2f7a98ea9b140cc26a18c50eb579,assets/tableware-utensils/servingware/svw-0001-white-oval-coupe-serving-platter.usdz,previews/tableware-utensils/servingware/svw-0001-white-oval-coupe-serving-platter.jpg
SVW-0002,svw-0002-black-slate-two-handle-serving-tray,Black Slate Two-Handle Serving Tray,tableware-utensils/servingware,0.45,0.22,0.04,1352,2592,2,248696,50b2eb35398141f2441666fcafdd4a061d3e2df04de8e70be1600e428d35ec87,assets/tableware-utensils/servingware/svw-0002-black-slate-two-handle-serving-tray.usdz,previews/tableware-utensils/servingware/svw-0002-black-slate-two-handle-serving-tray.jpg
SVW-0003,svw-0003-acacia-three-well-appetizer-board,Acacia Three-Well Appetizer Board,tableware-utensils/servingware,0.46,0.18,0.045,2480,4956,1,533453,c08408cf92758b4043347a4107dd1274f12d06bf3e948c20144fa69dcc18dd6f,assets/tableware-utensils/servingware/svw-0003-acacia-three-well-appetizer-board.usdz,previews/tableware-utensils/servingware/svw-0003-acacia-three-well-appetizer-board.jpg
SVW-0004,svw-0004-brass-rail-mirrored-serving-tray,Brass-Rail Mirrored Serving Tray,tableware-utensils/servingware,0.44,0.28,0.065,4305,8486,2,1116345,811b7c9012cdb4ad558356ac9d89bd8a81343d13145d00b5b6521297d6012abb,assets/tableware-utensils/servingware/svw-0004-brass-rail-mirrored-serving-tray.usdz,previews/tableware-utensils/servingware/svw-0004-brass-rail-mirrored-serving-tray.jpg
SVW-0005,svw-0005-celadon-eight-facet-long-platter,Celadon Eight-Facet Long Platter,tableware-utensils/servingware,0.4,0.18,0.045,379,754,1,184034,25517e8869f8ee7193c2541fb63774d3ce1020c645ca98da69a40a357e135dfa,assets/tableware-utensils/servingware/svw-0005-celadon-eight-facet-long-platter.usdz,previews/tableware-utensils/servingware/svw-0005-celadon-eight-facet-long-platter.jpg
SVW-0006,svw-0006-white-footed-pedestal-serving-bowl,White Footed Pedestal Serving Bowl,tableware-utensils/servingware,0.3,0.3,0.16,2161,4314,1,335449,bce89024dba5d488a03eb9d28b6d6abadc0c1d87c9ea151d5f8818ba89756816,assets/tableware-utensils/servingware/svw-0006-white-footed-pedestal-serving-bowl.usdz,previews/tableware-utensils/servingware/svw-0006-white-footed-pedestal-serving-bowl.jpg
SVW-0007,svw-0007-amber-sixteen-rib-glass-serving-bowl,Amber Sixteen-Rib Glass Serving Bowl,tableware-utensils/servingware,0.32,0.32,0.135,5809,10778,1,506839,8608e6fb8ccf6a190f4ba7443c87f033a7cda41d8d3f50ba733eff7d55ccd33f,assets/tableware-utensils/servingware/svw-0007-amber-sixteen-rib-glass-serving-bowl.usdz,previews/tableware-utensils/servingware/svw-0007-amber-sixteen-rib-glass-serving-bowl.jpg
SVW-0008,svw-0008-green-two-handle-oval-serving-dish,Green Two-Handle Oval Serving Dish,tableware-utensils/servingware,0.4,0.24,0.105,2593,5170,1,518139,d7f2e4bde5b94e54b38fb3b552d2f2cb4b5a8de4a89ec6180997a5bd565e06f3,assets/tableware-utensils/servingware/svw-0008-green-two-handle-oval-serving-dish.usdz,previews/tableware-utensils/servingware/svw-0008-green-two-handle-oval-serving-dish.jpg
SVW-0009,svw-0009-cream-triple-bowl-condiment-server,Cream Triple-Bowl Condiment Server,tableware-utensils/servingware,0.42,0.14,0.09,5043,10070,1,539688,b5b5aca02dc4984409b48046c8eb07763c78d2091475810dca4f4bd7f5551e18,assets/tableware-utensils/servingware/svw-0009-cream-triple-bowl-condiment-server.usdz,previews/tableware-utensils/servingware/svw-0009-cream-triple-bowl-condiment-server.jpg
SVW-0010,svw-0010-blue-six-section-chip-dip-platter,Blue Six-Section Chip-and-Dip Platter,tableware-utensils/servingware,0.38,0.38,0.075,4010,7988,1,289303,3ee76032f75a08328869fb6b09f1a593b2b54f5a345e573dabd2af3ae0f91d00,assets/tableware-utensils/servingware/svw-0010-blue-six-section-chip-dip-platter.usdz,previews/tableware-utensils/servingware/svw-0010-blue-six-section-chip-dip-platter.jpg
SVW-0011,svw-0011-clear-open-handle-water-pitcher,Clear Open-Handle Water Pitcher,tableware-utensils/servingware,0.24,0.17,0.3,3161,6210,2,472900,e39df0d4183062a8e745f08bcddbc0b7643fd346fe891965afbf424a7a4d9164,assets/tableware-utensils/servingware/svw-0011-clear-open-handle-water-pitcher.usdz,previews/tableware-utensils/servingware/svw-0011-clear-open-handle-water-pitcher.jpg
SVW-0012,svw-0012-cobalt-six-facet-stoppered-carafe,Cobalt Six-Facet Stoppered Carafe,tableware-utensils/servingware,0.16,0.16,0.33,524,1036,1,118679,0deb6905979a595315d4b63ea7ccfb24123b126607284aab7750edbee8b550b0,assets/tableware-utensils/servingware/svw-0012-cobalt-six-facet-stoppered-carafe.usdz,previews/tableware-utensils/servingware/svw-0012-cobalt-six-facet-stoppered-carafe.jpg
SVW-0013,svw-0013-stainless-open-handle-vacuum-server,Stainless Open-Handle Vacuum Server,tableware-utensils/servingware,0.19,0.15,0.3,2096,4080,2,603354,623810a14bfcdccad8e841ef981c0ebcab07070902c2dcc3779ec96062a1ce92,assets/tableware-utensils/servingware/svw-0013-stainless-open-handle-vacuum-server.usdz,previews/tableware-utensils/servingware/svw-0013-stainless-open-handle-vacuum-server.jpg
SVW-0014,svw-0014-white-gold-band-ceramic-teapot,White Gold-Band Ceramic Teapot,tableware-utensils/servingware,0.300001,0.18,0.21,5238,10400,3,996049,238c8597ae58dca3594ee0fae4c6af892afbb8c608c60a494ba56202f9e335ce,assets/tableware-utensils/servingware/svw-0014-white-gold-band-ceramic-teapot.usdz,previews/tableware-utensils/servingware/svw-0014-white-gold-band-ceramic-teapot.jpg
SVW-0015,svw-0015-amber-spigot-beverage-dispenser,Amber Spigot Beverage Dispenser,tableware-utensils/servingware,0.24,0.22,0.36,4786,9536,2,878898,0b85130e73ab5b9eb7d7a930bce0a45c9cf1cb0433e4a230f9f4849eafded528,assets/tableware-utensils/servingware/svw-0015-amber-spigot-beverage-dispenser.usdz,previews/tableware-utensils/servingware/svw-0015-amber-spigot-beverage-dispenser.jpg
SVW-0016,svw-0016-marble-two-tier-cake-stand,Marble Two-Tier Cake Stand,tableware-utensils/servingware,0.32,0.32,0.36,2624,5232,2,997268,983ff30b60dba73289c363f4a1c760f29b90f865ac9b35c18339d862f5829608,assets/tableware-utensils/servingware/svw-0016-marble-two-tier-cake-stand.usdz,previews/tableware-utensils/servingware/svw-0016-marble-two-tier-cake-stand.jpg
SVW-0017,svw-0017-brass-three-tier-dessert-stand,Brass Three-Tier Dessert Stand,tableware-utensils/servingware,0.3,0.3,0.5,3200,6380,2,844328,0c09cc66579455f0728740eac873065829bbedc10f143f2cdeb2991373e15579,assets/tableware-utensils/servingware/svw-0017-brass-three-tier-dessert-stand.usdz,previews/tableware-utensils/servingware/svw-0017-brass-three-tier-dessert-stand.jpg
SVW-0018,svw-0018-clear-glass-cloche-cake-stand,Clear Glass Cloche Cake Stand,tableware-utensils/servingware,0.32,0.32,0.31,2938,5856,1,414845,f69ffd50ce9e5e7151b876d5a6a06a8279f434f8fd19e97594c8c62f103fb4af,assets/tableware-utensils/servingware/svw-0018-clear-glass-cloche-cake-stand.usdz,previews/tableware-utensils/servingware/svw-0018-clear-glass-cloche-cake-stand.jpg
SVW-0019,svw-0019-white-footed-gravy-boat,White Footed Gravy Boat,tableware-utensils/servingware,0.25,0.11,0.12,2747,5382,1,375820,237ce2608e6d5afa1fddc07e7e84e4738eff2db840657e1088efbca0fa415367,assets/tableware-utensils/servingware/svw-0019-white-footed-gravy-boat.usdz,previews/tableware-utensils/servingware/svw-0019-white-footed-gravy-boat.jpg
SVW-0020,svw-0020-cream-two-handle-lidded-tureen,Cream Two-Handle Lidded Tureen,tableware-utensils/servingware,0.36,0.24,0.25,4139,8254,1,498600,affafa29c22e8664c632df0a32869be65f75140a9ae4d28883cdd766c89e1197,assets/tableware-utensils/servingware/svw-0020-cream-two-handle-lidded-tureen.usdz,previews/tableware-utensils/servingware/svw-0020-cream-two-handle-lidded-tureen.jpg
BLK-0001,blk-0001-oatmeal-linen-twelve-fringe-folded-throw,Oatmeal-Linen Twelve-Fringe Folded Throw,textiles/blankets,0.8,0.55,0.12,4896,9104,2,1031840,871ee5a9f25d4340d60988961be749a62e6c3eab5751a7c1e491c4cbb93a6443,assets/textiles/blankets/blk-0001-oatmeal-linen-twelve-fringe-folded-throw.usdz,previews/textiles/blankets/blk-0001-oatmeal-linen-twelve-fringe-folded-throw.jpg
BLK-0002,blk-0002-camel-wool-herringbone-four-corner-tassel-throw,Camel-Wool Herringbone Four-Corner-Tassel Throw,textiles/blankets,0.72,0.52,0.16,4528,6832,2,986576,8c26612f4a1a8ebbc4972f67013b5fa720c2b0bb163db016b6708765193871e5,assets/textiles/blankets/blk-0002-camel-wool-herringbone-four-corner-tassel-throw.usdz,previews/textiles/blankets/blk-0002-camel-wool-herringbone-four-corner-tassel-throw.jpg
BLK-0003,blk-0003-indigo-cotton-seven-stripe-rolled-blanket,Indigo-Cotton Seven-Stripe Rolled Blanket,textiles/blankets,0.58,0.24,0.24,5984,11964,2,713756,6fcb57cd971dcc10f1add27ac76487e6e5939a7d6427c04c4903d884d455c99d,assets/textiles/blankets/blk-0003-indigo-cotton-seven-stripe-rolled-blanket.usdz,previews/textiles/blankets/blk-0003-indigo-cotton-seven-stripe-rolled-blanket.jpg
BLK-0004,blk-0004-rust-alpaca-five-band-waterfall-throw,Rust-Alpaca Five-Band Waterfall Throw,textiles/blankets,0.84,0.5,0.28,4488,8384,3,1835540,d47d66c884b5a12872c7b5f15d91c6967435e1ec24120549228dbbb9f2af76f7,assets/textiles/blankets/blk-0004-rust-alpaca-five-band-waterfall-throw.usdz,previews/textiles/blankets/blk-0004-rust-alpaca-five-band-waterfall-throw.jpg
BLK-0005,blk-0005-natural-jute-sixteen-fringe-basketweave-blanket,Natural-Jute Sixteen-Fringe Basketweave Blanket,textiles/blankets,0.76,0.56,0.14,5808,10712,1,750327,0f645092090cbf28bd60a2af2bca7afdc040d78b3877a32e42fff44762866df2,assets/textiles/blankets/blk-0005-natural-jute-sixteen-fringe-basketweave-blanket.usdz,previews/textiles/blankets/blk-0005-natural-jute-sixteen-fringe-basketweave-blanket.jpg
BLK-0006,blk-0006-ivory-eight-channel-folded-quilt,Ivory Eight-Channel Folded Quilt,textiles/blankets,0.75,0.55,0.18,3144,6244,1,450998,b19287abd13269c45b6b052114815dc340304c1e7750b6324bbab3bdcb810e35,assets/textiles/blankets/blk-0006-ivory-eight-channel-folded-quilt.usdz,previews/textiles/blankets/blk-0006-ivory-eight-channel-folded-quilt.jpg
BLK-0007,blk-0007-sage-nine-square-patchwork-quilt,Sage Nine-Square Patchwork Quilt,textiles/blankets,0.72,0.56,0.12,3000,5956,2,713718,94daa5867977d366d9752f39931c3e78ce3ebabe872b1a9221b4eb21b0056476,assets/textiles/blankets/blk-0007-sage-nine-square-patchwork-quilt.usdz,previews/textiles/blankets/blk-0007-sage-nine-square-patchwork-quilt.jpg
BLK-0008,blk-0008-blue-and-white-twelve-flying-geese-quilt,Blue-and-White Twelve-Flying-Geese Quilt,textiles/blankets,0.8,0.6,0.1,1920,3784,2,727339,9939eaaeca7103673f40227d19d0f56cf03e7bf364c4a8732f0240f69ffd72ba,assets/textiles/blankets/blk-0008-blue-and-white-twelve-flying-geese-quilt.usdz,previews/textiles/blankets/blk-0008-blue-and-white-twelve-flying-geese-quilt.jpg
BLK-0009,blk-0009-ochre-ten-scallop-edge-quilt,Ochre Ten-Scallop-Edge Quilt,textiles/blankets,0.76,0.54,0.16,3692,6088,2,916370,5f44fcd6791702147414674dbdb2801f673163e6e2f36af58cf551c87a76f54f,assets/textiles/blankets/blk-0009-ochre-ten-scallop-edge-quilt.usdz,previews/textiles/blankets/blk-0009-ochre-ten-scallop-edge-quilt.jpg
BLK-0010,blk-0010-charcoal-twelve-diamond-tuft-quilt,Charcoal Twelve-Diamond-Tuft Quilt,textiles/blankets,0.78,0.56,0.12,4944,9788,2,550424,67d3add094f651f1140775429aebce6863d25ac73ffefb7de0887d182d6502da,assets/textiles/blankets/blk-0010-charcoal-twelve-diamond-tuft-quilt.usdz,previews/textiles/blankets/blk-0010-charcoal-twelve-diamond-tuft-quilt.jpg
BLK-0011,blk-0011-cream-three-braid-cable-knit-blanket,Cream Three-Braid Cable-Knit Blanket,textiles/blankets,0.78,0.54,0.18,22572,44648,2,2216025,b7e4d918db96bf6dda9ce6d4600c4dab32487e5989643b4314a28900a74bf068,assets/textiles/blankets/blk-0011-cream-three-braid-cable-knit-blanket.usdz,previews/textiles/blankets/blk-0011-cream-three-braid-cable-knit-blanket.jpg
BLK-0012,blk-0012-moss-six-rib-chunky-knit-roll,Moss Six-Rib Chunky-Knit Roll,textiles/blankets,0.62,0.28,0.28,8216,16116,2,1227927,981536786783d298087332d41494f0464fb081dc1a85898ef0de8d7f728fd446,assets/textiles/blankets/blk-0012-moss-six-rib-chunky-knit-roll.usdz,previews/textiles/blankets/blk-0012-moss-six-rib-chunky-knit-roll.jpg
BLK-0013,blk-0013-terracotta-twelve-granny-square-crochet-blanket,Terracotta Twelve-Granny-Square Crochet Blanket,textiles/blankets,0.78,0.58,0.14,8664,17228,2,473692,a67adc3aac0ddf49e378c4eae9bd2433f3f46abc00f4a667187d213fbe92c757,assets/textiles/blankets/blk-0013-terracotta-twelve-granny-square-crochet-blanket.usdz,previews/textiles/blankets/blk-0013-terracotta-twelve-granny-square-crochet-blanket.jpg
BLK-0014,blk-0014-ivory-eight-arch-open-lattice-crochet-throw,Ivory Eight-Arch Open-Lattice Crochet Throw,textiles/blankets,0.74,0.52,0.16,7824,15192,2,802914,18889eadb98a67eb393b88b3ef1bd86031025c812365ea6c1a8b3fa79411c08e,assets/textiles/blankets/blk-0014-ivory-eight-arch-open-lattice-crochet-throw.usdz,previews/textiles/blankets/blk-0014-ivory-eight-arch-open-lattice-crochet-throw.jpg
BLK-0015,blk-0015-burgundy-six-pom-pom-seed-stitch-blanket,Burgundy Six-Pom-Pom Seed-Stitch Blanket,textiles/blankets,0.72,0.52,0.15,2796,5536,1,331800,1c159c5cc23149167e70f5a366b4cbdeab10f55c207ebd4b4480406d5b0ca20d,assets/textiles/blankets/blk-0015-burgundy-six-pom-pom-seed-stitch-blanket.usdz,previews/textiles/blankets/blk-0015-burgundy-six-pom-pom-seed-stitch-blanket.jpg
BLK-0016,blk-0016-olive-two-strap-waxed-canvas-camp-blanket,Olive Two-Strap Waxed-Canvas Camp Blanket,textiles/blankets,0.6,0.3,0.3,2528,5052,3,1171522,c95badea823565e9f0ab85cd63ba505c961424e50c657b8d08794c910b1d7190,assets/textiles/blankets/blk-0016-olive-two-strap-waxed-canvas-camp-blanket.usdz,previews/textiles/blankets/blk-0016-olive-two-strap-waxed-canvas-camp-blanket.jpg
BLK-0017,blk-0017-silver-ten-panel-pleated-thermal-blanket,Silver Ten-Panel Pleated Thermal Blanket,textiles/blankets,0.65,0.45,0.12,3144,6244,2,815053,178550d32b20c61e040ff47fcc1370e9b707c26c835bfcb7142a94eb9be337eb,assets/textiles/blankets/blk-0017-silver-ten-panel-pleated-thermal-blanket.usdz,previews/textiles/blankets/blk-0017-silver-ten-panel-pleated-thermal-blanket.jpg
BLK-0018,blk-0018-navy-sixteen-pocket-weighted-blanket,Navy Sixteen-Pocket Weighted Blanket,textiles/blankets,0.76,0.58,0.1,4632,8988,2,825220,b5ac5a2e89a0e76b110e1c1752d2cefa1672fb8b995ecc0ba2c72672745deca3,assets/textiles/blankets/blk-0018-navy-sixteen-pocket-weighted-blanket.usdz,previews/textiles/blankets/blk-0018-navy-sixteen-pocket-weighted-blanket.jpg
BLK-0019,blk-0019-sand-three-fold-reversible-sherpa-blanket,Sand Three-Fold Reversible Sherpa Blanket,textiles/blankets,0.74,0.54,0.2,792,1564,2,1025151,127c8c9fa7a5775b1b0ee686aa6d6ae73131bcf4fecc5872fff9a309dc426541,assets/textiles/blankets/blk-0019-sand-three-fold-reversible-sherpa-blanket.usdz,previews/textiles/blankets/blk-0019-sand-three-fold-reversible-sherpa-blanket.jpg
BLK-0020,blk-0020-red-and-black-four-panel-picnic-carry-blanket,Red-and-Black Four-Panel Picnic Carry Blanket,textiles/blankets,0.55,0.18,0.32,2364,4640,3,536694,5d5a515751377b2cd6a7d1db3cdba04676caf4059f9eb1dd300f4802e4f5bf9f,assets/textiles/blankets/blk-0020-red-and-black-four-panel-picnic-carry-blanket.usdz,previews/textiles/blankets/blk-0020-red-and-black-four-panel-picnic-carry-blanket.jpg
CUR-0001,cur-0001-ivory-linen-eight-pinch-pleat-curtain-pair,Ivory-Linen Eight-Pinch-Pleat Curtain Pair,textiles/curtains,1.8,0.18,2.4,4120,8188,2,860743,64bbf52a058156ac15a77f9726310ca6504cd78536e390b26326d1a2328e6034,assets/textiles/curtains/cur-0001-ivory-linen-eight-pinch-pleat-curtain-pair.usdz,previews/textiles/curtains/cur-0001-ivory-linen-eight-pinch-pleat-curtain-pair.jpg
CUR-0002,cur-0002-navy-velvet-six-goblet-pleat-curtain-pair,Navy-Velvet Six-Goblet-Pleat Curtain Pair,textiles/curtains,1.7,0.22,2.45,4444,8740,2,1091545,453d120fa75aafd889143cc244b51f27c62e69e8adb93b6bac67646bd180bb09,assets/textiles/curtains/cur-0002-navy-velvet-six-goblet-pleat-curtain-pair.usdz,previews/textiles/curtains/cur-0002-navy-velvet-six-goblet-pleat-curtain-pair.jpg
CUR-0003,cur-0003-sage-cotton-ten-box-pleat-curtain,Sage-Cotton Ten-Box-Pleat Curtain,textiles/curtains,1.6,0.16,2.3,4666,9280,2,997887,9867a27dd4d6ec37937d394e466fb4a0eacd99fee651b88e246de84cc7866b7d,assets/textiles/curtains/cur-0003-sage-cotton-ten-box-pleat-curtain.usdz,previews/textiles/curtains/cur-0003-sage-cotton-ten-box-pleat-curtain.jpg
CUR-0004,cur-0004-charcoal-wool-eight-inverted-pleat-curtain-pair,Charcoal-Wool Eight-Inverted-Pleat Curtain Pair,textiles/curtains,1.9,0.2,2.5,4076,8100,2,910191,1ca8a882a76bfbbffa322c0e1b6992676a18260d30a6bb0c150db3ac1ad6e178,assets/textiles/curtains/cur-0004-charcoal-wool-eight-inverted-pleat-curtain-pair.usdz,previews/textiles/curtains/cur-0004-charcoal-wool-eight-inverted-pleat-curtain-pair.jpg
CUR-0005,cur-0005-camel-twill-twelve-grommet-curtain-pair,Camel-Twill Twelve-Grommet Curtain Pair,textiles/curtains,1.8,0.18,2.35,7092,14164,2,806277,74624204776087af0a7717f3916e86afe5b20b8860fe3c6abd00fd196347078b,assets/textiles/curtains/cur-0005-camel-twill-twelve-grommet-curtain-pair.usdz,previews/textiles/curtains/cur-0005-camel-twill-twelve-grommet-curtain-pair.jpg
CUR-0006,cur-0006-white-voile-fourteen-wave-sheer-pair,White-Voile Fourteen-Wave Sheer Pair,textiles/curtains,2.0,0.14,2.4,6332,11924,2,1101828,5dc993031774d477e908a1f7a44e82725e066423bed16c39b322128aaf3b1d23,assets/textiles/curtains/cur-0006-white-voile-fourteen-wave-sheer-pair.usdz,previews/textiles/curtains/cur-0006-white-voile-fourteen-wave-sheer-pair.jpg
CUR-0007,cur-0007-blush-organza-three-layer-waterfall-curtain,Blush-Organza Three-Layer Waterfall Curtain,textiles/curtains,1.6,0.22,2.3,8814,17300,2,1245203,6bda385b6565853e53e0104ee7f6e4fd67b36b5d9b3d0db74c0f637ce960aa83,assets/textiles/curtains/cur-0007-blush-organza-three-layer-waterfall-curtain.usdz,previews/textiles/curtains/cur-0007-blush-organza-three-layer-waterfall-curtain.jpg
CUR-0008,cur-0008-oatmeal-linen-three-layer-blackout-ensemble,Oatmeal-Linen Three-Layer Blackout Ensemble,textiles/curtains,2.2,0.24,2.45,4106,8084,3,1280249,d8d8c36268d17f928cb35afbfe0db2cf38618fbbb3a1c078570eae04393955a7,assets/textiles/curtains/cur-0008-oatmeal-linen-three-layer-blackout-ensemble.usdz,previews/textiles/curtains/cur-0008-oatmeal-linen-three-layer-blackout-ensemble.jpg
CUR-0009,cur-0009-dusty-blue-gauze-eight-tie-top-curtain,Dusty-Blue Gauze Eight-Tie-Top Curtain,textiles/curtains,1.5,0.16,2.2,6162,12280,2,1136123,1f25b47623681e286034805e66edd02d6b32ec104d76b9af3aeadacef701fc69,assets/textiles/curtains/cur-0009-dusty-blue-gauze-eight-tie-top-curtain.usdz,previews/textiles/curtains/cur-0009-dusty-blue-gauze-eight-tie-top-curtain.jpg
CUR-0010,cur-0010-ecru-lace-twelve-arch-hem-sheer,Ecru-Lace Twelve-Arch-Hem Sheer,textiles/curtains,1.7,0.12,2.25,15850,30968,3,1590774,c7171708e480aa38d7b1fad12ac9dab733e6e60dd189ef2926340f597c8643f6,assets/textiles/curtains/cur-0010-ecru-lace-twelve-arch-hem-sheer.usdz,previews/textiles/curtains/cur-0010-ecru-lace-twelve-arch-hem-sheer.jpg
CUR-0011,cur-0011-burgundy-five-swag-two-jabot-valance-set,Burgundy Five-Swag Two-Jabot Valance Set,textiles/curtains,2.0,0.25,1.0,4636,8460,2,1097190,552e7faa0031ce6e9dfea5bb5cc8922283b902965005d69ad83fd4030b2244fe,assets/textiles/curtains/cur-0011-burgundy-five-swag-two-jabot-valance-set.usdz,previews/textiles/curtains/cur-0011-burgundy-five-swag-two-jabot-valance-set.jpg
CUR-0012,cur-0012-ochre-nine-scallop-cafe-curtain-pair,Ochre Nine-Scallop Café Curtain Pair,textiles/curtains,1.6,0.16,1.1,10900,21208,2,1292931,1f1284aa0ce91092904f80aa76234e8af95eaa8fb2909209f06e94b4b6926488,assets/textiles/curtains/cur-0012-ochre-nine-scallop-cafe-curtain-pair.usdz,previews/textiles/curtains/cur-0012-ochre-nine-scallop-cafe-curtain-pair.jpg
CUR-0013,cur-0013-terracotta-seven-tab-top-curtain-panel,Terracotta Seven-Tab-Top Curtain Panel,textiles/curtains,1.4,0.15,2.25,3206,6392,3,1447705,5e9f300fd91b825fa5430006af929d12d388622b6ae1e67fb864b653cccfe434,assets/textiles/curtains/cur-0013-terracotta-seven-tab-top-curtain-panel.usdz,previews/textiles/curtains/cur-0013-terracotta-seven-tab-top-curtain-panel.jpg
CUR-0014,cur-0014-forest-green-six-band-border-curtain-pair,Forest-Green Six-Band Border Curtain Pair,textiles/curtains,1.8,0.18,2.35,3688,7332,3,1411698,65deaa79e19784a02769ca7006dddfaa6b8b218b0ca571ed899e86c19f6affcd,assets/textiles/curtains/cur-0014-forest-green-six-band-border-curtain-pair.usdz,previews/textiles/curtains/cur-0014-forest-green-six-band-border-curtain-pair.jpg
CUR-0015,cur-0015-cream-eight-pouf-austrian-shade,Cream Eight-Pouf Austrian Shade,textiles/curtains,1.5,0.28,1.8,9066,16636,3,1770335,832e19545d0320a76429a12c91a7aff515eb1a20fd01254c92a946899dde143b,assets/textiles/curtains/cur-0015-cream-eight-pouf-austrian-shade.usdz,previews/textiles/curtains/cur-0015-cream-eight-pouf-austrian-shade.jpg
CUR-0016,cur-0016-black-two-panel-magnetic-blackout-curtain,Black Two-Panel Magnetic Blackout Curtain,textiles/curtains,1.8,0.2,2.4,3068,6100,2,550444,673cba5627f1a6ffdebf430394f976e8df6effaa69985eb2f08b45c673537324,assets/textiles/curtains/cur-0016-black-two-panel-magnetic-blackout-curtain.usdz,previews/textiles/curtains/cur-0016-black-two-panel-magnetic-blackout-curtain.jpg
CUR-0017,cur-0017-silver-six-channel-thermal-curtain,Silver Six-Channel Thermal Curtain,textiles/curtains,1.7,0.18,2.3,2410,4788,2,545146,fd65ca770bb19e05537c98440ec9b879fcdb60a7c7fa64ff1ad26bdbc7a8613b,assets/textiles/curtains/cur-0017-silver-six-channel-thermal-curtain.usdz,previews/textiles/curtains/cur-0017-silver-six-channel-thermal-curtain.jpg
CUR-0018,cur-0018-sand-and-white-ten-stripe-outdoor-curtain-pair,Sand-and-White Ten-Stripe Outdoor Curtain Pair,textiles/curtains,1.9,0.2,2.3,9172,18196,3,1671522,766f12f7386fdcef769c490b8971ac198e05b168bb30bedd899467b9c7813b80,assets/textiles/curtains/cur-0018-sand-and-white-ten-stripe-outdoor-curtain-pair.usdz,previews/textiles/curtains/cur-0018-sand-and-white-ten-stripe-outdoor-curtain-pair.jpg
CUR-0019,cur-0019-slate-five-panel-acoustic-track-curtain,Slate Five-Panel Acoustic Track Curtain,textiles/curtains,2.1,0.3,2.5,6458,12664,2,991544,1ac7e4fd4c67eae4d14ac297681eaec91b612c2d7bd35639eae2f6833cf7bb09,assets/textiles/curtains/cur-0019-slate-five-panel-acoustic-track-curtain.usdz,previews/textiles/curtains/cur-0019-slate-five-panel-acoustic-track-curtain.jpg
CUR-0020,cur-0020-red-stage-two-panel-grand-drape-set,Red-Stage Two-Panel Grand-Drape Set,textiles/curtains,2.4,0.35,2.6,5316,10144,3,1636726,c752f92dfc1e177b060f812cf19573a1645cf277d38b6e8ad48a089049e6a2ed,assets/textiles/curtains/cur-0020-red-stage-two-panel-grand-drape-set.usdz,previews/textiles/curtains/cur-0020-red-stage-two-panel-grand-drape-set.jpg
CSH-0001,csh-0001-ivory-linen-four-corner-tassel-square-cushion,Ivory-Linen Four-Corner-Tassel Square Cushion,textiles/cushions,0.5,0.16,0.5,8912,16064,2,1368060,bc8690f1550ee399e21d1318fc06fdece9972cdc2033873d9aca84b8918b71d9,assets/textiles/cushions/csh-0001-ivory-linen-four-corner-tassel-square-cushion.usdz,previews/textiles/cushions/csh-0001-ivory-linen-four-corner-tassel-square-cushion.jpg
CSH-0002,csh-0002-indigo-cotton-five-stripe-knife-edge-cushion,Indigo-Cotton Five-Stripe Knife-Edge Cushion,textiles/cushions,0.52,0.15,0.48,2016,3932,2,664161,f51a6ee50fda28fd47e650c22a671b07e82b3fb352c724d169d4fc37fc1bbacf,assets/textiles/cushions/csh-0002-indigo-cotton-five-stripe-knife-edge-cushion.usdz,previews/textiles/cushions/csh-0002-indigo-cotton-five-stripe-knife-edge-cushion.jpg
CSH-0003,csh-0003-sage-nine-patch-quilted-cushion,Sage Nine-Patch Quilted Cushion,textiles/cushions,0.48,0.14,0.48,2928,5688,2,873891,b79eca5a9ca1ff6227be5741b0c305e7bcf04cbfcf91677ded800ce06098abb7,assets/textiles/cushions/csh-0003-sage-nine-patch-quilted-cushion.usdz,previews/textiles/cushions/csh-0003-sage-nine-patch-quilted-cushion.jpg
CSH-0004,csh-0004-rust-velvet-twelve-ray-sunburst-cushion,Rust-Velvet Twelve-Ray Sunburst Cushion,textiles/cushions,0.5,0.17,0.5,2066,4000,2,885434,3d1bb701f09f3c5d1c4232b4ac3d0888a0397cec3a1482b1fe23c7f14a36c94c,assets/textiles/cushions/csh-0004-rust-velvet-twelve-ray-sunburst-cushion.usdz,previews/textiles/cushions/csh-0004-rust-velvet-twelve-ray-sunburst-cushion.jpg
CSH-0005,csh-0005-black-and-cream-four-quadrant-reversible-cushion,Black-and-Cream Four-Quadrant Reversible Cushion,textiles/cushions,0.54,0.16,0.46,2208,4164,3,629912,a751b846736219b49cec6a10009c6eabb7ae8bc3a5b3b620f168e3a04678c11c,assets/textiles/cushions/csh-0005-black-and-cream-four-quadrant-reversible-cushion.usdz,previews/textiles/cushions/csh-0005-black-and-cream-four-quadrant-reversible-cushion.jpg
CSH-0006,csh-0006-ochre-six-channel-box-cushion,Ochre Six-Channel Box Cushion,textiles/cushions,0.56,0.22,0.46,2280,4404,2,902353,1999c945f40904c69d6ea3d45669cd158afe15a09f8dcf4108165770b40485f9,assets/textiles/cushions/csh-0006-ochre-six-channel-box-cushion.usdz,previews/textiles/cushions/csh-0006-ochre-six-channel-box-cushion.jpg
CSH-0007,csh-0007-charcoal-twelve-biscuit-tuft-cushion,Charcoal Twelve-Biscuit Tuft Cushion,textiles/cushions,0.54,0.2,0.5,6720,13264,2,533276,3598d0b48e32038bed15fdd3cc01257c8c6786940daad693514d45cb20965720,assets/textiles/cushions/csh-0007-charcoal-twelve-biscuit-tuft-cushion.usdz,previews/textiles/cushions/csh-0007-charcoal-twelve-biscuit-tuft-cushion.jpg
CSH-0008,csh-0008-camel-leather-four-button-welted-cushion,Camel-Leather Four-Button Welted Cushion,textiles/cushions,0.52,0.18,0.48,2228,4308,2,1089679,7ac43e1d3a33df675f84194114a1eda55b2bc501a73bc82b1590cf82b75732d4,assets/textiles/cushions/csh-0008-camel-leather-four-button-welted-cushion.usdz,previews/textiles/cushions/csh-0008-camel-leather-four-button-welted-cushion.jpg
CSH-0009,csh-0009-blue-eight-gusset-octagonal-floor-cushion,Blue Eight-Gusset Octagonal Floor Cushion,textiles/cushions,0.62,0.62,0.24,1610,2764,2,838046,ff071749393ad87bdfae49614f368efc72377c9a35777e1a6a50f23f84f694de,assets/textiles/cushions/csh-0009-blue-eight-gusset-octagonal-floor-cushion.usdz,previews/textiles/cushions/csh-0009-blue-eight-gusset-octagonal-floor-cushion.jpg
CSH-0010,csh-0010-burgundy-nine-button-chesterfield-cushion,Burgundy Nine-Button Chesterfield Cushion,textiles/cushions,0.56,0.2,0.5,5082,9736,2,922081,dca352422528e1c377afbfd25e88df9c9f6d944c930a0b60b32275e55f692759,assets/textiles/cushions/csh-0010-burgundy-nine-button-chesterfield-cushion.usdz,previews/textiles/cushions/csh-0010-burgundy-nine-button-chesterfield-cushion.jpg
CSH-0011,csh-0011-cream-three-band-cylindrical-bolster,Cream Three-Band Cylindrical Bolster,textiles/cushions,0.7,0.28,0.28,2356,4700,2,959897,3eb0ed1729f9540d16263fc08d202d82b4cf1ea89081180af199e98cf99d8a6d,assets/textiles/cushions/csh-0011-cream-three-band-cylindrical-bolster.usdz,previews/textiles/cushions/csh-0011-cream-three-band-cylindrical-bolster.jpg
CSH-0012,csh-0012-forest-velvet-sixteen-pleat-bolster,Forest-Velvet Sixteen-Pleat Bolster,textiles/cushions,0.64,0.3,0.3,8788,16668,2,1277012,d72230279c7ad000ecd10d2b325d65e71545ea8cd1680c9f373d7737e1620961,assets/textiles/cushions/csh-0012-forest-velvet-sixteen-pleat-bolster.usdz,previews/textiles/cushions/csh-0012-forest-velvet-sixteen-pleat-bolster.jpg
CSH-0013,csh-0013-terracotta-twelve-segment-round-cushion,Terracotta Twelve-Segment Round Cushion,textiles/cushions,0.48,0.48,0.18,2282,4508,2,948971,efa950b9accf97f9c6df8edb1d20a413bf8d696ae78fe24788e82538b52bfc1f,assets/textiles/cushions/csh-0013-terracotta-twelve-segment-round-cushion.usdz,previews/textiles/cushions/csh-0013-terracotta-twelve-segment-round-cushion.jpg
CSH-0014,csh-0014-blush-sixteen-channel-ring-cushion,Blush Sixteen-Channel Ring Cushion,textiles/cushions,0.52,0.52,0.18,4992,9216,1,662507,f6057538e9762140133d01c1e091bcda18de08f2967c2cbbc47d5671757926a0,assets/textiles/cushions/csh-0014-blush-sixteen-channel-ring-cushion.usdz,previews/textiles/cushions/csh-0014-blush-sixteen-channel-ring-cushion.jpg
CSH-0015,csh-0015-slate-five-channel-half-moon-lumbar-cushion,Slate Five-Channel Half-Moon Lumbar Cushion,textiles/cushions,0.58,0.2,0.36,1500,2976,2,583160,fe7fb75f71421020961c2dedca2a0b11a1311634328d6ef6235f065d0f32bfa3,assets/textiles/cushions/csh-0015-slate-five-channel-half-moon-lumbar-cushion.usdz,previews/textiles/cushions/csh-0015-slate-five-channel-half-moon-lumbar-cushion.jpg
CSH-0016,csh-0016-mustard-five-point-piped-star-cushion,Mustard Five-Point Piped Star Cushion,textiles/cushions,0.56,0.18,0.56,626,1244,2,1194245,30e07cd5d62eb883104fab743d9ee68db70719fcc463404c12880532d87cb2ae,assets/textiles/cushions/csh-0016-mustard-five-point-piped-star-cushion.usdz,previews/textiles/cushions/csh-0016-mustard-five-point-piped-star-cushion.jpg
CSH-0017,csh-0017-white-five-lobe-cloud-cushion,White Five-Lobe Cloud Cushion,textiles/cushions,0.58,0.16,0.38,7272,14016,2,1565613,b62b7dcac1980aef4f6f4f706ac14b0df226c4ce92d31efea63cfc78378fbf02,assets/textiles/cushions/csh-0017-white-five-lobe-cloud-cushion.usdz,previews/textiles/cushions/csh-0017-white-five-lobe-cloud-cushion.jpg
CSH-0018,csh-0018-oatmeal-three-loop-knot-cushion,Oatmeal Three-Loop Knot Cushion,textiles/cushions,0.48,0.42,0.34,11520,23040,1,1443686,8fb27905d295cfcf9e3d8df15cbed59e54e812e57b9cca3438ba010b3271014d,assets/textiles/cushions/csh-0018-oatmeal-three-loop-knot-cushion.usdz,previews/textiles/cushions/csh-0018-oatmeal-three-loop-knot-cushion.jpg
CSH-0019,csh-0019-sand-and-navy-four-strap-outdoor-seat-cushion,Sand-and-Navy Four-Strap Outdoor Seat Cushion,textiles/cushions,0.58,0.48,0.12,2784,5276,2,734421,c62356b006f3f28879fe7025db839f67b24515c804d8fb6768257201cc062040,assets/textiles/cushions/csh-0019-sand-and-navy-four-strap-outdoor-seat-cushion.usdz,previews/textiles/cushions/csh-0019-sand-and-navy-four-strap-outdoor-seat-cushion.jpg
CSH-0020,csh-0020-plum-sixteen-pleat-meditation-zafu,Plum Sixteen-Pleat Meditation Zafu,textiles/cushions,0.42,0.42,0.2,5028,9928,2,985754,9d91728b467c95ebae0ceda22443bd28544a1877900e75c06887360fa76278bc,assets/textiles/cushions/csh-0020-plum-sixteen-pleat-meditation-zafu.usdz,previews/textiles/cushions/csh-0020-plum-sixteen-pleat-meditation-zafu.jpg
RUG-0001,rug-0001-ivory-and-navy-seven-stripe-fringe-flatweave-rug,Ivory-and-Navy Seven-Stripe Fringe Flatweave Rug,textiles/rugs,1.8,1.2,0.025,3168,5056,2,691403,6c05be053589407208545e97f94e359214ddfe2c874aecb409ad6430716466d4,assets/textiles/rugs/rug-0001-ivory-and-navy-seven-stripe-fringe-flatweave-rug.usdz,previews/textiles/rugs/rug-0001-ivory-and-navy-seven-stripe-fringe-flatweave-rug.jpg
RUG-0002,rug-0002-terracotta-and-cream-twelve-diamond-flatweave-rug,Terracotta-and-Cream Twelve-Diamond Flatweave Rug,textiles/rugs,2.0,1.4,0.03,1944,3836,2,746945,d71f4e7a614c19216f83469a950de864250c98046fd0ea2b9919211b4e7fe0ff,assets/textiles/rugs/rug-0002-terracotta-and-cream-twelve-diamond-flatweave-rug.usdz,previews/textiles/rugs/rug-0002-terracotta-and-cream-twelve-diamond-flatweave-rug.jpg
RUG-0003,rug-0003-charcoal-and-ochre-nine-block-grid-rug,Charcoal-and-Ochre Nine-Block Grid Rug,textiles/rugs,1.8,1.2,0.028,2448,4856,2,507625,60dffc76110f469323642e5b2fd8143d6b6ddc0ff4380de3fa3974d4d5498ae3,assets/textiles/rugs/rug-0003-charcoal-and-ochre-nine-block-grid-rug.usdz,previews/textiles/rugs/rug-0003-charcoal-and-ochre-nine-block-grid-rug.jpg
RUG-0004,rug-0004-sage-eight-chevron-flatweave-runner,Sage Eight-Chevron Flatweave Runner,textiles/rugs,2.4,0.75,0.025,1896,2532,2,714983,74bb7b039cf3cb221992e13f9e292b0cf681532b02beb8b2f6405cb75ce50320,assets/textiles/rugs/rug-0004-sage-eight-chevron-flatweave-runner.usdz,previews/textiles/rugs/rug-0004-sage-eight-chevron-flatweave-runner.jpg
RUG-0005,rug-0005-indigo-and-white-sixteen-check-flatweave-rug,Indigo-and-White Sixteen-Check Flatweave Rug,textiles/rugs,1.6,1.2,0.026,3960,7852,2,648067,aba1616e5c42d6263cfccb7b86c3f3b5e12ea67b8c07daaa7ecc4906ca660886,assets/textiles/rugs/rug-0005-indigo-and-white-sixteen-check-flatweave-rug.usdz,previews/textiles/rugs/rug-0005-indigo-and-white-sixteen-check-flatweave-rug.jpg
RUG-0006,rug-0006-cream-twelve-ray-round-sunburst-rug,Cream Twelve-Ray Round Sunburst Rug,textiles/rugs,1.6,1.6,0.055,2816,5576,2,1392451,9f49be175c42350be5027924f8ddc710d826e92e397240ce3d8211f70e9bd3ad,assets/textiles/rugs/rug-0006-cream-twelve-ray-round-sunburst-rug.usdz,previews/textiles/rugs/rug-0006-cream-twelve-ray-round-sunburst-rug.jpg
RUG-0007,rug-0007-rust-eight-arch-scallop-tufted-rug,Rust Eight-Arch Scallop Tufted Rug,textiles/rugs,1.8,1.2,0.06,1752,3084,2,870521,9c3beb4b79c4be2799380c1235d55c76e05fe4cfe1719adfbe8f334be9ba9916,assets/textiles/rugs/rug-0007-rust-eight-arch-scallop-tufted-rug.usdz,previews/textiles/rugs/rug-0007-rust-eight-arch-scallop-tufted-rug.jpg
RUG-0008,rug-0008-forest-nine-tile-high-low-tufted-rug,Forest Nine-Tile High-Low Tufted Rug,textiles/rugs,1.8,1.2,0.07,2448,4856,2,742104,dda8ef04c1d8ee4693daeabfb2f8770d1b4f3a559cfc3a9c3795a939a65b050b,assets/textiles/rugs/rug-0008-forest-nine-tile-high-low-tufted-rug.usdz,previews/textiles/rugs/rug-0008-forest-nine-tile-high-low-tufted-rug.jpg
RUG-0009,rug-0009-blush-six-wave-contour-tufted-rug,Blush Six-Wave Contour Tufted Rug,textiles/rugs,1.9,1.3,0.065,14256,28196,2,1758781,e96e4e81528615ef6e25e1e005883926ca7de6336be2aa3ac975ef307c469aec,assets/textiles/rugs/rug-0009-blush-six-wave-contour-tufted-rug.usdz,previews/textiles/rugs/rug-0009-blush-six-wave-contour-tufted-rug.jpg
RUG-0010,rug-0010-navy-and-tan-twenty-four-dot-tufted-rug,Navy-and-Tan Twenty-Four-Dot Tufted Rug,textiles/rugs,1.8,1.2,0.06,6648,13196,2,956971,0312d0b216874896d4eac99e72a6756a2ab01bba7fa4cb10317ab119cf0fc929,assets/textiles/rugs/rug-0010-navy-and-tan-twenty-four-dot-tufted-rug.usdz,previews/textiles/rugs/rug-0010-navy-and-tan-twenty-four-dot-tufted-rug.jpg
RUG-0011,rug-0011-natural-jute-three-ring-round-braided-rug,Natural-Jute Three-Ring Round Braided Rug,textiles/rugs,1.5,1.5,0.04,3584,7160,2,1216818,dc957795e69e6f4673650b2d2624f4bedb9a2ba26df760b511a74db74d530b1d,assets/textiles/rugs/rug-0011-natural-jute-three-ring-round-braided-rug.usdz,previews/textiles/rugs/rug-0011-natural-jute-three-ring-round-braided-rug.jpg
RUG-0012,rug-0012-oatmeal-sisal-twelve-spoke-oval-rug,Oatmeal-Sisal Twelve-Spoke Oval Rug,textiles/rugs,1.8,1.2,0.04,1920,3208,2,1152216,e64bea40bd73693a28360fa5fe51e429f5a5efd4956b43af97061fffc13ee377,assets/textiles/rugs/rug-0012-oatmeal-sisal-twelve-spoke-oval-rug.usdz,previews/textiles/rugs/rug-0012-oatmeal-sisal-twelve-spoke-oval-rug.jpg
RUG-0013,rug-0013-camel-five-band-rope-runner,Camel Five-Band Rope Runner,textiles/rugs,2.2,0.7,0.045,1584,3144,2,1016728,ae87ea70b67603fefa19f11efc8dd26a4ca4bdcda58600490796218bd375b679,assets/textiles/rugs/rug-0013-camel-five-band-rope-runner.usdz,previews/textiles/rugs/rug-0013-camel-five-band-rope-runner.jpg
RUG-0014,rug-0014-sand-sixteen-segment-basketweave-round-rug,Sand Sixteen-Segment Basketweave Round Rug,textiles/rugs,1.6,1.6,0.045,3968,7032,2,1278840,12bc30378bcb73b7e54ece9870c310e7a92ab1d23a24a26d3c53f4450691c9cf,assets/textiles/rugs/rug-0014-sand-sixteen-segment-basketweave-round-rug.usdz,previews/textiles/rugs/rug-0014-sand-sixteen-segment-basketweave-round-rug.jpg
RUG-0015,rug-0015-brown-four-loop-braided-oval-doormat,Brown Four-Loop Braided Oval Doormat,textiles/rugs,1.0,0.65,0.05,3072,6136,2,1170379,c4f9ed6434087bed74a649f9c160a30252038ecd2f182407eb8e69a5765896a1,assets/textiles/rugs/rug-0015-brown-four-loop-braided-oval-doormat.usdz,previews/textiles/rugs/rug-0015-brown-four-loop-braided-oval-doormat.jpg
RUG-0016,rug-0016-ivory-five-petal-flower-shag-rug,Ivory Five-Petal Flower Shag Rug,textiles/rugs,1.5,1.5,0.075,3232,6436,2,1518566,a303ef278979d0c30450afaed501aaf07055f4563b1de220cfcf586d05c74a25,assets/textiles/rugs/rug-0016-ivory-five-petal-flower-shag-rug.usdz,previews/textiles/rugs/rug-0016-ivory-five-petal-flower-shag-rug.jpg
RUG-0017,rug-0017-white-nine-lobe-cloud-boucle-rug,White Nine-Lobe Cloud Boucle Rug,textiles/rugs,1.7,1.1,0.065,4056,8072,2,1397440,ca82905e3dcf613f10dd7145de012b10bdd5f79da148c07878b8512ab84c272a,assets/textiles/rugs/rug-0017-white-nine-lobe-cloud-boucle-rug.usdz,previews/textiles/rugs/rug-0017-white-nine-lobe-cloud-boucle-rug.jpg
RUG-0018,rug-0018-mustard-eight-point-star-rug,Mustard Eight-Point Star Rug,textiles/rugs,1.6,1.6,0.055,960,1912,2,1164305,3720dbee47a47f9921a24644b8a9f3e7532959937a58db2d9601b42139e76e3b,assets/textiles/rugs/rug-0018-mustard-eight-point-star-rug.usdz,previews/textiles/rugs/rug-0018-mustard-eight-point-star-rug.jpg
RUG-0019,rug-0019-blue-six-arc-rainbow-rug,Blue Six-Arc Rainbow Rug,textiles/rugs,1.6,0.95,0.07,2720,5116,3,1812336,cc7d5fd60fad334f3457f8cd3f9ecc44854ab474d301c147d6fe8f5e3d105b15,assets/textiles/rugs/rug-0019-blue-six-arc-rainbow-rug.usdz,previews/textiles/rugs/rug-0019-blue-six-arc-rainbow-rug.jpg
RUG-0020,rug-0020-slate-and-ivory-eight-pebble-organic-rug,Slate-and-Ivory Eight-Pebble Organic Rug,textiles/rugs,1.8,1.3,0.07,3576,7116,3,1587083,c67404e7905837a533bc174111c6b9a4f07ebb6d45099486a3a4b9f569d16dea,assets/textiles/rugs/rug-0020-slate-and-ivory-eight-pebble-organic-rug.usdz,previews/textiles/rugs/rug-0020-slate-and-ivory-eight-pebble-organic-rug.jpg
